fixture_name,partition,condition,solver,node_name,node_type,server_count,qlen,util,respt,residt,tput
A1_chain_d3_N50,A1,baseline,LN,P1,Processor,1,NaN,0.0,NaN,NaN,NaN
A1_chain_d3_N50,A1,baseline,LN,P2,Processor,1,NaN,0.0,NaN,NaN,NaN
A1_chain_d3_N50,A1,baseline,LN,P3,Processor,1,NaN,0.9999979704154855,NaN,NaN,NaN
A1_chain_d3_N50,A1,baseline,LN,T1,RefTask,1,47.50000494682127,0.0,NaN,0.0,4.999989882775424
A1_chain_d3_N50,A1,baseline,LN,T2,Task,1,47.5000048020056,0.0,NaN,0.0,4.999989849608722
A1_chain_d3_N50,A1,baseline,LN,T3,Task,1,47.500004995727075,0.9999979704154855,NaN,9.500020280239461,4.999989852077428
A1_chain_d3_N50,A1,baseline,LN,E1,Entry,1,47.50000494682127,NaN,9.500020212131847,NaN,4.999989882775424
A1_chain_d3_N50,A1,baseline,LN,E2,Entry,1,47.5000048020056,NaN,9.500020246185649,NaN,4.999989849608722
A1_chain_d3_N50,A1,baseline,LN,E3,Entry,1,47.500004995727075,NaN,9.500020280239461,NaN,4.999989852077428
A1_chain_d3_N50,A1,baseline,LN,AS1,Activity,1,47.50000500266082,0.0,9.500020223299776,0.0,4.999989882775425
A1_chain_d3_N50,A1,baseline,LN,AS2,Activity,1,47.500004857835926,0.0,9.500020257351734,0.0,4.999989849608724
A1_chain_d3_N50,A1,baseline,LN,AS3,Activity,1,47.500004995727245,0.9999979704154855,9.500020280239497,9.500020280239461,4.9999898520774275
A1_chain_d5_N20,A1,baseline,LN,P1,Processor,1,NaN,0.0,NaN,NaN,NaN
A1_chain_d5_N20,A1,baseline,LN,P2,Processor,1,NaN,0.0,NaN,NaN,NaN
A1_chain_d5_N20,A1,baseline,LN,P3,Processor,1,NaN,0.0,NaN,NaN,NaN
A1_chain_d5_N20,A1,baseline,LN,P4,Processor,1,NaN,0.0,NaN,NaN,NaN
A1_chain_d5_N20,A1,baseline,LN,P5,Processor,1,NaN,0.9999999995870154,NaN,NaN,NaN
A1_chain_d5_N20,A1,baseline,LN,T1,RefTask,1,17.49999968501972,0.0,NaN,0.0,5.00000009327198
A1_chain_d5_N20,A1,baseline,LN,T2,Task,1,17.499999619500155,0.0,NaN,0.0,5.000000074593261
A1_chain_d5_N20,A1,baseline,LN,T3,Task,1,17.499999524755577,0.0,NaN,0.0,5.000000047545326
A1_chain_d5_N20,A1,baseline,LN,T4,Task,1,17.499999413735054,0.0,NaN,0.0,5.000000015836509
A1_chain_d5_N20,A1,baseline,LN,T5,Task,1,17.499999351059362,0.9999999995870154,NaN,3.4999998716573186,4.9999999979350775
A1_chain_d5_N20,A1,baseline,LN,E1,Entry,1,17.49999968501972,NaN,3.4999998717135603,NaN,5.00000009327198
A1_chain_d5_N20,A1,baseline,LN,E2,Entry,1,17.499999619500155,NaN,3.49999987168475,NaN,5.000000074593261
A1_chain_d5_N20,A1,baseline,LN,E3,Entry,1,17.499999524755577,NaN,3.4999998716693885,NaN,5.000000047545326
A1_chain_d5_N20,A1,baseline,LN,E4,Entry,1,17.499999413735054,NaN,3.499999871661455,NaN,5.000000015836509
A1_chain_d5_N20,A1,baseline,LN,E5,Entry,1,17.499999351059362,NaN,3.499999871657318,NaN,4.9999999979350775
A1_chain_d5_N20,A1,baseline,LN,AS1,Activity,1,17.499999742793754,0.0,3.4999998832683654,0.0,5.000000093271982
A1_chain_d5_N20,A1,baseline,LN,AS2,Activity,1,17.499999679087317,0.0,3.49999988360218,0.0,5.000000074593264
A1_chain_d5_N20,A1,baseline,LN,AS3,Activity,1,17.499999574917176,0.0,3.4999998817017066,0.0,5.000000047545328
A1_chain_d5_N20,A1,baseline,LN,AS4,Activity,1,17.49999946150795,0.0,3.499999881216033,0.0,5.000000015836511
A1_chain_d5_N20,A1,baseline,LN,AS5,Activity,1,17.49999935123793,0.9999999995870154,3.499999871693032,3.4999998716573186,4.999999997935077
A1_chain_d5_N50,A1,baseline,LN,P1,Processor,1,NaN,0.0,NaN,NaN,NaN
A1_chain_d5_N50,A1,baseline,LN,P2,Processor,1,NaN,0.0,NaN,NaN,NaN
A1_chain_d5_N50,A1,baseline,LN,P3,Processor,1,NaN,0.0,NaN,NaN,NaN
A1_chain_d5_N50,A1,baseline,LN,P4,Processor,1,NaN,0.0,NaN,NaN,NaN
A1_chain_d5_N50,A1,baseline,LN,P5,Processor,1,NaN,0.9999979704148649,NaN,NaN,NaN
A1_chain_d5_N50,A1,baseline,LN,T1,RefTask,1,47.5000047541264,0.0,NaN,0.0,4.9999899323190276
A1_chain_d5_N50,A1,baseline,LN,T2,Task,1,47.50000468049747,0.0,NaN,0.0,4.999989906660799
A1_chain_d5_N50,A1,baseline,LN,T3,Task,1,47.50000457514106,0.0,NaN,0.0,4.999989877655769
A1_chain_d5_N50,A1,baseline,LN,T4,Task,1,47.50000445211477,0.0,NaN,0.0,4.999989846786846
A1_chain_d5_N50,A1,baseline,LN,T5,Task,1,47.50000467259403,0.9999979704148649,NaN,9.500020215618616,4.999989852074326
A1_chain_d5_N50,A1,baseline,LN,E1,Entry,1,47.5000047541264,NaN,9.500020079459558,NaN,4.9999899323190276
A1_chain_d5_N50,A1,baseline,LN,E2,Entry,1,47.50000468049747,NaN,9.500020113484577,NaN,4.999989906660799
A1_chain_d5_N50,A1,baseline,LN,E3,Entry,1,47.50000457514106,NaN,9.50002014752304,NaN,4.999989877655769
A1_chain_d5_N50,A1,baseline,LN,E4,Entry,1,47.50000445211477,NaN,9.500020181568928,NaN,4.999989846786846
A1_chain_d5_N50,A1,baseline,LN,E5,Entry,1,47.50000467259403,NaN,9.500020215618616,NaN,4.999989852074326
A1_chain_d5_N50,A1,baseline,LN,AS1,Activity,1,47.5000048277192,0.0,9.500020094178147,0.0,4.999989932319028
A1_chain_d5_N50,A1,baseline,LN,AS2,Activity,1,47.50000474590424,0.0,9.500020126565955,0.0,4.999989906660801
A1_chain_d5_N50,A1,baseline,LN,AS3,Activity,1,47.50000463612274,0.0,9.500020159719398,0.0,4.99998987765577
A1_chain_d5_N50,A1,baseline,LN,AS4,Activity,1,47.50000451070803,0.0,9.5000201932876,0.0,4.999989846786848
A1_chain_d5_N50,A1,baseline,LN,AS5,Activity,1,47.500004672772555,0.9999979704148649,9.500020215654322,9.500020215618616,4.999989852074325
A1_chain_d5_N100,A1,baseline,LN,P1,Processor,1,NaN,0.0,NaN,NaN,NaN
A1_chain_d5_N100,A1,baseline,LN,P2,Processor,1,NaN,0.0,NaN,NaN,NaN
A1_chain_d5_N100,A1,baseline,LN,P3,Processor,1,NaN,0.0,NaN,NaN,NaN
A1_chain_d5_N100,A1,baseline,LN,P4,Processor,1,NaN,0.0,NaN,NaN,NaN
A1_chain_d5_N100,A1,baseline,LN,P5,Processor,1,NaN,1.000000156141607,NaN,NaN,NaN
A1_chain_d5_N100,A1,baseline,LN,T1,RefTask,1,97.49999930724907,0.0,NaN,0.0,5.000000825884317
A1_chain_d5_N100,A1,baseline,LN,T2,Task,1,97.49999922743241,0.0,NaN,0.0,5.000000812515762
A1_chain_d5_N100,A1,baseline,LN,T3,Task,1,97.49999911505768,0.0,NaN,0.0,5.0000007974741125
A1_chain_d5_N100,A1,baseline,LN,T4,Task,1,97.49999898454993,0.0,NaN,0.0,5.000000781500664
A1_chain_d5_N100,A1,baseline,LN,T5,Task,1,97.49999915008713,1.000000156141607,NaN,19.49999678525659,5.000000780708035
A1_chain_d5_N100,A1,baseline,LN,E1,Entry,1,97.49999930724907,NaN,19.499996640501532,NaN,5.000000825884317
A1_chain_d5_N100,A1,baseline,LN,E2,Entry,1,97.49999922743241,NaN,19.49999667667555,NaN,5.000000812515762
A1_chain_d5_N100,A1,baseline,LN,E3,Entry,1,97.49999911505768,NaN,19.49999671286302,NaN,5.0000007974741125
A1_chain_d5_N100,A1,baseline,LN,E4,Entry,1,97.49999898454993,NaN,19.499996749057903,NaN,5.000000781500664
A1_chain_d5_N100,A1,baseline,LN,E5,Entry,1,97.49999915008713,NaN,19.49999678525659,NaN,5.000000780708035
A1_chain_d5_N100,A1,baseline,LN,AS1,Activity,1,97.49999938084353,0.0,19.499996655220418,0.0,5.000000825884318
A1_chain_d5_N100,A1,baseline,LN,AS2,Activity,1,97.49999929284014,0.0,19.49999668975709,0.0,5.000000812515763
A1_chain_d5_N100,A1,baseline,LN,AS3,Activity,1,97.49999917603989,0.0,19.499996725059457,0.0,5.000000797474113
A1_chain_d5_N100,A1,baseline,LN,AS4,Activity,1,97.49999904314355,0.0,19.49999676077662,0.0,5.000000781500665
A1_chain_d5_N100,A1,baseline,LN,AS5,Activity,1,97.49999915026565,1.000000156141607,19.499996785292304,19.49999678525659,5.000000780708033
A1_chain_d8_N50,A1,baseline,LN,P1,Processor,1,NaN,0.0,NaN,NaN,NaN
A1_chain_d8_N50,A1,baseline,LN,P2,Processor,1,NaN,0.0,NaN,NaN,NaN
A1_chain_d8_N50,A1,baseline,LN,P3,Processor,1,NaN,0.0,NaN,NaN,NaN
A1_chain_d8_N50,A1,baseline,LN,P4,Processor,1,NaN,0.0,NaN,NaN,NaN
A1_chain_d8_N50,A1,baseline,LN,P5,Processor,1,NaN,0.0,NaN,NaN,NaN
A1_chain_d8_N50,A1,baseline,LN,P6,Processor,1,NaN,0.0,NaN,NaN,NaN
A1_chain_d8_N50,A1,baseline,LN,P7,Processor,1,NaN,0.0,NaN,NaN,NaN
A1_chain_d8_N50,A1,baseline,LN,P8,Processor,1,NaN,0.9999979704143631,NaN,NaN,NaN
A1_chain_d8_N50,A1,baseline,LN,T1,RefTask,1,47.499852246830194,0.0,NaN,0.0,4.999973859710776
A1_chain_d8_N50,A1,baseline,LN,T2,Task,1,47.49991157875652,0.0,NaN,0.0,4.999980140030745
A1_chain_d8_N50,A1,baseline,LN,T3,Task,1,47.49994803835214,0.0,NaN,0.0,4.999983990407447
A1_chain_d8_N50,A1,baseline,LN,T4,Task,1,47.49997028775172,0.0,NaN,0.0,4.999986332033339
A1_chain_d8_N50,A1,baseline,LN,T5,Task,1,47.49998376687098,0.0,NaN,0.0,4.99998774299908
A1_chain_d8_N50,A1,baseline,LN,T6,Task,1,47.49999186871386,0.0,NaN,0.0,4.999988583635201
A1_chain_d8_N50,A1,baseline,LN,T7,Task,1,47.499996713824125,0.0,NaN,0.0,4.999989078790438
A1_chain_d8_N50,A1,baseline,LN,T8,Task,1,47.50000421437115,0.9999979704143631,NaN,9.500020123978624,4.999989852071816
A1_chain_d8_N50,A1,baseline,LN,E1,Entry,1,47.499852246830194,NaN,9.500020116020732,NaN,4.999973859710776
A1_chain_d8_N50,A1,baseline,LN,E2,Entry,1,47.49991157875652,NaN,9.500020049772525,NaN,4.999980140030745
A1_chain_d8_N50,A1,baseline,LN,E3,Entry,1,47.49994803835214,NaN,9.5000200259604,NaN,4.999983990407447
A1_chain_d8_N50,A1,baseline,LN,E4,Entry,1,47.49997028775172,NaN,9.500020026741744,NaN,4.999986332033339
A1_chain_d8_N50,A1,baseline,LN,E5,Entry,1,47.49998376687098,NaN,9.500020041725074,NaN,4.99998774299908
A1_chain_d8_N50,A1,baseline,LN,E6,Entry,1,47.49999186871386,NaN,9.500020064881705,NaN,4.999988583635201
A1_chain_d8_N50,A1,baseline,LN,E7,Entry,1,47.499996713824125,NaN,9.50002009310688,NaN,4.999989078790438
A1_chain_d8_N50,A1,baseline,LN,E8,Entry,1,47.50000421437115,NaN,9.500020123978624,NaN,4.999989852071816
A1_chain_d8_N50,A1,baseline,LN,AS1,Activity,1,47.499886743773516,0.0,9.500027015445465,0.0,4.999973859710777
A1_chain_d8_N50,A1,baseline,LN,AS2,Activity,1,47.49993204126442,0.0,9.500024142290359,0.0,4.999980140030747
A1_chain_d8_N50,A1,baseline,LN,AS3,Activity,1,47.499960129692994,0.0,9.500022444236311,0.0,4.999983990407449
A1_chain_d8_N50,A1,baseline,LN,AS4,Activity,1,47.499977410958266,0.0,9.500021451386946,0.0,4.99998633203334
A1_chain_d8_N50,A1,baseline,LN,AS5,Activity,1,47.49998795555328,0.0,9.500020879463586,0.0,4.999987742999081
A1_chain_d8_N50,A1,baseline,LN,AS6,Activity,1,47.49999433183585,0.0,9.500020557507222,0.0,4.999988583635203
A1_chain_d8_N50,A1,baseline,LN,AS7,Activity,1,47.49999816488342,0.0,9.500020383319372,0.0,4.999989078790439
A1_chain_d8_N50,A1,baseline,LN,AS8,Activity,1,47.50000441166108,0.9999979704143631,9.500020163436691,9.500020123978624,4.999989852071815
A2_multiclassA_2refs_loadLow_N20,A2,baseline,LN,PR,Processor,1,NaN,0.0,NaN,NaN,NaN
A2_multiclassA_2refs_loadLow_N20,A2,baseline,LN,PS,Processor,1,NaN,1.0001063900185159,NaN,NaN,NaN
A2_multiclassA_2refs_loadLow_N20,A2,baseline,LN,R1,RefTask,1,17.999787156292438,0.0,NaN,0.0,1.0001064030021525
A2_multiclassA_2refs_loadLow_N20,A2,baseline,LN,R2,RefTask,1,17.999787156292435,0.0,NaN,0.0,1.0001064030021525
A2_multiclassA_2refs_loadLow_N20,A2,baseline,LN,TS,Task,1,35.99957432316795,1.0001063900185159,NaN,17.99787236760954,2.0002127800370317
A2_multiclassA_2refs_loadLow_N20,A2,baseline,LN,ER1,Entry,1,17.999787156292438,NaN,17.99787212866559,NaN,1.0001064030021525
A2_multiclassA_2refs_loadLow_N20,A2,baseline,LN,ER2,Entry,1,17.999787156292435,NaN,17.997872128665588,NaN,1.0001064030021525
A2_multiclassA_2refs_loadLow_N20,A2,baseline,LN,ES1,Entry,1,17.999787161583978,NaN,17.997872367609546,NaN,1.0001063900185156
A2_multiclassA_2refs_loadLow_N20,A2,baseline,LN,ES2,Entry,1,17.999787161583974,NaN,17.99787236760954,NaN,1.0001063900185159
A2_multiclassA_2refs_loadLow_N20,A2,baseline,LN,A1,Activity,1,17.99978717560692,0.0,17.997872147978008,0.0,1.000106403002153
A2_multiclassA_2refs_loadLow_N20,A2,baseline,LN,A2,Activity,1,17.99978717560692,0.0,17.997872147978004,0.0,1.0001064030021531
A2_multiclassA_2refs_loadLow_N20,A2,baseline,LN,AS1,Activity,1,17.999787161583974,0.5000531950092578,17.997872367609542,8.99893618380477,1.0001063900185156
A2_multiclassA_2refs_loadLow_N20,A2,baseline,LN,AS2,Activity,1,17.999787161583978,0.5000531950092579,17.997872367609542,8.998936183804771,1.0001063900185159
A2_multiclassA_2refs_loadHigh_N20,A2,baseline,LN,PR,Processor,1,NaN,0.0,NaN,NaN,NaN
A2_multiclassA_2refs_loadHigh_N20,A2,baseline,LN,PS,Processor,1,NaN,1.0000399935822575,NaN,NaN,NaN
A2_multiclassA_2refs_loadHigh_N20,A2,baseline,LN,R1,RefTask,1,19.333306637752056,0.0,NaN,0.0,0.33334666894254317
A2_multiclassA_2refs_loadHigh_N20,A2,baseline,LN,R2,RefTask,1,19.333306637752056,0.0,NaN,0.0,0.33334666894254317
A2_multiclassA_2refs_loadHigh_N20,A2,baseline,LN,TS,Task,1,38.66661327844729,1.0000399935822575,NaN,57.997600385869156,0.6666933290548382
A2_multiclassA_2refs_loadHigh_N20,A2,baseline,LN,ER1,Entry,1,19.333306637752056,NaN,57.997599613285516,NaN,0.33334666894254317
A2_multiclassA_2refs_loadHigh_N20,A2,baseline,LN,ER2,Entry,1,19.333306637752056,NaN,57.997599613285516,NaN,0.33334666894254317
A2_multiclassA_2refs_loadHigh_N20,A2,baseline,LN,ES1,Entry,1,19.333306639223643,NaN,57.99760038586917,NaN,0.3333466645274191
A2_multiclassA_2refs_loadHigh_N20,A2,baseline,LN,ES2,Entry,1,19.333306639223643,NaN,57.997600385869156,NaN,0.3333466645274192
A2_multiclassA_2refs_loadHigh_N20,A2,baseline,LN,A1,Activity,1,19.333306650398825,0.0,57.99759965122428,0.0,0.33334666894254333
A2_multiclassA_2refs_loadHigh_N20,A2,baseline,LN,A2,Activity,1,19.333306650398825,0.0,57.99759965122426,0.0,0.3333466689425434
A2_multiclassA_2refs_loadHigh_N20,A2,baseline,LN,AS1,Activity,1,19.333306639223647,0.5000199967911287,57.99760038586918,28.998800192934578,0.3333466645274191
A2_multiclassA_2refs_loadHigh_N20,A2,baseline,LN,AS2,Activity,1,19.33330663922365,0.5000199967911287,57.99760038586918,28.998800192934578,0.3333466645274192
A2_multiclassA_2refs_loadLow_N50,A2,baseline,LN,PR,Processor,1,NaN,0.0,NaN,NaN,NaN
A2_multiclassA_2refs_loadLow_N50,A2,baseline,LN,PS,Processor,1,NaN,1.0000076303201215,NaN,NaN,NaN
A2_multiclassA_2refs_loadLow_N50,A2,baseline,LN,R1,RefTask,1,47.99998470025562,0.0,NaN,0.0,1.000007634166125
A2_multiclassA_2refs_loadLow_N50,A2,baseline,LN,R2,RefTask,1,47.99998470025563,0.0,NaN,0.0,1.000007634166125
A2_multiclassA_2refs_loadLow_N50,A2,baseline,LN,TS,Task,1,95.99996937555584,1.0000076303201215,NaN,47.999618435323534,2.0000152606402435
A2_multiclassA_2refs_loadLow_N50,A2,baseline,LN,ER1,Entry,1,47.99998470025562,NaN,47.999618263195856,NaN,1.000007634166125
A2_multiclassA_2refs_loadLow_N50,A2,baseline,LN,ER2,Entry,1,47.99998470025563,NaN,47.99961826319587,NaN,1.000007634166125
A2_multiclassA_2refs_loadLow_N50,A2,baseline,LN,ES1,Entry,1,47.99998468777789,NaN,47.99961843532352,NaN,1.0000076303201215
A2_multiclassA_2refs_loadLow_N50,A2,baseline,LN,ES2,Entry,1,47.999984687777946,NaN,47.99961843532356,NaN,1.0000076303201217
A2_multiclassA_2refs_loadLow_N50,A2,baseline,LN,A1,Activity,1,47.99998471607666,0.0,47.99961827901677,0.0,1.0000076341661253
A2_multiclassA_2refs_loadLow_N50,A2,baseline,LN,A2,Activity,1,47.99998471607666,0.0,47.99961827901677,0.0,1.0000076341661253
A2_multiclassA_2refs_loadLow_N50,A2,baseline,LN,AS1,Activity,1,47.999984687777925,0.5000038151600608,47.999618435323555,23.999809217661763,1.0000076303201215
A2_multiclassA_2refs_loadLow_N50,A2,baseline,LN,AS2,Activity,1,47.99998468777793,0.5000038151600608,47.99961843532356,23.99980921766177,1.0000076303201215
A2_multiclassA_2refs_loadHigh_N50,A2,baseline,LN,PR,Processor,1,NaN,0.0,NaN,NaN,NaN
A2_multiclassA_2refs_loadHigh_N50,A2,baseline,LN,PS,Processor,1,NaN,1.000002628334637,NaN,NaN,NaN
A2_multiclassA_2refs_loadHigh_N50,A2,baseline,LN,R1,RefTask,1,49.33333156058438,0.0,NaN,0.0,0.33333421067110025
A2_multiclassA_2refs_loadHigh_N50,A2,baseline,LN,R2,RefTask,1,49.33333156058435,0.0,NaN,0.0,0.33333421067110025
A2_multiclassA_2refs_loadHigh_N50,A2,baseline,LN,TS,Task,1,98.66666311238828,1.000002628334637,NaN,147.99960567609256,0.6666684188897579
A2_multiclassA_2refs_loadHigh_N50,A2,baseline,LN,ER1,Entry,1,49.33333156058438,NaN,147.99960514482387,NaN,0.33333421067110025
A2_multiclassA_2refs_loadHigh_N50,A2,baseline,LN,ER2,Entry,1,49.33333156058435,NaN,147.9996051448238,NaN,0.33333421067110025
A2_multiclassA_2refs_loadHigh_N50,A2,baseline,LN,ES1,Entry,1,49.33333155619415,NaN,147.9996056760926,NaN,0.33333420944487896
A2_multiclassA_2refs_loadHigh_N50,A2,baseline,LN,ES2,Entry,1,49.33333155619413,NaN,147.99960567609253,NaN,0.333334209444879
A2_multiclassA_2refs_loadHigh_N50,A2,baseline,LN,A1,Activity,1,49.333331569738554,0.0,147.99960517228627,0.0,0.3333342106711004
A2_multiclassA_2refs_loadHigh_N50,A2,baseline,LN,A2,Activity,1,49.333331569738554,0.0,147.99960517228627,0.0,0.3333342106711004
A2_multiclassA_2refs_loadHigh_N50,A2,baseline,LN,AS1,Activity,1,49.33333155619413,0.5000013141673185,147.99960567609256,73.99980283804629,0.33333420944487896
A2_multiclassA_2refs_loadHigh_N50,A2,baseline,LN,AS2,Activity,1,49.33333155619413,0.5000013141673185,147.99960567609256,73.99980283804626,0.33333420944487896
A2_multiclassB_2refs_demands_3to1_N20,A2,baseline,LN,PR,Processor,1,NaN,0.0,NaN,NaN,NaN
A2_multiclassB_2refs_demands_3to1_N20,A2,baseline,LN,PS,Processor,1,NaN,1.0000747114813902,NaN,NaN,NaN
A2_multiclassB_2refs_demands_3to1_N20,A2,baseline,LN,R1,RefTask,1,19.311256988850083,0.0,NaN,0.0,0.34445820275725697
A2_multiclassB_2refs_demands_3to1_N20,A2,baseline,LN,R2,RefTask,1,18.06639770213173,0.0,NaN,0.0,0.9667739371307618
A2_multiclassB_2refs_demands_3to1_N20,A2,baseline,LN,TS,Task,1,37.37750326628971,1.0000747114813902,NaN,28.505680501396668,1.3112325253577313
A2_multiclassB_2refs_demands_3to1_N20,A2,baseline,LN,ER1,Entry,1,19.311256988850083,NaN,56.0627003052063,NaN,0.34445820275725697
A2_multiclassB_2refs_demands_3to1_N20,A2,baseline,LN,ER2,Entry,1,18.06639770213173,NaN,18.68730321356206,NaN,0.9667739371307618
A2_multiclassB_2refs_demands_3to1_N20,A2,baseline,LN,ES1,Entry,1,19.31101874948243,NaN,56.06196862528771,NaN,0.34445844880252496
A2_multiclassB_2refs_demands_3to1_N20,A2,baseline,LN,ES2,Entry,1,18.066484516807282,NaN,18.6873903168582,NaN,0.966774076555206
A2_multiclassB_2refs_demands_3to1_N20,A2,baseline,LN,A1,Activity,1,19.310998156338538,0.0,56.06194888599352,0.0,0.344458202757257
A2_multiclassB_2refs_demands_3to1_N20,A2,baseline,LN,A2,Activity,1,18.06648188794863,0.0,18.687390292675037,0.0,0.9667739371307621
A2_multiclassB_2refs_demands_3to1_N20,A2,baseline,LN,AS1,Activity,1,19.311068758390068,0.5166876732037872,56.06211380653621,14.72746185220291,0.34445844880252474
A2_multiclassB_2refs_demands_3to1_N20,A2,baseline,LN,AS2,Activity,1,18.066466101682302,0.483387038277603,18.687371268845403,13.778218649193759,0.966774076555206
A2_multiclassB_2refs_demands_5to1_N20,A2,baseline,LN,PR,Processor,1,NaN,0.0,NaN,NaN,NaN
A2_multiclassB_2refs_demands_5to1_N20,A2,baseline,LN,PS,Processor,1,NaN,1.00006749756176,NaN,NaN,NaN
A2_multiclassB_2refs_demands_5to1_N20,A2,baseline,LN,R1,RefTask,1,19.584464423132715,0.0,NaN,0.0,0.20800095213220257
A2_multiclassB_2refs_demands_5to1_N20,A2,baseline,LN,R2,RefTask,1,18.079660619156837,0.0,NaN,0.0,0.9601269247059521
A2_multiclassB_2refs_demands_5to1_N20,A2,baseline,LN,TS,Task,1,37.66363305436973,1.00006749756176,NaN,32.242915064402254,1.1681296416413398
A2_multiclassB_2refs_demands_5to1_N20,A2,baseline,LN,ER1,Entry,1,19.584464423132715,NaN,94.15564795436656,NaN,0.20800095213220257
A2_multiclassB_2refs_demands_5to1_N20,A2,baseline,LN,ER2,Entry,1,18.079660619156837,NaN,18.830490171592576,NaN,0.9601269247059521
A2_multiclassB_2refs_demands_5to1_N20,A2,baseline,LN,ES1,Entry,1,19.583807798845275,NaN,94.15231628922307,NaN,0.20800133837054513
A2_multiclassB_2refs_demands_5to1_N20,A2,baseline,LN,ES2,Entry,1,18.079825255524458,NaN,18.830634607826187,NaN,0.9601283032707945
A2_multiclassB_2refs_demands_5to1_N20,A2,baseline,LN,A1,Activity,1,19.583793445396875,0.0,94.15242211463377,0.0,0.20800095213220265
A2_multiclassB_2refs_demands_5to1_N20,A2,baseline,LN,A2,Activity,1,18.07978929834196,0.0,18.83062419469078,0.0,0.9601269247059523
A2_multiclassB_2refs_demands_5to1_N20,A2,baseline,LN,AS1,Activity,1,19.58394928055452,0.5200033459263628,94.15299648537157,16.765388710369216,0.20800133837054516
A2_multiclassB_2refs_demands_5to1_N20,A2,baseline,LN,AS2,Activity,1,18.079791352672178,0.48006415163539723,18.830599297074315,15.477526354033037,0.9601283032707945
A2_multiclassB_2refs_demands_3to1_N50,A2,baseline,LN,PR,Processor,1,NaN,0.0,NaN,NaN,NaN
A2_multiclassB_2refs_demands_3to1_N50,A2,baseline,LN,PS,Processor,1,NaN,1.0000051410194077,NaN,NaN,NaN
A2_multiclassB_2refs_demands_3to1_N50,A2,baseline,LN,R1,RefTask,1,49.32537227803682,0.0,NaN,0.0,0.33777792455007766
A2_multiclassB_2refs_demands_3to1_N50,A2,baseline,LN,R2,RefTask,1,48.02634644175091,0.0,NaN,0.0,0.9866749067651552
A2_multiclassB_2refs_demands_3to1_N50,A2,baseline,LN,TS,Task,1,97.35088861376751,1.0000051410194077,NaN,73.5029884504317,1.3244538509572223
A2_multiclassB_2refs_demands_3to1_N50,A2,baseline,LN,ER1,Entry,1,49.32537227803682,NaN,146.02899921224434,NaN,0.33777792455007766
A2_multiclassB_2refs_demands_3to1_N50,A2,baseline,LN,ER2,Entry,1,48.02634644175091,NaN,48.67494461697298,NaN,0.9866749067651552
A2_multiclassB_2refs_demands_3to1_N50,A2,baseline,LN,ES1,Entry,1,49.32405243297591,NaN,146.02496597954396,NaN,0.33777821554079673
A2_multiclassB_2refs_demands_3to1_N50,A2,baseline,LN,ES2,Entry,1,48.0268361807916,NaN,48.67540502357893,NaN,0.9866756354164252
A2_multiclassB_2refs_demands_3to1_N50,A2,baseline,LN,A1,Activity,1,49.32410279556804,0.0,146.0252408776211,0.0,0.3377779245500778
A2_multiclassB_2refs_demands_3to1_N50,A2,baseline,LN,A2,Activity,1,48.02676607356828,0.0,48.67536991593869,0.0,0.9866749067651559
A2_multiclassB_2refs_demands_3to1_N50,A2,baseline,LN,AS1,Activity,1,49.324363740001964,0.5066673233111951,146.02588761099244,37.241534421510096,0.33777821554079673
A2_multiclassB_2refs_demands_3to1_N50,A2,baseline,LN,AS2,Activity,1,48.02672848194117,0.4933378177082126,48.67529587033083,36.2614540289216,0.9866756354164252
A2_multiclassB_2refs_demands_5to1_N50,A2,baseline,LN,PR,Processor,1,NaN,0.0,NaN,NaN,NaN
A2_multiclassB_2refs_demands_5to1_N50,A2,baseline,LN,PS,Processor,1,NaN,1.0000046237497298,NaN,NaN,NaN
A2_multiclassB_2refs_demands_5to1_N50,A2,baseline,LN,R1,RefTask,1,49.595564167027845,0.0,NaN,0.0,0.20319890732074072
A2_multiclassB_2refs_demands_5to1_N50,A2,baseline,LN,R2,RefTask,1,48.03159894844181,0.0,NaN,0.0,0.9840098663265766
A2_multiclassB_2refs_demands_5to1_N50,A2,baseline,LN,TS,Task,1,97.62505142301148,1.0000046237497298,NaN,82.23153449505081,1.1872118289354234
A2_multiclassB_2refs_demands_5to1_N50,A2,baseline,LN,ER1,Entry,1,49.595564167027845,NaN,244.07397077555828,NaN,0.20319890732074072
A2_multiclassB_2refs_demands_5to1_N50,A2,baseline,LN,ER2,Entry,1,48.03159894844181,NaN,48.81211113029726,NaN,0.9840098663265766
A2_multiclassB_2refs_demands_5to1_N50,A2,baseline,LN,ES1,Entry,1,49.59273798303565,NaN,244.05952504451,NaN,0.2031993546410092
A2_multiclassB_2refs_demands_5to1_N50,A2,baseline,LN,ES2,Entry,1,48.03231343997583,NaN,48.8127078616736,NaN,0.984012474294414
A2_multiclassB_2refs_demands_5to1_N50,A2,baseline,LN,A1,Activity,1,49.59289843104559,0.0,244.06085192557325,0.0,0.20319890732074075
A2_multiclassB_2refs_demands_5to1_N50,A2,baseline,LN,A2,Activity,1,48.032124130146556,0.0,48.81264484619046,0.0,0.984009866326577
A2_multiclassB_2refs_demands_5to1_N50,A2,baseline,LN,AS1,Activity,1,49.59340592955414,0.5079983866025229,244.06281219332837,41.77370506403241,0.20319935464100913
A2_multiclassB_2refs_demands_5to1_N50,A2,baseline,LN,AS2,Activity,1,48.032170341921976,0.49200623714720687,48.81256243866568,40.457829431018396,0.9840124742944137
A2_multiclassC_2refs_think_2to1_N20,A2,baseline,LN,PR,Processor,1,NaN,0.0,NaN,NaN,NaN
A2_multiclassC_2refs_think_2to1_N20,A2,baseline,LN,PS,Processor,1,NaN,1.000083414048115,NaN,NaN,NaN
A2_multiclassC_2refs_think_2to1_N20,A2,baseline,LN,R1,RefTask,1,18.049751344208463,0.0,NaN,0.0,0.4875477303189912
A2_multiclassC_2refs_think_2to1_N20,A2,baseline,LN,R2,RefTask,1,18.974986550153062,0.0,NaN,0.0,0.512535675186993
A2_multiclassC_2refs_think_2to1_N20,A2,baseline,LN,TS,Task,1,37.024738719947024,1.000083414048115,NaN,37.02165059404999,1.0000834140481154
A2_multiclassC_2refs_think_2to1_N20,A2,baseline,LN,ER1,Entry,1,18.049751344208463,NaN,37.02150624801172,NaN,0.4875477303189912
A2_multiclassC_2refs_think_2to1_N20,A2,baseline,LN,ER2,Entry,1,18.974986550153062,NaN,37.02178690923368,NaN,0.512535675186993
A2_multiclassC_2refs_think_2to1_N20,A2,baseline,LN,ES1,Entry,1,18.049853427901496,NaN,37.02169740298959,NaN,0.48754797035437736
A2_multiclassC_2refs_think_2to1_N20,A2,baseline,LN,ES2,Entry,1,18.97488529204553,NaN,37.02160606747003,NaN,0.5125354436937379
A2_multiclassC_2refs_think_2to1_N20,A2,baseline,LN,A1,Activity,1,18.049831396150413,0.0,37.021670441047526,0.0,0.4875477303189914
A2_multiclassC_2refs_think_2to1_N20,A2,baseline,LN,A2,Activity,1,18.974905951597744,0.0,37.02162965470638,0.0,0.5125356751869932
A2_multiclassC_2refs_think_2to1_N20,A2,baseline,LN,AS1,Activity,1,18.049830072987714,0.48754797035437736,37.021649500187806,18.048285890421987,0.48754797035437736
A2_multiclassC_2refs_think_2to1_N20,A2,baseline,LN,AS2,Activity,1,18.9749075528528,0.5125354436937377,37.021649500187806,18.973364703627997,0.5125354436937377
A2_multiclassC_2refs_think_4to1_N20,A2,baseline,LN,PR,Processor,1,NaN,0.0,NaN,NaN,NaN
A2_multiclassC_2refs_think_4to1_N20,A2,baseline,LN,PS,Processor,1,NaN,1.000121170964067,NaN,NaN,NaN
A2_multiclassC_2refs_think_4to1_N20,A2,baseline,LN,R1,RefTask,1,16.29788756404868,0.0,NaN,0.0,0.46276046307819274
A2_multiclassC_2refs_think_4to1_N20,A2,baseline,LN,R2,RefTask,1,18.925307404969416,0.0,NaN,0.0,0.537360649155997
A2_multiclassC_2refs_think_4to1_N20,A2,baseline,LN,TS,Task,1,35.22319751880002,1.000121170964067,NaN,35.21893000705053,1.000121170964067
A2_multiclassC_2refs_think_4to1_N20,A2,baseline,LN,ER1,Entry,1,16.29788756404868,NaN,35.21884185100494,NaN,0.46276046307819274
A2_multiclassC_2refs_think_4to1_N20,A2,baseline,LN,ER2,Entry,1,18.925307404969416,NaN,35.219005028921195,NaN,0.537360649155997
A2_multiclassC_2refs_think_4to1_N20,A2,baseline,LN,ES1,Entry,1,16.297945915462513,NaN,35.21895271457547,NaN,0.4627606632015937
A2_multiclassC_2refs_think_4to1_N20,A2,baseline,LN,ES2,Entry,1,18.925251603337507,NaN,35.21891045201807,NaN,0.5373605077624732
A2_multiclassC_2refs_think_4to1_N20,A2,baseline,LN,A1,Activity,1,16.297934498007564,0.0,35.21894327271796,0.0,0.4627604630781928
A2_multiclassC_2refs_think_4to1_N20,A2,baseline,LN,A2,Activity,1,18.92525902510708,0.0,35.218914996533414,0.0,0.5373606491559972
A2_multiclassC_2refs_think_4to1_N20,A2,baseline,LN,AS1,Activity,1,16.297934073910934,0.4627606632015937,35.21892712564253,16.29593203920199,0.4627606632015937
A2_multiclassC_2refs_think_4to1_N20,A2,baseline,LN,AS2,Activity,1,18.92526056308481,0.5373605077624731,35.21892712564253,18.922997967848545,0.5373605077624731
A2_multiclassC_2refs_think_2to1_N50,A2,baseline,LN,PR,Processor,1,NaN,0.0,NaN,NaN,NaN
A2_multiclassC_2refs_think_2to1_N50,A2,baseline,LN,PS,Processor,1,NaN,1.0000057785259657,NaN,NaN,NaN
A2_multiclassC_2refs_think_2to1_N50,A2,baseline,LN,R1,RefTask,1,48.01951832708303,0.0,NaN,0.0,0.4950039416565316
A2_multiclassC_2refs_think_2to1_N50,A2,baseline,LN,R2,RefTask,1,48.990462876990456,0.0,NaN,0.0,0.5050018237674166
A2_multiclassC_2refs_think_2to1_N50,A2,baseline,LN,TS,Task,1,97.0099829016433,1.0000057785259657,NaN,97.0094223265586,1.000005778525966
A2_multiclassC_2refs_think_2to1_N50,A2,baseline,LN,ER1,Entry,1,48.01951832708303,NaN,97.00835546154566,NaN,0.4950039416565316
A2_multiclassC_2refs_think_2to1_N50,A2,baseline,LN,ER2,Entry,1,48.990462876990456,NaN,97.01046723259653,NaN,0.5050018237674166
A2_multiclassC_2refs_think_2to1_N50,A2,baseline,LN,ES1,Entry,1,48.020299416740805,NaN,97.0098174023866,NaN,0.49500453358815855
A2_multiclassC_2refs_think_2to1_N50,A2,baseline,LN,ES2,Entry,1,48.989683484902486,NaN,97.00903507858823,NaN,0.5050012449378074
A2_multiclassC_2refs_think_2to1_N50,A2,baseline,LN,A1,Activity,1,48.02010455137407,0.0,97.0095397436123,0.0,0.49500394165653183
A2_multiclassC_2refs_think_2to1_N50,A2,baseline,LN,A2,Activity,1,48.98987549841515,0.0,97.0093041109053,0.0,0.5050018237674169
A2_multiclassC_2refs_think_2to1_N50,A2,baseline,LN,AS1,Activity,1,48.02010265719677,0.49500453358815855,97.00941991199878,48.01957319067988,0.49500453358815855
A2_multiclassC_2refs_think_2to1_N50,A2,baseline,LN,AS2,Activity,1,48.989877826253874,0.5050012449378072,97.00941991199876,48.98984913587873,0.5050012449378072
A2_multiclassC_2refs_think_4to1_N50,A2,baseline,LN,PR,Processor,1,NaN,0.0,NaN,NaN,NaN
A2_multiclassC_2refs_think_4to1_N50,A2,baseline,LN,PS,Processor,1,NaN,1.000009248372581,NaN,NaN,NaN
A2_multiclassC_2refs_think_4to1_N50,A2,baseline,LN,R1,RefTask,1,46.11927541940287,0.0,NaN,0.0,0.4850187122188193
A2_multiclassC_2refs_think_4to1_N50,A2,baseline,LN,R2,RefTask,1,48.970596081165894,0.0,NaN,0.0,0.5149904611785735
A2_multiclassC_2refs_think_4to1_N50,A2,baseline,LN,TS,Task,1,95.08987932650255,1.000009248372581,NaN,95.0889999021007,1.0000092483725813
A2_multiclassC_2refs_think_4to1_N50,A2,baseline,LN,ER1,Entry,1,46.11927541940287,NaN,95.08762086398815,NaN,0.4850187122188193
A2_multiclassC_2refs_think_4to1_N50,A2,baseline,LN,ER2,Entry,1,48.970596081165894,NaN,95.0902973408381,NaN,0.5149904611785735
A2_multiclassC_2refs_think_4to1_N50,A2,baseline,LN,ES1,Entry,1,46.12026841734767,NaN,95.08949147665176,NaN,0.4850196136412405
A2_multiclassC_2refs_think_4to1_N50,A2,baseline,LN,ES2,Entry,1,48.96961090915489,NaN,95.08853694638206,NaN,0.5149896347313406
A2_multiclassC_2refs_think_4to1_N50,A2,baseline,LN,A1,Activity,1,46.1200209341027,0.0,95.08915794839548,0.0,0.4850187122188195
A2_multiclassC_2refs_think_4to1_N50,A2,baseline,LN,A2,Activity,1,48.96984592887822,0.0,95.0888407074745,0.0,0.5149904611785736
A2_multiclassC_2refs_think_4to1_N50,A2,baseline,LN,AS1,Activity,1,46.12002496320623,0.4850196136412405,95.0889895296488,46.119253897289184,0.4850196136412405
A2_multiclassC_2refs_think_4to1_N50,A2,baseline,LN,AS2,Activity,1,48.96984398484611,0.5149896347313406,95.0889895296488,48.96974600481151,0.5149896347313406
A3_multiserver_c2_loadLow,A3,baseline,LN,PR,Processor,1,NaN,0.0,NaN,NaN,NaN
A3_multiserver_c2_loadLow,A3,baseline,LN,PS,Processor,1,NaN,0.31108459202390476,NaN,NaN,NaN
A3_multiserver_c2_loadLow,A3,baseline,LN,T1,RefTask,1,0.6674622152260198,0.0,NaN,0.0,0.6221691848214224
A3_multiserver_c2_loadLow,A3,baseline,LN,T2,Task,1,0.667462214396088,0.31108459202390476,NaN,1.0727985755475764,0.6221691840478095
A3_multiserver_c2_loadLow,A3,baseline,LN,E1,Entry,1,0.6674622152260198,NaN,1.0727985755475782,NaN,0.6221691848214224
A3_multiserver_c2_loadLow,A3,baseline,LN,E2,Entry,1,0.667462214396088,NaN,1.0727985755475764,NaN,0.6221691840478095
A3_multiserver_c2_loadLow,A3,baseline,LN,A1,Activity,1,0.6674622214479318,0.0,1.0727985855479316,0.0,0.6221691848214226
A3_multiserver_c2_loadLow,A3,baseline,LN,A2,Activity,1,0.6674622143960872,0.31108459202390476,1.0727985755475753,1.0727985755475764,0.6221691840478095
A3_multiserver_c2_loadMedium,A3,baseline,LN,PR,Processor,1,NaN,0.0,NaN,NaN,NaN
A3_multiserver_c2_loadMedium,A3,baseline,LN,PS,Processor,1,NaN,0.6014249138584628,NaN,NaN,NaN
A3_multiserver_c2_loadMedium,A3,baseline,LN,T1,RefTask,1,1.5800511616660093,0.0,NaN,0.0,1.2028498306086037
A3_multiserver_c2_loadMedium,A3,baseline,LN,T2,Task,1,1.5800511578675285,0.6014249138584628,NaN,1.3135897112497839,1.2028498277169255
A3_multiserver_c2_loadMedium,A3,baseline,LN,E1,Entry,1,1.5800511616660093,NaN,1.3135897112497856,NaN,1.2028498306086037
A3_multiserver_c2_loadMedium,A3,baseline,LN,E2,Entry,1,1.5800511578675285,NaN,1.3135897112497839,NaN,1.2028498277169255
A3_multiserver_c2_loadMedium,A3,baseline,LN,A1,Activity,1,1.580051173694907,0.0,1.313589721250117,0.0,1.2028498306086042
A3_multiserver_c2_loadMedium,A3,baseline,LN,A2,Activity,1,1.5800511578675271,0.6014249138584628,1.3135897112497827,1.3135897112497839,1.2028498277169255
A3_multiserver_c2_loadHigh,A3,baseline,LN,PR,Processor,1,NaN,0.0,NaN,NaN,NaN
A3_multiserver_c2_loadHigh,A3,baseline,LN,PS,Processor,1,NaN,0.8064509155305245,NaN,NaN,NaN
A3_multiserver_c2_loadHigh,A3,baseline,LN,T1,RefTask,1,2.741941704548676,0.0,NaN,0.0,1.6129018362607188
A3_multiserver_c2_loadHigh,A3,baseline,LN,T2,Task,1,2.741941695709208,0.8064509155305245,NaN,1.7000053214059645,1.6129018310610492
A3_multiserver_c2_loadHigh,A3,baseline,LN,E1,Entry,1,2.741941704548676,NaN,1.700005321405966,NaN,1.6129018362607188
A3_multiserver_c2_loadHigh,A3,baseline,LN,E2,Entry,1,2.741941695709208,NaN,1.7000053214059647,NaN,1.6129018310610492
A3_multiserver_c2_loadHigh,A3,baseline,LN,A1,Activity,1,2.741941709387862,0.0,1.7000053244062634,0.0,1.6129018362607193
A3_multiserver_c2_loadHigh,A3,baseline,LN,A2,Activity,1,2.741941695709206,0.8064509155305245,1.7000053214059636,1.7000053214059645,1.612901831061049
A3_multiserver_c4_loadLow,A3,baseline,LN,PR,Processor,1,NaN,0.0,NaN,NaN,NaN
A3_multiserver_c4_loadLow,A3,baseline,LN,PS,Processor,1,NaN,0.3122775871649537,NaN,NaN,NaN
A3_multiserver_c4_loadLow,A3,baseline,LN,T1,RefTask,1,1.2562275125543367,0.0,NaN,0.0,1.2491103517794935
A3_multiserver_c4_loadLow,A3,baseline,LN,T2,Task,1,1.2562275094168824,0.3122775871649537,NaN,1.0056977838384762,1.2491103486598152
A3_multiserver_c4_loadLow,A3,baseline,LN,E1,Entry,1,1.2562275125543367,NaN,1.0056977838384769,NaN,1.2491103517794935
A3_multiserver_c4_loadLow,A3,baseline,LN,E2,Entry,1,1.2562275094168824,NaN,1.0056977838384762,NaN,1.2491103486598152
A3_multiserver_c4_loadLow,A3,baseline,LN,A1,Activity,1,1.2562275237964984,0.0,1.0056977928386115,0.0,1.2491103517794937
A3_multiserver_c4_loadLow,A3,baseline,LN,A2,Activity,1,1.2562275094168818,0.3122775871649537,1.005697783838476,1.0056977838384762,1.2491103486598147
A3_multiserver_c4_loadMedium,A3,baseline,LN,PR,Processor,1,NaN,0.0,NaN,NaN,NaN
A3_multiserver_c4_loadMedium,A3,baseline,LN,PS,Processor,1,NaN,0.6143642411247207,NaN,NaN,NaN
A3_multiserver_c4_loadMedium,A3,baseline,LN,T1,RefTask,1,2.627629021116186,0.0,NaN,0.0,2.457456976573834
A3_multiserver_c4_loadMedium,A3,baseline,LN,T2,Task,1,2.6276290082050764,0.6143642411247207,NaN,1.0692472121239749,2.4574569644988826
A3_multiserver_c4_loadMedium,A3,baseline,LN,E1,Entry,1,2.627629021116186,NaN,1.0692472121239756,NaN,2.457456976573834
A3_multiserver_c4_loadMedium,A3,baseline,LN,E2,Entry,1,2.6276290082050764,NaN,1.0692472121239749,NaN,2.4574569644988826
A3_multiserver_c4_loadMedium,A3,baseline,LN,A1,Activity,1,2.6276290456910725,0.0,1.0692472221241043,0.0,2.4574569765738343
A3_multiserver_c4_loadMedium,A3,baseline,LN,A2,Activity,1,2.6276290082050755,0.6143642411247207,1.0692472121239747,1.0692472121239749,2.4574569644988826
A3_multiserver_c4_loadHigh,A3,baseline,LN,PR,Processor,1,NaN,0.0,NaN,NaN,NaN
A3_multiserver_c4_loadHigh,A3,baseline,LN,PS,Processor,1,NaN,0.7857422425883043,NaN,NaN,NaN
A3_multiserver_c4_loadHigh,A3,baseline,LN,T1,RefTask,1,3.714061956915427,0.0,NaN,0.0,3.142968990104863
A3_multiserver_c4_loadHigh,A3,baseline,LN,T2,Task,1,3.714061933574808,0.7857422425883043,NaN,1.1817049320590045,3.1429689703532175
A3_multiserver_c4_loadHigh,A3,baseline,LN,E1,Entry,1,3.714061956915427,NaN,1.181704932059005,NaN,3.142968990104863
A3_multiserver_c4_loadHigh,A3,baseline,LN,E2,Entry,1,3.714061933574808,NaN,1.1817049320590045,NaN,3.1429689703532175
A3_multiserver_c4_loadHigh,A3,baseline,LN,A1,Activity,1,3.7140619757736157,0.0,1.1817049380591238,0.0,3.1429689901048645
A3_multiserver_c4_loadHigh,A3,baseline,LN,A2,Activity,1,3.714061933574807,0.7857422425883043,1.1817049320590043,1.1817049320590045,3.142968970353217
A3_multiserver_c8_loadLow,A3,baseline,LN,PR,Processor,1,NaN,0.0,NaN,NaN,NaN
A3_multiserver_c8_loadLow,A3,baseline,LN,PS,Processor,1,NaN,0.3124922751874731,NaN,NaN,NaN
A3_multiserver_c8_loadLow,A3,baseline,LN,T1,RefTask,1,2.5004324957531496,0.0,NaN,0.0,2.4999382077477166
A3_multiserver_c8_loadLow,A3,baseline,LN,T2,Task,1,2.500432489503981,0.3124922751874731,NaN,1.0001977200892005,2.4999382014997846
A3_multiserver_c8_loadLow,A3,baseline,LN,E1,Entry,1,2.5004324957531496,NaN,1.0001977200892012,NaN,2.4999382077477166
A3_multiserver_c8_loadLow,A3,baseline,LN,E2,Entry,1,2.500432489503981,NaN,1.0001977200892005,NaN,2.4999382014997846
A3_multiserver_c8_loadLow,A3,baseline,LN,A1,Activity,1,2.50043252075287,0.0,1.000197730089336,0.0,2.4999382077477175
A3_multiserver_c8_loadLow,A3,baseline,LN,A2,Activity,1,2.5004324895039796,0.3124922751874731,1.0001977200892,1.0001977200892005,2.4999382014997846
A3_multiserver_c8_loadMedium,A3,baseline,LN,PR,Processor,1,NaN,0.0,NaN,NaN,NaN
A3_multiserver_c8_loadMedium,A3,baseline,LN,PS,Processor,1,NaN,0.6222253522319043,NaN,NaN,NaN
A3_multiserver_c8_loadMedium,A3,baseline,LN,T1,RefTask,1,5.066591372535666,0.0,NaN,0.0,4.977802842626865
A3_multiserver_c8_loadMedium,A3,baseline,LN,T2,Task,1,5.066591347322185,0.6222253522319043,NaN,1.0178368916399154,4.977802817855236
A3_multiserver_c8_loadMedium,A3,baseline,LN,E1,Entry,1,5.066591372535666,NaN,1.017836891639916,NaN,4.977802842626865
A3_multiserver_c8_loadMedium,A3,baseline,LN,E2,Entry,1,5.066591347322185,NaN,1.0178368916399154,NaN,4.977802817855236
A3_multiserver_c8_loadMedium,A3,baseline,LN,A1,Activity,1,5.066591422314359,0.0,1.0178369016400495,0.0,4.977802842626866
A3_multiserver_c8_loadMedium,A3,baseline,LN,A2,Activity,1,5.0665913473221815,0.6222253522319043,1.017836891639915,1.0178368916399154,4.977802817855235
A3_multiserver_c8_loadHigh,A3,baseline,LN,PR,Processor,1,NaN,0.0,NaN,NaN,NaN
A3_multiserver_c8_loadHigh,A3,baseline,LN,PS,Processor,1,NaN,0.8089860035034303,NaN,NaN,NaN
A3_multiserver_c8_loadHigh,A3,baseline,LN,T1,RefTask,1,7.0562237307246365,0.0,NaN,0.0,6.471888069901722
A3_multiserver_c8_loadHigh,A3,baseline,LN,T2,Task,1,7.056223685069597,0.8089860035034303,NaN,1.0902882828799887,6.4718880280274425
A3_multiserver_c8_loadHigh,A3,baseline,LN,E1,Entry,1,7.0562237307246365,NaN,1.0902882828799894,NaN,6.471888069901722
A3_multiserver_c8_loadHigh,A3,baseline,LN,E2,Entry,1,7.056223685069597,NaN,1.0902882828799887,NaN,6.4718880280274425
A3_multiserver_c8_loadHigh,A3,baseline,LN,A1,Activity,1,7.056223776028674,0.0,1.090288289880116,0.0,6.4718880699017225
A3_multiserver_c8_loadHigh,A3,baseline,LN,A2,Activity,1,7.0562236850695905,0.8089860035034303,1.0902882828799878,1.0902882828799887,6.4718880280274425
A4_threeTier_multiclass,A4,baseline,LN,PR,Processor,1,NaN,0.0,NaN,NaN,NaN
A4_threeTier_multiclass,A4,baseline,LN,PA,Processor,1,NaN,0.49390715059563584,NaN,NaN,NaN
A4_threeTier_multiclass,A4,baseline,LN,PD,Processor,1,NaN,0.9997658245663876,NaN,NaN,NaN
A4_threeTier_multiclass,A4,baseline,LN,R1,RefTask,1,15.76190598415905,0.0,NaN,0.0,2.119046976655219
A4_threeTier_multiclass,A4,baseline,LN,R2,RefTask,1,14.359950761690891,0.0,NaN,0.0,1.8800163936758048
A4_threeTier_multiclass,A4,baseline,LN,TA,Task,1,30.121856765616585,0.49390715059563584,NaN,0.49402283465548047,3.9990633203334385
A4_threeTier_multiclass,A4,baseline,LN,TD,Task,1,28.146228205129933,0.9997658245663876,NaN,7.038205226043144,3.999063298265551
A4_threeTier_multiclass,A4,baseline,LN,ER1,Entry,1,15.76190598415905,NaN,7.438205078887972,NaN,2.119046976655219
A4_threeTier_multiclass,A4,baseline,LN,ER2,Entry,1,14.359950761690891,NaN,7.6382050762942235,NaN,1.8800163936758048
A4_threeTier_multiclass,A4,baseline,LN,EA1,Entry,1,15.761905986927466,NaN,7.438205176961317,NaN,2.1190469490875996
A4_threeTier_multiclass,A4,baseline,LN,EA2,Entry,1,14.359950778689118,NaN,7.638205176465108,NaN,1.8800163712458393
A4_threeTier_multiclass,A4,baseline,LN,ED,Entry,1,28.146228205129933,NaN,7.038205226043144,NaN,3.999063298265551
A4_threeTier_multiclass,A4,baseline,LN,A_R1,Activity,1,15.761906015447856,0.0,7.438205093653477,0.0,2.11904697665522
A4_threeTier_multiclass,A4,baseline,LN,A_R2,Activity,1,14.359950790525499,0.0,7.638205091631642,0.0,1.880016393675806
A4_threeTier_multiclass,A4,baseline,LN,A_A1,Activity,1,15.761905987329216,0.21190469490876,7.438205177150906,0.21195432771071088,2.1190469490875996
A4_threeTier_multiclass,A4,baseline,LN,A_A2,Activity,1,14.359950779045217,0.2820024556868759,7.63820517665452,0.2820685069447696,1.8800163712458395
A4_threeTier_multiclass,A4,baseline,LN,A_D,Activity,1,28.146228205116216,0.9997658245663876,7.0382052260397145,7.038205226043144,3.9990632982655505
A4_multiclass_multiserver,A4,baseline,LN,PR,Processor,1,NaN,0.0,NaN,NaN,NaN
A4_multiclass_multiserver,A4,baseline,LN,PS,Processor,1,NaN,0.9999800228618968,NaN,NaN,NaN
A4_multiclass_multiserver,A4,baseline,LN,R1,RefTask,1,26.505093093798617,0.0,NaN,0.0,1.7474579027225279
A4_multiclass_multiserver,A4,baseline,LN,R2,RefTask,1,24.053211728166527,0.0,NaN,0.0,2.378713174063975
A4_multiclass_multiserver,A4,baseline,LN,TS,Task,1,50.55830116131793,0.9999800228618968,NaN,12.253079616004356,4.126171104027094
A4_multiclass_multiserver,A4,baseline,LN,ER1,Entry,1,26.505093093798617,NaN,15.16780063914779,NaN,1.7474579027225279
A4_multiclass_multiserver,A4,baseline,LN,ER2,Entry,1,24.053211728166527,NaN,10.111858794253948,NaN,2.378713174063975
A4_multiclass_multiserver,A4,baseline,LN,ES1,Entry,1,26.505080598626062,NaN,15.167792465801028,NaN,1.747458020564781
A4_multiclass_multiserver,A4,baseline,LN,ES2,Entry,1,24.053220562691862,NaN,10.111862893393356,NaN,2.378713083462314
A4_multiclass_multiserver,A4,baseline,LN,A1,Activity,1,26.505073624201508,0.0,15.167789497479033,0.0,1.7474579027225285
A4_multiclass_multiserver,A4,baseline,LN,A2,Activity,1,24.053224132697316,0.0,10.111864009061229,0.0,2.378713174063976
A4_multiclass_multiserver,A4,baseline,LN,AS1,Activity,1,26.50508226844989,0.5242374061694343,15.1677934213741,6.42365175537842,1.747458020564781
A4_multiclass_multiserver,A4,baseline,LN,AS2,Activity,1,24.053219105784116,0.47574261669246254,10.111862280916068,5.829427860625936,2.378713083462313
A4_multiclass_multientry,A4,baseline,LN,PR,Processor,1,NaN,0.0,NaN,NaN,NaN
A4_multiclass_multientry,A4,baseline,LN,PS,Processor,1,NaN,1.000078225105909,NaN,NaN,NaN
A4_multiclass_multientry,A4,baseline,LN,R1,RefTask,1,13.365853700314332,0.0,NaN,0.0,0.817069118207129
A4_multiclass_multientry,A4,baseline,LN,R2,RefTask,1,13.869536303890094,0.0,NaN,0.0,0.5652387690470371
A4_multiclass_multientry,A4,baseline,LN,R3,RefTask,1,13.663569598251359,0.0,NaN,0.0,0.6682146300185583
A4_multiclass_multientry,A4,baseline,LN,TS,Task,1,40.89895389302643,1.000078225105909,NaN,19.945626563973878,2.0505224891456884
A4_multiclass_multientry,A4,baseline,LN,ER1,Entry,1,13.365853700314332,NaN,16.35829014030372,NaN,0.817069118207129
A4_multiclass_multientry,A4,baseline,LN,ER2,Entry,1,13.869536303890094,NaN,24.537482323219628,NaN,0.5652387690470371
A4_multiclass_multientry,A4,baseline,LN,ER3,Entry,1,13.663569598251359,NaN,20.44787555440365,NaN,0.6682146300185583
A4_multiclass_multientry,A4,baseline,LN,ES1,Entry,1,13.365864189801766,NaN,16.35830480474025,NaN,0.8170690269769674
A4_multiclass_multientry,A4,baseline,LN,ES2,Entry,1,13.869518039315773,NaN,24.537447264004626,NaN,0.5652388323076197
A4_multiclass_multientry,A4,baseline,LN,ES3,Entry,1,13.663571663908888,NaN,20.447878650530424,NaN,0.6682146298611006
A4_multiclass_multientry,A4,baseline,LN,A1,Activity,1,13.365867942210821,0.0,16.358307570770947,0.0,0.817069118207129
A4_multiclass_multientry,A4,baseline,LN,A2,Activity,1,13.869513133095518,0.0,24.537441330287354,0.0,0.5652387690470372
A4_multiclass_multientry,A4,baseline,LN,A3,Activity,1,13.663570932753071,0.0,20.447877551519024,0.0,0.6682146300185584
A4_multiclass_multientry,A4,baseline,LN,AS1,Activity,1,13.36586216734247,0.32682761079078704,16.358302329479002,6.51827077699281,0.8170690269769676
A4_multiclass_multientry,A4,baseline,LN,AS2,Activity,1,13.869521560874594,0.33914329938457183,24.537453494218504,6.763897823560623,0.5652388323076198
A4_multiclass_multientry,A4,baseline,LN,AS3,Activity,1,13.663571170310986,0.33410731493055024,20.447877911848753,6.663457963420445,0.6682146298611005
A4_chainPlusFanout,A4,baseline,LN,PR,Processor,1,NaN,0.0,NaN,NaN,NaN
A4_chainPlusFanout,A4,baseline,LN,P2,Processor,1,NaN,0.5404974444212461,NaN,NaN,NaN
A4_chainPlusFanout,A4,baseline,LN,P3,Processor,1,NaN,0.3093112203771713,NaN,NaN,NaN
A4_chainPlusFanout,A4,baseline,LN,P4,Processor,1,NaN,0.4639668282685877,NaN,NaN,NaN
A4_chainPlusFanout,A4,baseline,LN,R1,RefTask,1,2.4999999480871034,0.0,NaN,0.0,3.124999994018756
A4_chainPlusFanout,A4,baseline,LN,R2,RefTask,1,2.755101984510848,0.0,NaN,0.0,3.0612244852315733
A4_chainPlusFanout,A4,baseline,LN,T2,Task,1,5.2551019535700885,0.5404974444212461,NaN,0.34948453377941696,6.186224437520631
A4_chainPlusFanout,A4,baseline,LN,T3,Task,1,3.0931121899884007,0.3093112203771713,NaN,0.19999999972714316,6.186224407543424
A4_chainPlusFanout,A4,baseline,LN,T4,Task,1,1.8558673070369314,0.4639668282685877,NaN,0.29999999902405416,6.186224376914504
A4_chainPlusFanout,A4,baseline,LN,ER1,Entry,1,2.4999999480871034,NaN,0.7999999849190715,NaN,3.124999994018756
A4_chainPlusFanout,A4,baseline,LN,ER2,Entry,1,2.755101984510848,NaN,0.8999999829487945,NaN,3.0612244852315733
A4_chainPlusFanout,A4,baseline,LN,E2A,Entry,1,2.4999999579491603,NaN,0.7999999933961652,NaN,3.1249999732326796
A4_chainPlusFanout,A4,baseline,LN,E2B,Entry,1,2.7551019956209277,NaN,0.8999999927355126,NaN,3.061224464287949
A4_chainPlusFanout,A4,baseline,LN,E3,Entry,1,3.0931121899884007,NaN,0.49999999777193477,NaN,6.186224407543424
A4_chainPlusFanout,A4,baseline,LN,E4,Entry,1,1.8558673070369314,NaN,0.29999999902405416,NaN,6.186224376914504
A4_chainPlusFanout,A4,baseline,LN,A_R1,Activity,1,2.4999999863295597,0.0,0.7999999971566573,0.0,3.1249999940187574
A4_chainPlusFanout,A4,baseline,LN,A_R2,Activity,1,2.755102022115548,0.0,0.8999999952329961,0.0,3.0612244852315746
A4_chainPlusFanout,A4,baseline,LN,A_2A,Activity,1,2.499999957952644,0.23437499799245107,0.7999999933972799,0.15154639073391296,3.1249999732326805
A4_chainPlusFanout,A4,baseline,LN,A_2B,Activity,1,2.7551019956243388,0.30612244642879505,0.8999999927366267,0.197938143045504,3.06122446428795
A4_chainPlusFanout,A4,baseline,LN,A_3,Activity,1,3.0931121899914893,0.3093112203771713,0.499999997772434,0.19999999972714316,6.186224407543425
A4_chainPlusFanout,A4,baseline,LN,A_4,Activity,1,1.855867307036916,0.4639668282685877,0.2999999990240518,0.29999999902405416,6.186224376914502
A4_webApplication,A4,baseline,LN,PC,Processor,1,NaN,0.0,NaN,NaN,NaN
A4_webApplication,A4,baseline,LN,PApp,Processor,1,NaN,0.28782894502862355,NaN,NaN,NaN
A4_webApplication,A4,baseline,LN,PDB,Processor,1,NaN,2.357456109609647,NaN,NaN,NaN
A4_webApplication,A4,baseline,LN,RBrowse,RefTask,1,1.8421052283536896,0.0,NaN,0.0,2.631578941192876
A4_webApplication,A4,baseline,LN,RShop,RefTask,1,1.6666666351643662,0.0,NaN,0.0,2.0833333286942883
A4_webApplication,A4,baseline,LN,TApp,Task,1,3.50877187796861,0.28782894502862355,NaN,0.24418604602512323,4.714912242739809
A4_webApplication,A4,baseline,LN,TDB,Task,1,2.3574560989967277,2.357456109609647,NaN,0.49999999774907367,4.714912219219295
A4_webApplication,A4,baseline,LN,ERB,Entry,1,1.8421052283536896,NaN,0.6999999884170971,NaN,2.631578941192876
A4_webApplication,A4,baseline,LN,ERS,Entry,1,1.6666666351643662,NaN,0.799999986660289,NaN,2.0833333286942883
A4_webApplication,A4,baseline,LN,EAppB,Entry,1,1.8421052360496937,NaN,0.6999999950970682,NaN,2.631578927074494
A4_webApplication,A4,baseline,LN,EAppS,Entry,1,1.6666666419189162,NaN,0.7999999949055981,NaN,2.0833333156653167
A4_webApplication,A4,baseline,LN,EDB,Entry,1,2.3574560989967277,NaN,0.4999999977490737,NaN,4.714912219219295
A4_webApplication,A4,baseline,LN,ARB,Activity,1,1.842105261654709,0.0,0.7000000010714843,0.0,2.6315789411928763
A4_webApplication,A4,baseline,LN,ARS,Activity,1,1.66666666065452,0.0,0.7999999988955627,0.0,2.0833333286942888
A4_webApplication,A4,baseline,LN,AAppB,Activity,1,1.8421052360496923,0.13157894635372475,0.6999999950970675,0.1116279068009393,2.6315789270744947
A4_webApplication,A4,baseline,LN,AAppS,Activity,1,1.666666641918916,0.15624999867489878,0.799999994905598,0.1325581392241839,2.0833333156653167
A4_webApplication,A4,baseline,LN,ADB,Activity,1,2.3574560989967277,2.357456109609647,0.4999999977490738,0.49999999774907367,4.714912219219294
A4_databaseBackend,A4,baseline,LN,P1,Processor,1,NaN,0.0,NaN,NaN,NaN
A4_databaseBackend,A4,baseline,LN,P2,Processor,1,NaN,0.0,NaN,NaN,NaN
A4_databaseBackend,A4,baseline,LN,P3,Processor,1,NaN,0.0,NaN,NaN,NaN
A4_databaseBackend,A4,baseline,LN,P4,Processor,1,NaN,0.45299235095747253,NaN,NaN,NaN
A4_databaseBackend,A4,baseline,LN,T1,RefTask,1,1.8803056264894802,0.0,NaN,0.0,3.623938859911695
A4_databaseBackend,A4,baseline,LN,T2,Task,1,1.8803056163332201,0.0,NaN,0.0,3.6239388403384045
A4_databaseBackend,A4,baseline,LN,T3,Task,1,1.8803056061465149,0.0,NaN,0.0,3.6239388207059418
A4_databaseBackend,A4,baseline,LN,T4,Task,1,1.8803055993772881,0.45299235095747253,NaN,0.518856884504495,3.6239388076597807
A4_databaseBackend,A4,baseline,LN,E1,Entry,1,1.8803056264894802,NaN,0.5188568845047506,NaN,3.623938859911695
A4_databaseBackend,A4,baseline,LN,E2,Entry,1,1.8803056163332201,NaN,0.5188568845046062,NaN,3.6239388403384045
A4_databaseBackend,A4,baseline,LN,E3,Entry,1,1.8803056061465149,NaN,0.5188568845045326,NaN,3.6239388207059418
A4_databaseBackend,A4,baseline,LN,E4,Entry,1,1.8803055993772881,NaN,0.518856884504495,NaN,3.6239388076597807
A4_databaseBackend,A4,baseline,LN,A1,Activity,1,1.8803056410665515,0.0,0.518856888527189,0.0,3.6239388599116964
A4_databaseBackend,A4,baseline,LN,A2,Activity,1,1.8803056417430837,0.0,0.5188568915162762,0.0,3.623938840338405
A4_databaseBackend,A4,baseline,LN,A3,Activity,1,1.8803056315360656,0.0,0.5188568915105974,0.0,3.623938820705942
A4_databaseBackend,A4,baseline,LN,A4,Activity,1,1.880305599377996,0.45299235095747253,0.5188568845046904,0.518856884504495,3.6239388076597803
A4_threeTier_sequence,A4,baseline,LN,PC,Processor,1,NaN,0.0,NaN,NaN,NaN
A4_threeTier_sequence,A4,baseline,LN,PApp,Processor,1,NaN,0.4648691403497148,NaN,NaN,NaN
A4_threeTier_sequence,A4,baseline,LN,PDB,Processor,1,NaN,2.1251160588767455,NaN,NaN,NaN
A4_threeTier_sequence,A4,baseline,LN,RClient,RefTask,1,4.06162928278516,0.0,NaN,0.0,5.312790203643102
A4_threeTier_sequence,A4,baseline,LN,TApp,Task,1,4.0616292612126506,0.4648691403497148,NaN,0.36450022061853726,5.312790175425313
A4_threeTier_sequence,A4,baseline,LN,TDB,Task,1,2.1251160588767455,2.1251160588767455,NaN,0.3999999999999999,5.3127901471918655
A4_threeTier_sequence,A4,baseline,LN,EC,Entry,1,4.06162928278516,NaN,0.7645002206185382,NaN,5.312790203643102
A4_threeTier_sequence,A4,baseline,LN,EApp,Entry,1,4.0616292612126506,NaN,0.7645002206185375,NaN,5.312790175425313
A4_threeTier_sequence,A4,baseline,LN,EDB,Entry,1,2.1251160588767455,NaN,0.39999999999999986,NaN,5.3127901471918655
A4_threeTier_sequence,A4,baseline,LN,A_client,Activity,1,4.0616293359138345,0.0,0.7645002306186833,0.0,5.312790203643104
A4_threeTier_sequence,A4,baseline,LN,A_validate,Activity,1,0.8299342247325096,0.1992296315784492,0.15621438026508727,0.15621438026508738,5.312790175425313
A4_threeTier_sequence,A4,baseline,LN,A_query,Activity,1,2.678405553325131,0.13281975438563284,0.5041429201767248,0.10414292017672493,5.312790175425313
A4_threeTier_sequence,A4,baseline,LN,A_format,Activity,1,0.5532894831550063,0.1328197543856328,0.10414292017672486,0.10414292017672491,5.312790175425311
A4_threeTier_sequence,A4,baseline,LN,A_db,Activity,1,2.1251160588767464,2.1251160588767455,0.40000000000000013,0.3999999999999999,5.312790147191864
A4_parallelService_andFork,A4,baseline,LN,PC,Processor,1,NaN,0.0,NaN,NaN,NaN
A4_parallelService_andFork,A4,baseline,LN,PSvc,Processor,1,NaN,7.243206366059491,NaN,NaN,NaN
A4_parallelService_andFork,A4,baseline,LN,RClient,RefTask,1,6.664721865300685,0.0,NaN,0.0,6.66763900067357
A4_parallelService_andFork,A4,baseline,LN,TSvc,Task,1,7.243206319014128,7.243206366059491,NaN,0.9995624935044338,7.246376655870391
A4_parallelService_andFork,A4,baseline,LN,EC,Entry,1,6.664721865300685,NaN,0.9995624935044339,NaN,6.66763900067357
A4_parallelService_andFork,A4,baseline,LN,ESvc,Entry,1,7.243206319014128,NaN,0.9995624935044338,NaN,7.246376655870391
A4_parallelService_andFork,A4,baseline,LN,A_client,Activity,1,6.664721911974159,0.0,0.9995625005044338,0.0,6.667639000673572
A4_parallelService_andFork,A4,baseline,LN,A_fork,Activity,1,0.0,0.0,0.0,0.0,7.246376655870391
A4_parallelService_andFork,A4,baseline,LN,A_b1,Activity,1,4.345923791408476,4.345923819635694,0.5999999961029389,0.5997374961026603,7.243206366059489
A4_parallelService_andFork,A4,baseline,LN,A_b2,Activity,1,2.897282527605652,2.897282546423797,0.39999999740195946,0.3998249974017736,7.24320636605949
A4_parallelService_andFork,A4,baseline,LN,A_join,Activity,1,0.0,0.0,0.0,0.0,7.246376655870391
A4_retryLoop,A4,baseline,LN,PC,Processor,1,NaN,0.0,NaN,NaN,NaN
A4_retryLoop,A4,baseline,LN,PSvc,Processor,1,NaN,0.0,NaN,NaN,NaN
A4_retryLoop,A4,baseline,LN,PDown,Processor,1,NaN,0.8100923160305906,NaN,NaN,NaN
A4_retryLoop,A4,baseline,LN,RClient,RefTask,1,4.198768505887375,0.0,NaN,0.0,5.4006156928037905
A4_retryLoop,A4,baseline,LN,TSvc,Task,1,4.198768400132247,0.0,NaN,0.0,5.400615556777675
A4_retryLoop,A4,baseline,LN,TDown,Task,1,4.198768309500642,0.8100923160305906,NaN,0.25915369312934505,16.201846320611814
A4_retryLoop,A4,baseline,LN,EC,Entry,1,4.198768505887375,NaN,0.7774610793880682,NaN,5.4006156928037905
A4_retryLoop,A4,baseline,LN,ESvc,Entry,1,4.198768400132247,NaN,0.7774610793880465,NaN,5.400615556777675
A4_retryLoop,A4,baseline,LN,EDown,Entry,1,4.198768309500642,NaN,0.25915369312934505,NaN,16.201846320611814
A4_retryLoop,A4,baseline,LN,A_client,Activity,1,4.198768559914585,0.0,0.7774610893919665,0.0,5.400615692803791
A4_retryLoop,A4,baseline,LN,A_head,Activity,1,0.0,0.0,0.0,0.0,5.400615556777675
A4_retryLoop,A4,baseline,LN,A_body,Activity,1,4.198768400142987,0.0,0.2591536931300117,0.0,16.201846670333026
A4_retryLoop,A4,baseline,LN,A_end,Activity,1,0.0,0.0,0.0,0.0,5.400615556777675
A4_retryLoop,A4,baseline,LN,A_down,Activity,1,4.198768309500797,0.8100923160305906,0.2591536931293546,0.25915369312934505,16.201846320611814
A4_replyThenLog,A4,baseline,LN,PC,Processor,1,NaN,0.0,NaN,NaN,NaN
A4_replyThenLog,A4,baseline,LN,PSvc,Processor,1,NaN,0.9999999868109368,NaN,NaN,NaN
A4_replyThenLog,A4,baseline,LN,RClient,RefTask,1,12.777777781566172,0.0,NaN,0.0,1.111111098102145
A4_replyThenLog,A4,baseline,LN,TSvc,Task,1,12.777777762642362,0.9999999868109368,NaN,11.500000138052355,1.1111110964565964
A4_replyThenLog,A4,baseline,LN,EC,Entry,1,12.777777781566172,NaN,11.500000138052355,NaN,1.111111098102145
A4_replyThenLog,A4,baseline,LN,ESvc,Entry,1,12.777777762642362,NaN,8.755144137540363,NaN,1.1111110964565964
A4_replyThenLog,A4,baseline,LN,A_client,Activity,1,12.777777791566377,0.0,11.500000147052535,0.0,1.1111110981021455
A4_replyThenLog,A4,baseline,LN,A_handle,Activity,1,5.679012338952164,0.4444444385826386,5.111111172467716,5.111111172467714,1.1111110964565964
A4_replyThenLog,A4,baseline,LN,A_reply,Activity,1,2.839506169476082,0.2222222192913193,2.555555586233858,2.555555586233857,1.1111110964565964
A4_replyThenLog,A4,baseline,LN,A_log,Activity,1,4.259259254214121,0.3333333289369789,3.833333379350785,3.833333379350784,1.1111110964565964
A5_orForkUneven,?,baseline,LN,PR,Processor,1,NaN,0.0,NaN,NaN,NaN
A5_orForkUneven,?,baseline,LN,PS,Processor,1,NaN,0.989479020155452,NaN,NaN,NaN
A5_orForkUneven,?,baseline,LN,T1,RefTask,1,9.584431142692903,0.0,NaN,0.0,5.207784376556676
A5_orForkUneven,?,baseline,LN,T2,Task,1,9.584431032362412,0.989479020155452,NaN,1.8404047575084144,5.2077843166076425
A5_orForkUneven,?,baseline,LN,E1,Entry,1,9.584431142692903,NaN,1.8404047575084155,NaN,5.207784376556676
A5_orForkUneven,?,baseline,LN,E2,Entry,1,9.584431032362412,NaN,1.8404047575084144,NaN,5.2077843166076425
A5_orForkUneven,?,baseline,LN,A1,Activity,1,9.584431189563885,0.0,1.8404047665085919,0.0,5.207784376556678
A5_orForkUneven,?,baseline,LN,A_or,Activity,1,0.0,0.0,0.0,0.0,5.2077843166076425
A5_orForkUneven,?,baseline,LN,A_x,Activity,1,8.82776542454432,0.9113622554063373,2.421585207247912,1.6951096450735395,3.6454490216253492
A5_orForkUneven,?,baseline,LN,A_y,Activity,1,0.7566656078180851,0.07811676474911466,0.48431704144958254,0.14529511243487486,1.5623352949822933
A5_orForkThreeWay,?,baseline,LN,PR,Processor,1,NaN,0.0,NaN,NaN,NaN
A5_orForkThreeWay,?,baseline,LN,PS,Processor,1,NaN,0.7780918417717717,NaN,NaN,NaN
A5_orForkThreeWay,?,baseline,LN,T1,RefTask,1,3.8844020154669523,0.0,NaN,0.0,5.557798936673859
A5_orForkThreeWay,?,baseline,LN,T2,Task,1,3.884401968726989,0.7780918417717717,NaN,0.6989101368592548,5.557798869798368
A5_orForkThreeWay,?,baseline,LN,E1,Entry,1,3.8844020154669523,NaN,0.6989101368592556,NaN,5.557798936673859
A5_orForkThreeWay,?,baseline,LN,E2,Entry,1,3.884401968726989,NaN,0.6989101368592548,NaN,5.557798869798368
A5_orForkThreeWay,?,baseline,LN,A1,Activity,1,3.8844020710456437,0.0,0.6989101468593817,0.0,5.557798936673861
A5_orForkThreeWay,?,baseline,LN,A_or,Activity,1,0.0,0.0,0.0,0.0,5.557798869798366
A5_orForkThreeWay,?,baseline,LN,A_b1,Activity,1,2.7745728348049896,0.5557798869798369,0.9984430526560775,0.4992215263280393,2.778899434899184
A5_orForkThreeWay,?,baseline,LN,A_b2,Activity,1,0.8323718504414971,0.16673396609395105,0.49922152632803873,0.14976645789841175,1.6673396609395106
A5_orForkThreeWay,?,baseline,LN,A_b3,Activity,1,0.27745728348049886,0.055577988697983666,0.24961076316401937,0.04992215263280389,1.111559773959673
A5_andForkThreeWay,?,baseline,LN,PR,Processor,1,NaN,0.0,NaN,NaN,NaN
A5_andForkThreeWay,?,baseline,LN,PS,Processor,1,NaN,11.73637044048594,NaN,NaN,NaN
A5_andForkThreeWay,?,baseline,LN,T1,RefTask,1,8.999153457446674,0.0,NaN,0.0,3.0004232412728387
A5_andForkThreeWay,?,baseline,LN,T2,Task,1,11.736370333016772,11.73637044048594,NaN,2.9992946773832667,3.913043430349486
A5_andForkThreeWay,?,baseline,LN,E1,Entry,1,8.999153457446674,NaN,2.9992946773832667,NaN,3.0004232412728387
A5_andForkThreeWay,?,baseline,LN,E2,Entry,1,11.736370333016772,NaN,2.9992946773832667,NaN,3.913043430349486
A5_andForkThreeWay,?,baseline,LN,A1,Activity,1,8.999153472448794,0.0,2.999294682383267,0.0,3.0004232412728395
A5_andForkThreeWay,?,baseline,LN,A_fork,Activity,1,0.0,0.0,0.0,0.0,3.913043430349486
A5_andForkThreeWay,?,baseline,LN,A_p1,Activity,1,3.912123444338923,3.91212348016198,0.9999999908430658,0.9997648924610889,3.91212348016198
A5_andForkThreeWay,?,baseline,LN,A_p2,Activity,1,3.912123444338923,3.91212348016198,0.9999999908430658,0.9997648924610889,3.91212348016198
A5_andForkThreeWay,?,baseline,LN,A_p3,Activity,1,3.9121234443389223,3.9121234801619797,0.9999999908430658,0.9997648924610887,3.9121234801619797
A5_andForkThreeWay,?,baseline,LN,A_join,Activity,1,0.0,0.0,0.0,0.0,3.913043430349486
A5_andForkMultiAct,?,baseline,LN,PR,Processor,1,NaN,0.0,NaN,NaN,NaN
A5_andForkMultiAct,?,baseline,LN,PS,Processor,1,NaN,4.345923820279477,NaN,NaN,NaN
A5_andForkMultiAct,?,baseline,LN,T1,RefTask,1,3.9988331042072036,0.0,NaN,0.0,4.000583407890745
A5_andForkMultiAct,?,baseline,LN,T2,Task,1,4.34592376764685,4.345923820279477,NaN,0.9995624878911188,4.347825994166606
A5_andForkMultiAct,?,baseline,LN,E1,Entry,1,3.9988331042072036,NaN,0.9995624878911188,NaN,4.000583407890745
A5_andForkMultiAct,?,baseline,LN,E2,Entry,1,4.34592376764685,NaN,0.9995624878911189,NaN,4.347825994166606
A5_andForkMultiAct,?,baseline,LN,A1,Activity,1,3.9988331402124575,0.0,0.999562496891119,0.0,4.000583407890748
A5_andForkMultiAct,?,baseline,LN,A_fork,Activity,1,0.0,0.0,0.0,0.0,4.347825994166609
A5_andForkMultiAct,?,baseline,LN,A_p1a,Activity,1,1.73836950705874,1.7383695281117912,0.3999999951556788,0.39982499515644754,4.345923820279477
A5_andForkMultiAct,?,baseline,LN,A_p1b,Activity,1,0.86918475352937,0.8691847640558956,0.1999999975778394,0.19991249757822377,4.345923820279477
A5_andForkMultiAct,?,baseline,LN,A_p2a,Activity,1,1.303777130294055,1.3037771460838428,0.2999999963667591,0.2998687463673356,4.345923820279477
A5_andForkMultiAct,?,baseline,LN,A_p2b,Activity,1,0.434592376764685,0.4345923820279478,0.0999999987889197,0.09995624878911188,4.345923820279477
A5_andForkMultiAct,?,baseline,LN,A_join,Activity,1,0.0,0.0,0.0,0.0,4.347825994166609
A5_seqMultiEntry,?,baseline,LN,PR,Processor,1,NaN,0.0,NaN,NaN,NaN
A5_seqMultiEntry,?,baseline,LN,PS,Processor,1,NaN,0.9960522058325525,NaN,NaN,NaN
A5_seqMultiEntry,?,baseline,LN,T1,RefTask,1,9.308273009403859,0.0,NaN,0.0,2.845863466829117
A5_seqMultiEntry,?,baseline,LN,T2,Task,1,9.308272938776465,0.9960522058325525,NaN,1.635404002669039,5.6917268904717275
A5_seqMultiEntry,?,baseline,LN,E1,Entry,1,9.308273009403859,NaN,3.2708080053380804,NaN,2.845863466829117
A5_seqMultiEntry,?,baseline,LN,E2A,Entry,1,3.9892598309041993,NaN,1.4017748594306048,NaN,2.8458634452358638
A5_seqMultiEntry,?,baseline,LN,E2B,Entry,1,5.319013107872267,NaN,1.8690331459074736,NaN,2.8458634452358633
A5_seqMultiEntry,?,baseline,LN,A1,Activity,1,9.308273009404365,0.0,3.270808005338258,0.0,2.845863466829117
A5_seqMultiEntry,?,baseline,LN,A_a1,Activity,1,1.3297532769680662,0.1422931722617932,0.46725828647686823,0.23362914323843412,2.8458634452358633
A5_seqMultiEntry,?,baseline,LN,A_a2,Activity,1,2.6595065539361324,0.2845863445235864,0.9345165729537365,0.46725828647686823,2.8458634452358633
A5_seqMultiEntry,?,baseline,LN,A_b1,Activity,1,1.9946299154520994,0.2134397583926898,0.7008874297153023,0.35044371485765113,2.8458634452358638
A5_seqMultiEntry,?,baseline,LN,A_b2,Activity,1,3.3243831924201666,0.3557329306544831,1.1681457161921704,0.5840728580960856,2.8458634452358647
A5_replyAtBound,?,baseline,LN,PR,Processor,1,NaN,0.0,NaN,NaN,NaN
A5_replyAtBound,?,baseline,LN,PS,Processor,1,NaN,0.9999823402194249,NaN,NaN,NaN
A5_replyAtBound,?,baseline,LN,T1,RefTask,1,8.181850269017904,0.0,NaN,0.0,0.9090748563972033
A5_replyAtBound,?,baseline,LN,T2,Task,1,8.181850254147143,0.9999823402194249,NaN,9.00019422101693,0.9090748547449321
A5_replyAtBound,?,baseline,LN,E1,Entry,1,8.181850269017904,NaN,9.00019422101693,NaN,0.9090748563972033
A5_replyAtBound,?,baseline,LN,E2,Entry,1,8.181850254147143,NaN,6.5659010623047624,NaN,0.9090748547449321
A5_replyAtBound,?,baseline,LN,A1,Activity,1,8.181850274472524,0.0,9.000194227017113,0.0,0.9090748563972036
A5_replyAtBound,?,baseline,LN,A_bound,Activity,1,1.4876091371176619,0.18181497094898635,1.6363989492758058,1.6363989492758053,0.9090748547449317
A5_replyAtBound,?,baseline,LN,A_bg1,Activity,1,2.9752182742353237,0.3636299418979727,3.2727978985516115,3.2727978985516106,0.9090748547449317
A5_replyAtBound,?,baseline,LN,A_bg2,Activity,1,3.719022842794155,0.45453742737246583,4.090997373189515,4.090997373189515,0.9090748547449317
A5_combinedDag,?,baseline,LN,PR,Processor,1,NaN,0.0,NaN,NaN,NaN
A5_combinedDag,?,baseline,LN,PS,Processor,1,NaN,5.18618023036947,NaN,NaN,NaN
A5_combinedDag,?,baseline,LN,T1,RefTask,1,4.923382878061946,0.0,NaN,0.0,2.5383085355861654
A5_combinedDag,?,baseline,LN,T2,Task,1,5.186180048490812,5.18618023036947,NaN,1.9396313761853228,2.6737967389919635
A5_combinedDag,?,baseline,LN,E1,Entry,1,4.923382878061946,NaN,1.939631376185323,NaN,2.5383085355861654
A5_combinedDag,?,baseline,LN,E2,Entry,1,5.186180048490812,NaN,1.6571815297249923,NaN,2.6737967389919635
A5_combinedDag,?,baseline,LN,A1,Activity,1,4.923382900906725,0.0,1.9396313851853229,0.0,2.5383085355861668
A5_combinedDag,?,baseline,LN,A_init,Activity,1,0.2673796623473741,0.2673796738991965,0.09999999567961836,0.0999999956796184,2.6737967389919644
A5_combinedDag,?,baseline,LN,A_loop_head,Activity,1,0.0,0.0,0.0,0.0,2.6737967389919644
A5_combinedDag,?,baseline,LN,A_loop_body,Activity,1,1.069518649389497,1.069518695596787,0.1999999913592367,0.3999999827184739,5.347593477983932
A5_combinedDag,?,baseline,LN,A_loop_end,Activity,1,0.0,0.0,0.0,0.0,2.6737967389919652
A5_combinedDag,?,baseline,LN,A_or_x,Activity,1,0.5614972909294856,0.5614973151883128,0.299999987038855,0.2099999909271988,1.8716577172943758
A5_combinedDag,?,baseline,LN,A_or_y,Activity,1,0.08021389870421214,0.08021390216975886,0.09999999567961831,0.02999999870388549,0.8021390216975888
A5_combinedDag,?,baseline,LN,A_after_or,Activity,1,0.0,0.0,0.0,0.0,2.6737967389919644
A5_combinedDag,?,baseline,LN,A_and_p1,Activity,1,1.0690259488653722,1.0690259739593153,0.3999999906105395,0.3998157127188364,2.6725649348982876
A5_combinedDag,?,baseline,LN,A_and_p2,Activity,1,1.069025948865372,1.0690259739593146,0.3999999906105395,0.3998157127188362,2.672564934898287
A5_combinedDag,?,baseline,LN,A_join,Activity,1,0.267379662347374,0.2673796738991965,0.09999999567961831,0.09999999567961837,2.6737967389919644
A5_combinedDag,?,baseline,LN,A_phase2,Activity,1,0.802138987042122,0.8021390216975891,0.299999987038855,0.2999999870388551,2.6737967389919644
C6_multiclassAndFork,C6,baseline,LN,PR,Processor,1,NaN,0.0,NaN,NaN,NaN
C6_multiclassAndFork,C6,baseline,LN,PS,Processor,1,NaN,10.056744014061323,NaN,NaN,NaN
C6_multiclassAndFork,C6,baseline,LN,R1,RefTask,1,4.857956102099742,0.0,NaN,0.0,5.071049109503315
C6_multiclassAndFork,C6,baseline,LN,R2,RefTask,1,4.4353686881527,0.0,NaN,0.0,4.2258742599413
C6_multiclassAndFork,C6,baseline,LN,T2,Task,1,10.057172460414032,10.056744014061323,NaN,0.9996220120528383,10.060975387847378
C6_multiclassAndFork,C6,baseline,LN,ER1,Entry,1,4.857956102099742,NaN,0.9579785163184024,NaN,5.071049109503315
C6_multiclassAndFork,C6,baseline,LN,ER2,Entry,1,4.4353686881527,NaN,1.0495742218828608,NaN,4.2258742599413
C6_multiclassAndFork,C6,baseline,LN,E2a,Entry,1,5.257244758071123,NaN,0.9579868444923586,NaN,5.487804752534948
C6_multiclassAndFork,C6,baseline,LN,E2b,Entry,1,4.7999277023429086,NaN,1.0495842130358168,NaN,4.573170635312435
C6_multiclassAndFork,C6,baseline,LN,A1,Activity,1,4.857877345816698,0.0,0.9579629857484264,0.0,5.071049109503319
C6_multiclassAndFork,C6,baseline,LN,A2,Activity,1,4.435289923418604,0.0,1.0495555831990635,0.0,4.2258742599413015
C6_multiclassAndFork,C6,baseline,LN,Af_a,Activity,1,0.0,0.0,0.0,0.0,5.487804752534947
C6_multiclassAndFork,C6,baseline,LN,Aa1,Activity,1,2.628515258933044,2.628515268168144,0.49999999824328584,0.26126913919405204,5.257030536336288
C6_multiclassAndFork,C6,baseline,LN,Aa2,Activity,1,2.6285152589330445,2.6285152681681447,0.4999999982432858,0.26126913919405204,5.2570305363362895
C6_multiclassAndFork,C6,baseline,LN,Aj_a,Activity,1,0.0,0.0,0.0,0.0,5.487804752534945
C6_multiclassAndFork,C6,baseline,LN,Af_b,Activity,1,0.0,0.0,0.0,0.0,4.573170635312435
C6_multiclassAndFork,C6,baseline,LN,Ab1,Activity,1,1.9198853848552624,1.9198853910900135,0.399999998701016,0.1908334934658937,4.799713477725033
C6_multiclassAndFork,C6,baseline,LN,Ab2,Activity,1,2.8798280772828933,2.8798280866350203,0.5999999980515239,0.2862502401988405,4.799713477725033
C6_multiclassAndFork,C6,baseline,LN,Aj_b,Activity,1,0.0,0.0,0.0,0.0,4.573170635312439
B_scaleAxis_tasks5_chain,B,baseline,LN,P1,Processor,1,NaN,0.0,NaN,NaN,NaN
B_scaleAxis_tasks5_chain,B,baseline,LN,P2,Processor,1,NaN,0.0,NaN,NaN,NaN
B_scaleAxis_tasks5_chain,B,baseline,LN,P3,Processor,1,NaN,0.0,NaN,NaN,NaN
B_scaleAxis_tasks5_chain,B,baseline,LN,P4,Processor,1,NaN,0.0,NaN,NaN,NaN
B_scaleAxis_tasks5_chain,B,baseline,LN,P5,Processor,1,NaN,0.9999807699386721,NaN,NaN,NaN
B_scaleAxis_tasks5_chain,B,baseline,LN,T1,RefTask,1,27.500047736262086,0.0,NaN,0.0,4.999903963977453
B_scaleAxis_tasks5_chain,B,baseline,LN,T2,Task,1,27.50004767072082,0.0,NaN,0.0,4.999903917569266
B_scaleAxis_tasks5_chain,B,baseline,LN,T3,Task,1,27.500047574577497,0.0,NaN,0.0,4.999903865584975
B_scaleAxis_tasks5_chain,B,baseline,LN,T4,Task,1,27.50004746139134,0.0,NaN,0.0,4.999903810495299
B_scaleAxis_tasks5_chain,B,baseline,LN,T5,Task,1,27.500047866817575,0.9999807699386721,NaN,5.50011534091883,4.999903849693362
B_scaleAxis_tasks5_chain,B,baseline,LN,E1,Entry,1,27.500047736262086,NaN,5.500115189089679,NaN,4.999903963977453
B_scaleAxis_tasks5_chain,B,baseline,LN,E2,Entry,1,27.50004767072082,NaN,5.50011522703223,NaN,4.999903917569266
B_scaleAxis_tasks5_chain,B,baseline,LN,E3,Entry,1,27.500047574577497,NaN,5.500115264988214,NaN,4.999903865584975
B_scaleAxis_tasks5_chain,B,baseline,LN,E4,Entry,1,27.50004746139134,NaN,5.500115302951626,NaN,4.999903810495299
B_scaleAxis_tasks5_chain,B,baseline,LN,E5,Entry,1,27.500047866817575,NaN,5.50011534091883,NaN,4.999903849693362
B_scaleAxis_tasks5_chain,B,baseline,LN,AS1,Activity,1,27.5000478110103,0.0,5.5001152040396075,0.0,4.999903963977455
B_scaleAxis_tasks5_chain,B,baseline,LN,AS2,Activity,1,27.5000477372866,0.0,5.5001152403456395,0.0,4.999903917569268
B_scaleAxis_tasks5_chain,B,baseline,LN,AS3,Activity,1,27.500047636720158,0.0,5.500115277416983,0.0,4.999903865584977
B_scaleAxis_tasks5_chain,B,baseline,LN,AS4,Activity,1,27.500047521146605,0.0,5.5001153149029065,0.0,4.999903810495301
B_scaleAxis_tasks5_chain,B,baseline,LN,AS5,Activity,1,27.500047866996002,0.9999807699386721,5.500115340954517,5.50011534091883,4.999903849693361
B_scaleAxis_tasks10_chain,B,baseline,LN,P1,Processor,1,NaN,0.0,NaN,NaN,NaN
B_scaleAxis_tasks10_chain,B,baseline,LN,P2,Processor,1,NaN,0.0,NaN,NaN,NaN
B_scaleAxis_tasks10_chain,B,baseline,LN,P3,Processor,1,NaN,0.0,NaN,NaN,NaN
B_scaleAxis_tasks10_chain,B,baseline,LN,P4,Processor,1,NaN,0.0,NaN,NaN,NaN
B_scaleAxis_tasks10_chain,B,baseline,LN,P5,Processor,1,NaN,0.0,NaN,NaN,NaN
B_scaleAxis_tasks10_chain,B,baseline,LN,P6,Processor,1,NaN,0.0,NaN,NaN,NaN
B_scaleAxis_tasks10_chain,B,baseline,LN,P7,Processor,1,NaN,0.0,NaN,NaN,NaN
B_scaleAxis_tasks10_chain,B,baseline,LN,P8,Processor,1,NaN,0.0,NaN,NaN,NaN
B_scaleAxis_tasks10_chain,B,baseline,LN,P9,Processor,1,NaN,0.0,NaN,NaN,NaN
B_scaleAxis_tasks10_chain,B,baseline,LN,P10,Processor,1,NaN,0.9999807700575667,NaN,NaN,NaN
B_scaleAxis_tasks10_chain,B,baseline,LN,T1,RefTask,1,27.495650282119144,0.0,NaN,0.0,4.999089146903818
B_scaleAxis_tasks10_chain,B,baseline,LN,T2,Task,1,27.497145887711625,0.0,NaN,0.0,4.999367129336532
B_scaleAxis_tasks10_chain,B,baseline,LN,T3,Task,1,27.498148054287586,0.0,NaN,0.0,4.999553047084819
B_scaleAxis_tasks10_chain,B,baseline,LN,T4,Task,1,27.498813413156157,0.0,NaN,0.0,4.9996762724750425
B_scaleAxis_tasks10_chain,B,baseline,LN,T5,Task,1,27.49925134548366,0.0,NaN,0.0,4.999757251802395
B_scaleAxis_tasks10_chain,B,baseline,LN,T6,Task,1,27.499537243431,0.0,NaN,0.0,4.999810039846336
B_scaleAxis_tasks10_chain,B,baseline,LN,T7,Task,1,27.499722469265336,0.0,NaN,0.0,4.999844189529466
B_scaleAxis_tasks10_chain,B,baseline,LN,T8,Task,1,27.49984174147736,0.0,NaN,0.0,4.999866144898854
B_scaleAxis_tasks10_chain,B,baseline,LN,T9,Task,1,27.499918978671214,0.0,NaN,0.0,4.999880320306134
B_scaleAxis_tasks10_chain,B,baseline,LN,T10,Task,1,27.50004806763411,0.9999807700575667,NaN,5.500115380428964,4.999903850287834
B_scaleAxis_tasks10_chain,B,baseline,LN,E1,Entry,1,27.495650282119144,NaN,5.50013201887959,NaN,4.999089146903818
B_scaleAxis_tasks10_chain,B,baseline,LN,E2,Entry,1,27.497145887711625,NaN,5.500125351138351,NaN,4.999367129336532
B_scaleAxis_tasks10_chain,B,baseline,LN,E3,Entry,1,27.498148054287586,NaN,5.500121269904604,NaN,4.999553047084819
B_scaleAxis_tasks10_chain,B,baseline,LN,E4,Entry,1,27.498813413156157,NaN,5.500118790599842,NaN,4.9996762724750425
B_scaleAxis_tasks10_chain,B,baseline,LN,E5,Entry,1,27.49925134548366,NaN,5.500117297808864,NaN,4.999757251802395
B_scaleAxis_tasks10_chain,B,baseline,LN,E6,Entry,1,27.499537243431,NaN,5.500116409277855,NaN,4.999810039846336
B_scaleAxis_tasks10_chain,B,baseline,LN,E7,Entry,1,27.499722469265336,NaN,5.500115888981997,NaN,4.999844189529466
B_scaleAxis_tasks10_chain,B,baseline,LN,E8,Entry,1,27.49984174147736,NaN,5.500115592001249,NaN,4.999866144898854
B_scaleAxis_tasks10_chain,B,baseline,LN,E9,Entry,1,27.499918978671214,NaN,5.500115446160808,NaN,4.999880320306134
B_scaleAxis_tasks10_chain,B,baseline,LN,E10,Entry,1,27.50004806763411,NaN,5.500115380428964,NaN,4.999903850287834
B_scaleAxis_tasks10_chain,B,baseline,LN,AS1,Activity,1,27.49711835483591,0.0,5.5004256869206305,0.0,4.9990891469038194
B_scaleAxis_tasks10_chain,B,baseline,LN,AS2,Activity,1,27.49808424576629,0.0,5.500313046506662,0.0,4.999367129336533
B_scaleAxis_tasks10_chain,B,baseline,LN,AS3,Activity,1,27.498743560192082,0.0,5.5002403817329775,0.0,4.99955304708482
B_scaleAxis_tasks10_chain,B,baseline,LN,AS4,Activity,1,27.49918879807012,0.0,5.500193872443845,0.0,4.999676272475044
B_scaleAxis_tasks10_chain,B,baseline,LN,AS5,Activity,1,27.49948647423752,0.0,5.50016432584283,0.0,4.999757251802396
B_scaleAxis_tasks10_chain,B,baseline,LN,AS6,Activity,1,27.499683639333348,0.0,5.500145689570741,0.0,4.999810039846338
B_scaleAxis_tasks10_chain,B,baseline,LN,AS7,Activity,1,27.499813104562307,0.0,5.500134016606285,0.0,4.999844189529467
B_scaleAxis_tasks10_chain,B,baseline,LN,AS8,Activity,1,27.499897557943356,0.0,5.500126755593306,0.0,4.999866144898856
B_scaleAxis_tasks10_chain,B,baseline,LN,AS9,Activity,1,27.499953109674074,0.0,5.500122272524773,0.0,4.999880320306136
B_scaleAxis_tasks10_chain,B,baseline,LN,AS10,Activity,1,27.500054783828634,0.9999807700575667,5.5001167236937,5.500115380428964,4.999903850287834
B_scaleAxis_tasks20_chain,B,baseline,LN,P1,Processor,1,NaN,0.0,NaN,NaN,NaN
B_scaleAxis_tasks20_chain,B,baseline,LN,P2,Processor,1,NaN,0.0,NaN,NaN,NaN
B_scaleAxis_tasks20_chain,B,baseline,LN,P3,Processor,1,NaN,0.0,NaN,NaN,NaN
B_scaleAxis_tasks20_chain,B,baseline,LN,P4,Processor,1,NaN,0.0,NaN,NaN,NaN
B_scaleAxis_tasks20_chain,B,baseline,LN,P5,Processor,1,NaN,0.0,NaN,NaN,NaN
B_scaleAxis_tasks20_chain,B,baseline,LN,P6,Processor,1,NaN,0.0,NaN,NaN,NaN
B_scaleAxis_tasks20_chain,B,baseline,LN,P7,Processor,1,NaN,0.0,NaN,NaN,NaN
B_scaleAxis_tasks20_chain,B,baseline,LN,P8,Processor,1,NaN,0.0,NaN,NaN,NaN
B_scaleAxis_tasks20_chain,B,baseline,LN,P9,Processor,1,NaN,0.0,NaN,NaN,NaN
B_scaleAxis_tasks20_chain,B,baseline,LN,P10,Processor,1,NaN,0.0,NaN,NaN,NaN
B_scaleAxis_tasks20_chain,B,baseline,LN,P11,Processor,1,NaN,0.0,NaN,NaN,NaN
B_scaleAxis_tasks20_chain,B,baseline,LN,P12,Processor,1,NaN,0.0,NaN,NaN,NaN
B_scaleAxis_tasks20_chain,B,baseline,LN,P13,Processor,1,NaN,0.0,NaN,NaN,NaN
B_scaleAxis_tasks20_chain,B,baseline,LN,P14,Processor,1,NaN,0.0,NaN,NaN,NaN
B_scaleAxis_tasks20_chain,B,baseline,LN,P15,Processor,1,NaN,0.0,NaN,NaN,NaN
B_scaleAxis_tasks20_chain,B,baseline,LN,P16,Processor,1,NaN,0.0,NaN,NaN,NaN
B_scaleAxis_tasks20_chain,B,baseline,LN,P17,Processor,1,NaN,0.0,NaN,NaN,NaN
B_scaleAxis_tasks20_chain,B,baseline,LN,P18,Processor,1,NaN,0.0,NaN,NaN,NaN
B_scaleAxis_tasks20_chain,B,baseline,LN,P19,Processor,1,NaN,0.0,NaN,NaN,NaN
B_scaleAxis_tasks20_chain,B,baseline,LN,P20,Processor,1,NaN,0.9999807712550383,NaN,NaN,NaN
B_scaleAxis_tasks20_chain,B,baseline,LN,T1,RefTask,1,27.380493721358295,0.0,NaN,0.0,4.9775644221048605
B_scaleAxis_tasks20_chain,B,baseline,LN,T2,Task,1,27.40535323233218,0.0,NaN,0.0,4.982265238815554
B_scaleAxis_tasks20_chain,B,baseline,LN,T3,Task,1,27.42576858751465,0.0,NaN,0.0,4.986105595500791
B_scaleAxis_tasks20_chain,B,baseline,LN,T4,Task,1,27.442327100761712,0.0,NaN,0.0,4.989206834535364
B_scaleAxis_tasks20_chain,B,baseline,LN,T5,Task,1,27.45559936092914,0.0,NaN,0.0,4.991683434757405
B_scaleAxis_tasks20_chain,B,baseline,LN,T6,Task,1,27.46611827236718,0.0,NaN,0.0,4.993640128901985
B_scaleAxis_tasks20_chain,B,baseline,LN,T7,Task,1,27.474365868307036,0.0,NaN,0.0,4.995170234868476
B_scaleAxis_tasks20_chain,B,baseline,LN,T8,Task,1,27.480766586653008,0.0,NaN,0.0,4.996354996303403
B_scaleAxis_tasks20_chain,B,baseline,LN,T9,Task,1,27.48568557031216,0.0,NaN,0.0,4.997263702463651
B_scaleAxis_tasks20_chain,B,baseline,LN,T10,Task,1,27.489430597872843,0.0,NaN,0.0,4.9979543615993585
B_scaleAxis_tasks20_chain,B,baseline,LN,T11,Task,1,27.492256408601648,0.0,NaN,0.0,4.998474726676391
B_scaleAxis_tasks20_chain,B,baseline,LN,T12,Task,1,27.49437040163313,0.0,NaN,0.0,4.998863507357899
B_scaleAxis_tasks20_chain,B,baseline,LN,T13,Task,1,27.495938922867666,0.0,NaN,0.0,4.9991516408200285
B_scaleAxis_tasks20_chain,B,baseline,LN,T14,Task,1,27.49709357740553,0.0,NaN,0.0,4.999363531424258
B_scaleAxis_tasks20_chain,B,baseline,LN,T15,Task,1,27.497937210767187,0.0,NaN,0.0,4.999518203819364
B_scaleAxis_tasks20_chain,B,baseline,LN,T16,Task,1,27.498549401827088,0.0,NaN,0.0,4.999630348074618
B_scaleAxis_tasks20_chain,B,baseline,LN,T17,Task,1,27.49899155318435,0.0,NaN,0.0,4.999711277785192
B_scaleAxis_tasks20_chain,B,baseline,LN,T18,Task,1,27.499312056278193,0.0,NaN,0.0,4.999769891884907
B_scaleAxis_tasks20_chain,B,baseline,LN,T19,Task,1,27.49955288711275,0.0,NaN,0.0,4.999813860859349
B_scaleAxis_tasks20_chain,B,baseline,LN,T20,Task,1,27.500047345238073,0.9999807712550383,NaN,5.50011522936062,4.999903856275191
B_scaleAxis_tasks20_chain,B,baseline,LN,E1,Entry,1,27.380493721358295,NaN,5.500781386126173,NaN,4.9775644221048605
B_scaleAxis_tasks20_chain,B,baseline,LN,E2,Entry,1,27.40535323233218,NaN,5.500580944351192,NaN,4.982265238815554
B_scaleAxis_tasks20_chain,B,baseline,LN,E3,Entry,1,27.42576858751465,NaN,5.500438781774352,NaN,4.986105595500791
B_scaleAxis_tasks20_chain,B,baseline,LN,E4,Entry,1,27.442327100761712,NaN,5.5003386331481625,NaN,4.989206834535364
B_scaleAxis_tasks20_chain,B,baseline,LN,E5,Entry,1,27.45559936092914,NaN,5.500268540619799,NaN,4.991683434757405
B_scaleAxis_tasks20_chain,B,baseline,LN,E6,Entry,1,27.46611827236718,NaN,5.50021979225133,NaN,4.993640128901985
B_scaleAxis_tasks20_chain,B,baseline,LN,E7,Entry,1,27.474365868307036,NaN,5.5001860950651755,NaN,4.995170234868476
B_scaleAxis_tasks20_chain,B,baseline,LN,E8,Entry,1,27.480766586653008,NaN,5.50016294018037,NaN,4.996354996303403
B_scaleAxis_tasks20_chain,B,baseline,LN,E9,Entry,1,27.48568557031216,NaN,5.500147121866256,NaN,4.997263702463651
B_scaleAxis_tasks20_chain,B,baseline,LN,E10,Entry,1,27.489430597872843,NaN,5.50013637761113,NaN,4.9979543615993585
B_scaleAxis_tasks20_chain,B,baseline,LN,E11,Entry,1,27.492256408601648,NaN,5.500129121765497,NaN,4.998474726676391
B_scaleAxis_tasks20_chain,B,baseline,LN,E12,Entry,1,27.49437040163313,NaN,5.5001242504748875,NaN,4.998863507357899
B_scaleAxis_tasks20_chain,B,baseline,LN,E13,Entry,1,27.495938922867666,NaN,5.500121000201828,NaN,4.9991516408200285
B_scaleAxis_tasks20_chain,B,baseline,LN,E14,Entry,1,27.49709357740553,NaN,5.500118846042776,NaN,4.999363531424258
B_scaleAxis_tasks20_chain,B,baseline,LN,E15,Entry,1,27.497937210767187,NaN,5.500117429267531,NaN,4.999518203819364
B_scaleAxis_tasks20_chain,B,baseline,LN,E16,Entry,1,27.498549401827088,NaN,5.500116506096679,NaN,4.999630348074618
B_scaleAxis_tasks20_chain,B,baseline,LN,E17,Entry,1,27.49899155318435,NaN,5.50011591176642,NaN,4.999711277785192
B_scaleAxis_tasks20_chain,B,baseline,LN,E18,Entry,1,27.499312056278193,NaN,5.500115535499372,NaN,4.999769891884907
B_scaleAxis_tasks20_chain,B,baseline,LN,E19,Entry,1,27.49955288711275,NaN,5.500115334770929,NaN,4.999813860859349
B_scaleAxis_tasks20_chain,B,baseline,LN,E20,Entry,1,27.500047345238073,NaN,5.50011522936062,NaN,4.999903856275191
B_scaleAxis_tasks20_chain,B,baseline,LN,AS1,Activity,1,27.454804974047477,0.0,5.515710625888326,0.0,4.977564422104862
B_scaleAxis_tasks20_chain,B,baseline,LN,AS2,Activity,1,27.462772723983573,0.0,5.512105720512053,0.0,4.982265238815556
B_scaleAxis_tasks20_chain,B,baseline,LN,AS3,Activity,1,27.469720195117933,0.0,5.509253598621179,0.0,4.986105595500792
B_scaleAxis_tasks20_chain,B,baseline,LN,AS4,Activity,1,27.47566613319099,0.0,5.507020864118923,0.0,4.989206834535366
B_scaleAxis_tasks20_chain,B,baseline,LN,AS5,Activity,1,27.480668548837365,0.0,5.50529073167736,0.0,4.991683434757407
B_scaleAxis_tasks20_chain,B,baseline,LN,AS6,Activity,1,27.48481117459993,0.0,5.5039631341322455,0.0,4.993640128901987
B_scaleAxis_tasks20_chain,B,baseline,LN,AS7,Activity,1,27.488191863477216,0.0,5.502953967734189,0.0,4.995170234868478
B_scaleAxis_tasks20_chain,B,baseline,LN,AS8,Activity,1,27.490913341497038,0.0,5.502193771626802,0.0,4.9963549963034035
B_scaleAxis_tasks20_chain,B,baseline,LN,AS9,Activity,1,27.49307636245131,0.0,5.501626089673278,0.0,4.997263702463652
B_scaleAxis_tasks20_chain,B,baseline,LN,AS10,Activity,1,27.49477506091625,0.0,5.501205707712354,0.0,4.997954361599359
B_scaleAxis_tasks20_chain,B,baseline,LN,AS11,Activity,1,27.496094162947823,0.0,5.500896906851152,0.0,4.998474726676392
B_scaleAxis_tasks20_chain,B,baseline,LN,AS12,Activity,1,27.497107660129753,0.0,5.500671826637466,0.0,4.998863507357901
B_scaleAxis_tasks20_chain,B,baseline,LN,AS13,Activity,1,27.4978785607636,0.0,5.500508993612568,0.0,4.999151640820029
B_scaleAxis_tasks20_chain,B,baseline,LN,AS14,Activity,1,27.498459379657234,0.0,5.500392041269152,0.0,4.999363531424258
B_scaleAxis_tasks20_chain,B,baseline,LN,AS15,Activity,1,27.49889310360078,0.0,5.500308626257843,0.0,4.999518203819366
B_scaleAxis_tasks20_chain,B,baseline,LN,AS16,Activity,1,27.4992144802795,0.0,5.500249531621787,0.0,4.9996303480746205
B_scaleAxis_tasks20_chain,B,baseline,LN,AS17,Activity,1,27.499451665134785,0.0,5.500207939470594,0.0,4.999711277785193
B_scaleAxis_tasks20_chain,B,baseline,LN,AS18,Activity,1,27.49962862128559,0.0,5.500178851414752,0.0,4.999769891884908
B_scaleAxis_tasks20_chain,B,baseline,LN,AS19,Activity,1,27.49976938507418,0.0,5.500158635975224,0.0,4.99981386085935
B_scaleAxis_tasks20_chain,B,baseline,LN,AS20,Activity,1,27.50012445282775,0.9999807712550383,5.500130651175099,5.50011522936062,4.99990385627519
B_scaleAxis_tasks40_chain,B,baseline,LN,P1,Processor,1,NaN,0.0,NaN,NaN,NaN
B_scaleAxis_tasks40_chain,B,baseline,LN,P2,Processor,1,NaN,0.0,NaN,NaN,NaN
B_scaleAxis_tasks40_chain,B,baseline,LN,P3,Processor,1,NaN,0.0,NaN,NaN,NaN
B_scaleAxis_tasks40_chain,B,baseline,LN,P4,Processor,1,NaN,0.0,NaN,NaN,NaN
B_scaleAxis_tasks40_chain,B,baseline,LN,P5,Processor,1,NaN,0.0,NaN,NaN,NaN
B_scaleAxis_tasks40_chain,B,baseline,LN,P6,Processor,1,NaN,0.0,NaN,NaN,NaN
B_scaleAxis_tasks40_chain,B,baseline,LN,P7,Processor,1,NaN,0.0,NaN,NaN,NaN
B_scaleAxis_tasks40_chain,B,baseline,LN,P8,Processor,1,NaN,0.0,NaN,NaN,NaN
B_scaleAxis_tasks40_chain,B,baseline,LN,P9,Processor,1,NaN,0.0,NaN,NaN,NaN
B_scaleAxis_tasks40_chain,B,baseline,LN,P10,Processor,1,NaN,0.0,NaN,NaN,NaN
B_scaleAxis_tasks40_chain,B,baseline,LN,P11,Processor,1,NaN,0.0,NaN,NaN,NaN
B_scaleAxis_tasks40_chain,B,baseline,LN,P12,Processor,1,NaN,0.0,NaN,NaN,NaN
B_scaleAxis_tasks40_chain,B,baseline,LN,P13,Processor,1,NaN,0.0,NaN,NaN,NaN
B_scaleAxis_tasks40_chain,B,baseline,LN,P14,Processor,1,NaN,0.0,NaN,NaN,NaN
B_scaleAxis_tasks40_chain,B,baseline,LN,P15,Processor,1,NaN,0.0,NaN,NaN,NaN
B_scaleAxis_tasks40_chain,B,baseline,LN,P16,Processor,1,NaN,0.0,NaN,NaN,NaN
B_scaleAxis_tasks40_chain,B,baseline,LN,P17,Processor,1,NaN,0.0,NaN,NaN,NaN
B_scaleAxis_tasks40_chain,B,baseline,LN,P18,Processor,1,NaN,0.0,NaN,NaN,NaN
B_scaleAxis_tasks40_chain,B,baseline,LN,P19,Processor,1,NaN,0.0,NaN,NaN,NaN
B_scaleAxis_tasks40_chain,B,baseline,LN,P20,Processor,1,NaN,0.0,NaN,NaN,NaN
B_scaleAxis_tasks40_chain,B,baseline,LN,P21,Processor,1,NaN,0.0,NaN,NaN,NaN
B_scaleAxis_tasks40_chain,B,baseline,LN,P22,Processor,1,NaN,0.0,NaN,NaN,NaN
B_scaleAxis_tasks40_chain,B,baseline,LN,P23,Processor,1,NaN,0.0,NaN,NaN,NaN
B_scaleAxis_tasks40_chain,B,baseline,LN,P24,Processor,1,NaN,0.0,NaN,NaN,NaN
B_scaleAxis_tasks40_chain,B,baseline,LN,P25,Processor,1,NaN,0.0,NaN,NaN,NaN
B_scaleAxis_tasks40_chain,B,baseline,LN,P26,Processor,1,NaN,0.0,NaN,NaN,NaN
B_scaleAxis_tasks40_chain,B,baseline,LN,P27,Processor,1,NaN,0.0,NaN,NaN,NaN
B_scaleAxis_tasks40_chain,B,baseline,LN,P28,Processor,1,NaN,0.0,NaN,NaN,NaN
B_scaleAxis_tasks40_chain,B,baseline,LN,P29,Processor,1,NaN,0.0,NaN,NaN,NaN
B_scaleAxis_tasks40_chain,B,baseline,LN,P30,Processor,1,NaN,0.0,NaN,NaN,NaN
B_scaleAxis_tasks40_chain,B,baseline,LN,P31,Processor,1,NaN,0.0,NaN,NaN,NaN
B_scaleAxis_tasks40_chain,B,baseline,LN,P32,Processor,1,NaN,0.0,NaN,NaN,NaN
B_scaleAxis_tasks40_chain,B,baseline,LN,P33,Processor,1,NaN,0.0,NaN,NaN,NaN
B_scaleAxis_tasks40_chain,B,baseline,LN,P34,Processor,1,NaN,0.0,NaN,NaN,NaN
B_scaleAxis_tasks40_chain,B,baseline,LN,P35,Processor,1,NaN,0.0,NaN,NaN,NaN
B_scaleAxis_tasks40_chain,B,baseline,LN,P36,Processor,1,NaN,0.0,NaN,NaN,NaN
B_scaleAxis_tasks40_chain,B,baseline,LN,P37,Processor,1,NaN,0.0,NaN,NaN,NaN
B_scaleAxis_tasks40_chain,B,baseline,LN,P38,Processor,1,NaN,0.0,NaN,NaN,NaN
B_scaleAxis_tasks40_chain,B,baseline,LN,P39,Processor,1,NaN,0.0,NaN,NaN,NaN
B_scaleAxis_tasks40_chain,B,baseline,LN,P40,Processor,1,NaN,0.9999807698460385,NaN,NaN,NaN
B_scaleAxis_tasks40_chain,B,baseline,LN,T1,RefTask,1,27.43983378719103,0.0,NaN,0.0,4.988941933580114
B_scaleAxis_tasks40_chain,B,baseline,LN,T2,Task,1,27.450028003576506,0.0,NaN,0.0,4.990799937402284
B_scaleAxis_tasks40_chain,B,baseline,LN,T3,Task,1,27.45872523032592,0.0,NaN,0.0,4.992384526229222
B_scaleAxis_tasks40_chain,B,baseline,LN,T4,Task,1,27.466096003732563,0.0,NaN,0.0,4.993727032589762
B_scaleAxis_tasks40_chain,B,baseline,LN,T5,Task,1,27.472301887267232,0.0,NaN,0.0,4.99485707447631
B_scaleAxis_tasks40_chain,B,baseline,LN,T6,Task,1,27.47749355071462,0.0,NaN,0.0,4.995802226435183
B_scaleAxis_tasks40_chain,B,baseline,LN,T7,Task,1,27.4818095013047,0.0,NaN,0.0,4.996587804475481
B_scaleAxis_tasks40_chain,B,baseline,LN,T8,Task,1,27.485375394082535,0.0,NaN,0.0,4.9972367525933095
B_scaleAxis_tasks40_chain,B,baseline,LN,T9,Task,1,27.488303836201045,0.0,NaN,0.0,4.997769616223412
B_scaleAxis_tasks40_chain,B,baseline,LN,T10,Task,1,27.490694594773686,0.0,NaN,0.0,4.998204586844584
B_scaleAxis_tasks40_chain,B,baseline,LN,T11,Task,1,27.492635118228794,0.0,NaN,0.0,4.998557601882436
B_scaleAxis_tasks40_chain,B,baseline,LN,T12,Task,1,27.49420128698591,0.0,NaN,0.0,4.998842485009363
B_scaleAxis_tasks40_chain,B,baseline,LN,T13,Task,1,27.495458317781136,0.0,NaN,0.0,4.999071113397962
B_scaleAxis_tasks40_chain,B,baseline,LN,T14,Task,1,27.4964617565697,0.0,NaN,0.0,4.999253600339487
B_scaleAxis_tasks40_chain,B,baseline,LN,T15,Task,1,27.49725850632047,0.0,NaN,0.0,4.999398483652231
B_scaleAxis_tasks40_chain,B,baseline,LN,T16,Task,1,27.49788784730803,0.0,NaN,0.0,4.999512912313393
B_scaleAxis_tasks40_chain,B,baseline,LN,T17,Task,1,27.498382418071376,0.0,NaN,0.0,4.99960282563381
B_scaleAxis_tasks40_chain,B,baseline,LN,T18,Task,1,27.49876913462443,0.0,NaN,0.0,4.999673120980574
B_scaleAxis_tasks40_chain,B,baseline,LN,T19,Task,1,27.49907003355491,0.0,NaN,0.0,4.999727807496068
B_scaleAxis_tasks40_chain,B,baseline,LN,T20,Task,1,27.499303031259487,0.0,NaN,0.0,4.999770144448469
B_scaleAxis_tasks40_chain,B,baseline,LN,T21,Task,1,27.49948259677265,0.0,NaN,0.0,4.999802763784539
B_scaleAxis_tasks40_chain,B,baseline,LN,T22,Task,1,27.49962033957131,0.0,NaN,0.0,4.99982777716009
B_scaleAxis_tasks40_chain,B,baseline,LN,T23,Task,1,27.499725516529473,0.0,NaN,0.0,4.999846868224941
B_scaleAxis_tasks40_chain,B,baseline,LN,T24,Task,1,27.499805464040385,0.0,NaN,0.0,4.999861371269266
B_scaleAxis_tasks40_chain,B,baseline,LN,T25,Task,1,27.49986596239394,0.0,NaN,0.0,4.999872337529407
B_scaleAxis_tasks40_chain,B,baseline,LN,T26,Task,1,27.499911539965776,0.0,NaN,0.0,4.99988059053383
B_scaleAxis_tasks40_chain,B,baseline,LN,T27,Task,1,27.499945724796742,0.0,NaN,0.0,4.999886771871905
B_scaleAxis_tasks40_chain,B,baseline,LN,T28,Task,1,27.499971250841824,0.0,NaN,0.0,4.9998913787126
B_scaleAxis_tasks40_chain,B,baseline,LN,T29,Task,1,27.49999022566326,0.0,NaN,0.0,4.999894794307147
B_scaleAxis_tasks40_chain,B,baseline,LN,T30,Task,1,27.500004265710253,0.0,NaN,0.0,4.999897312594359
B_scaleAxis_tasks40_chain,B,baseline,LN,T31,Task,1,27.500014604642843,0.0,NaN,0.0,4.999899157902062
B_scaleAxis_tasks40_chain,B,baseline,LN,T32,Task,1,27.500022179462505,0.0,NaN,0.0,4.99990050061143
B_scaleAxis_tasks40_chain,B,baseline,LN,T33,Task,1,27.500027698551385,0.0,NaN,0.0,4.999901469530606
B_scaleAxis_tasks40_chain,B,baseline,LN,T34,Task,1,27.50003169512165,0.0,NaN,0.0,4.999902161614739
B_scaleAxis_tasks40_chain,B,baseline,LN,T35,Task,1,27.500034569081436,0.0,NaN,0.0,4.99990264957929
B_scaleAxis_tasks40_chain,B,baseline,LN,T36,Task,1,27.500036619993356,0.0,NaN,0.0,4.999902987893332
B_scaleAxis_tasks40_chain,B,baseline,LN,T37,Task,1,27.50003807376942,0.0,NaN,0.0,4.999903217633808
B_scaleAxis_tasks40_chain,B,baseline,LN,T38,Task,1,27.50003910628195,0.0,NaN,0.0,4.999903370778746
B_scaleAxis_tasks40_chain,B,baseline,LN,T39,Task,1,27.500039868595945,0.0,NaN,0.0,4.999903474812136
B_scaleAxis_tasks40_chain,B,baseline,LN,T40,Task,1,27.500042118017486,0.9999807698460385,NaN,5.500114191646208,4.999903849230193
B_scaleAxis_tasks40_chain,B,baseline,LN,E1,Entry,1,27.43983378719103,NaN,5.50013092004459,NaN,4.988941933580114
B_scaleAxis_tasks40_chain,B,baseline,LN,E2,Entry,1,27.450028003576506,NaN,5.500125901232633,NaN,4.990799937402284
B_scaleAxis_tasks40_chain,B,baseline,LN,E3,Entry,1,27.45872523032592,NaN,5.500122253416577,NaN,4.992384526229222
B_scaleAxis_tasks40_chain,B,baseline,LN,E4,Entry,1,27.466096003732563,NaN,5.500119614965931,NaN,4.993727032589762
B_scaleAxis_tasks40_chain,B,baseline,LN,E5,Entry,1,27.472301887267232,NaN,5.500117716611058,NaN,4.99485707447631
B_scaleAxis_tasks40_chain,B,baseline,LN,E6,Entry,1,27.47749355071462,NaN,5.500116358753763,NaN,4.995802226435183
B_scaleAxis_tasks40_chain,B,baseline,LN,E7,Entry,1,27.4818095013047,NaN,5.500115394087349,NaN,4.996587804475481
B_scaleAxis_tasks40_chain,B,baseline,LN,E8,Entry,1,27.485375394082535,NaN,5.5001147143606985,NaN,4.9972367525933095
B_scaleAxis_tasks40_chain,B,baseline,LN,E9,Entry,1,27.488303836201045,NaN,5.5001142403544225,NaN,4.997769616223412
B_scaleAxis_tasks40_chain,B,baseline,LN,E10,Entry,1,27.490694594773686,NaN,5.500113914330353,NaN,4.998204586844584
B_scaleAxis_tasks40_chain,B,baseline,LN,E11,Entry,1,27.492635118228794,NaN,5.500113694373589,NaN,4.998557601882436
B_scaleAxis_tasks40_chain,B,baseline,LN,E12,Entry,1,27.49420128698591,NaN,5.500113550174088,NaN,4.998842485009363
B_scaleAxis_tasks40_chain,B,baseline,LN,E13,Entry,1,27.495458317781136,NaN,5.5001134598967445,NaN,4.999071113397962
B_scaleAxis_tasks40_chain,B,baseline,LN,E14,Entry,1,27.4964617565697,NaN,5.500113407870024,NaN,4.999253600339487
B_scaleAxis_tasks40_chain,B,baseline,LN,E15,Entry,1,27.49725850632047,NaN,5.500113382886972,NaN,4.999398483652231
B_scaleAxis_tasks40_chain,B,baseline,LN,E16,Entry,1,27.49788784730803,NaN,5.500113376961778,NaN,4.999512912313393
B_scaleAxis_tasks40_chain,B,baseline,LN,E17,Entry,1,27.498382418071376,NaN,5.500113384423762,NaN,4.99960282563381
B_scaleAxis_tasks40_chain,B,baseline,LN,E18,Entry,1,27.49876913462443,NaN,5.500113401259953,NaN,4.999673120980574
B_scaleAxis_tasks40_chain,B,baseline,LN,E19,Entry,1,27.49907003355491,NaN,5.5001134246399745,NaN,4.999727807496068
B_scaleAxis_tasks40_chain,B,baseline,LN,E20,Entry,1,27.499303031259487,NaN,5.500113452574122,NaN,4.999770144448469
B_scaleAxis_tasks40_chain,B,baseline,LN,E21,Entry,1,27.49948259677265,NaN,5.500113483668156,NaN,4.999802763784539
B_scaleAxis_tasks40_chain,B,baseline,LN,E22,Entry,1,27.49962033957131,NaN,5.500113516948206,NaN,4.99982777716009
B_scaleAxis_tasks40_chain,B,baseline,LN,E23,Entry,1,27.499725516529473,NaN,5.500113551736136,NaN,4.999846868224941
B_scaleAxis_tasks40_chain,B,baseline,LN,E24,Entry,1,27.499805464040385,NaN,5.500113587561184,NaN,4.999861371269266
B_scaleAxis_tasks40_chain,B,baseline,LN,E25,Entry,1,27.49986596239394,NaN,5.500113624097547,NaN,4.999872337529407
B_scaleAxis_tasks40_chain,B,baseline,LN,E26,Entry,1,27.499911539965776,NaN,5.500113661120385,NaN,4.99988059053383
B_scaleAxis_tasks40_chain,B,baseline,LN,E27,Entry,1,27.499945724796742,NaN,5.500113698475026,NaN,4.999886771871905
B_scaleAxis_tasks40_chain,B,baseline,LN,E28,Entry,1,27.499971250841824,NaN,5.5001137360553365,NaN,4.9998913787126
B_scaleAxis_tasks40_chain,B,baseline,LN,E29,Entry,1,27.49999022566326,NaN,5.500113773788721,NaN,4.999894794307147
B_scaleAxis_tasks40_chain,B,baseline,LN,E30,Entry,1,27.500004265710253,NaN,5.50011381162566,NaN,4.999897312594359
B_scaleAxis_tasks40_chain,B,baseline,LN,E31,Entry,1,27.500014604642843,NaN,5.5001138495324655,NaN,4.999899157902062
B_scaleAxis_tasks40_chain,B,baseline,LN,E32,Entry,1,27.500022179462505,NaN,5.500113887486275,NaN,4.99990050061143
B_scaleAxis_tasks40_chain,B,baseline,LN,E33,Entry,1,27.500027698551385,NaN,5.500113925471637,NaN,4.999901469530606
B_scaleAxis_tasks40_chain,B,baseline,LN,E34,Entry,1,27.50003169512165,NaN,5.5001139634781175,NaN,4.999902161614739
B_scaleAxis_tasks40_chain,B,baseline,LN,E35,Entry,1,27.500034569081436,NaN,5.5001140014986865,NaN,4.99990264957929
B_scaleAxis_tasks40_chain,B,baseline,LN,E36,Entry,1,27.500036619993356,NaN,5.500114039528649,NaN,4.999902987893332
B_scaleAxis_tasks40_chain,B,baseline,LN,E37,Entry,1,27.50003807376942,NaN,5.500114077564835,NaN,4.999903217633808
B_scaleAxis_tasks40_chain,B,baseline,LN,E38,Entry,1,27.50003910628195,NaN,5.500114115605149,NaN,4.999903370778746
B_scaleAxis_tasks40_chain,B,baseline,LN,E39,Entry,1,27.500039868595945,NaN,5.500114153629579,NaN,4.999903474812136
B_scaleAxis_tasks40_chain,B,baseline,LN,E40,Entry,1,27.500042118017486,NaN,5.500114191646208,NaN,4.999903849230193
B_scaleAxis_tasks40_chain,B,baseline,LN,AS1,Activity,1,27.483324675973584,0.0,5.508848377445692,0.0,4.988941933580114
B_scaleAxis_tasks40_chain,B,baseline,LN,AS2,Activity,1,27.485646532329703,0.0,5.507262738853844,0.0,4.990799937402286
B_scaleAxis_tasks40_chain,B,baseline,LN,AS3,Activity,1,27.48773821195395,0.0,5.505933701127705,0.0,4.992384526229223
B_scaleAxis_tasks40_chain,B,baseline,LN,AS4,Activity,1,27.489602078363365,0.0,5.504826735414724,0.0,4.993727032589764
B_scaleAxis_tasks40_chain,B,baseline,LN,AS5,Activity,1,27.491245928282865,0.0,5.503910425938505,0.0,4.99485707447631
B_scaleAxis_tasks40_chain,B,baseline,LN,AS6,Activity,1,27.492681664818388,0.0,5.503156533967945,0.0,4.995802226435184
B_scaleAxis_tasks40_chain,B,baseline,LN,AS7,Activity,1,27.49392407394185,0.0,5.502539963235577,0.0,4.996587804475482
B_scaleAxis_tasks40_chain,B,baseline,LN,AS8,Activity,1,27.494989743405483,0.0,5.502038647485931,0.0,4.99723675259331
B_scaleAxis_tasks40_chain,B,baseline,LN,AS9,Activity,1,27.495896145020534,0.0,5.501633379771101,0.0,4.9977696162234135
B_scaleAxis_tasks40_chain,B,baseline,LN,AS10,Activity,1,27.496660888052997,0.0,5.501307601618585,0.0,4.998204586844586
B_scaleAxis_tasks40_chain,B,baseline,LN,AS11,Activity,1,27.49730113811713,0.0,5.501047167639269,0.0,4.998557601882439
B_scaleAxis_tasks40_chain,B,baseline,LN,AS12,Activity,1,27.497833189105616,0.0,5.500840098796213,0.0,4.998842485009364
B_scaleAxis_tasks40_chain,B,baseline,LN,AS13,Activity,1,27.498272170189477,0.0,5.50067633494783,0.0,4.999071113397964
B_scaleAxis_tasks40_chain,B,baseline,LN,AS14,Activity,1,27.49863186732756,0.0,5.500547494822062,0.0,4.999253600339491
B_scaleAxis_tasks40_chain,B,baseline,LN,AS15,Activity,1,27.498924638112943,0.0,5.5004466493385085,0.0,4.999398483652232
B_scaleAxis_tasks40_chain,B,baseline,LN,AS16,Activity,1,27.499161399615133,0.0,5.500368112238881,0.0,4.999512912313394
B_scaleAxis_tasks40_chain,B,baseline,LN,AS17,Activity,1,27.499351670675036,0.0,5.500307250344207,0.0,4.999602825633811
B_scaleAxis_tasks40_chain,B,baseline,LN,AS18,Activity,1,27.499503652467258,0.0,5.500260314433085,0.0,4.9996731209805745
B_scaleAxis_tasks40_chain,B,baseline,LN,AS19,Activity,1,27.49962433374237,0.0,5.500224290712849,0.0,4.999727807496069
B_scaleAxis_tasks40_chain,B,baseline,LN,AS20,Activity,1,27.499719609763243,0.0,5.500196772105163,0.0,4.999770144448471
B_scaleAxis_tasks40_chain,B,baseline,LN,AS21,Activity,1,27.499794406393086,0.0,5.5001758480523435,0.0,4.99980276378454
B_scaleAxis_tasks40_chain,B,baseline,LN,AS22,Activity,1,27.499852802977504,0.0,5.500160011230917,0.0,4.9998277771600925
B_scaleAxis_tasks40_chain,B,baseline,LN,AS23,Activity,1,27.49989814953782,0.0,5.50014807939526,0.0,4.9998468682249415
B_scaleAxis_tasks40_chain,B,baseline,LN,AS24,Activity,1,27.499933175342928,0.0,5.500139130529889,0.0,4.999861371269268
B_scaleAxis_tasks40_chain,B,baseline,LN,AS25,Activity,1,27.499960087164258,0.0,5.50013244953227,0.0,4.999872337529408
B_scaleAxis_tasks40_chain,B,baseline,LN,AS26,Activity,1,27.499980656467695,0.0,5.5001274847509025,0.0,4.999880590533831
B_scaleAxis_tasks40_chain,B,baseline,LN,AS27,Activity,1,27.49999629549624,0.0,5.50012381284397,0.0,4.999886771871906
B_scaleAxis_tasks40_chain,B,baseline,LN,AS28,Activity,1,27.50000812268579,0.0,5.500121110584334,0.0,4.999891378712602
B_scaleAxis_tasks40_chain,B,baseline,LN,AS29,Activity,1,27.50001701817422,0.0,5.500119132403664,0.0,4.999894794307147
B_scaleAxis_tasks40_chain,B,baseline,LN,AS30,Activity,1,27.50002367034734,0.0,5.500117692632782,0.0,4.99989731259436
B_scaleAxis_tasks40_chain,B,baseline,LN,AS31,Activity,1,27.500028614449942,0.0,5.500116651550395,0.0,4.999899157902064
B_scaleAxis_tasks40_chain,B,baseline,LN,AS32,Activity,1,27.50003226430042,0.0,5.500115904493994,0.0,4.9999005006114325
B_scaleAxis_tasks40_chain,B,baseline,LN,AS33,Activity,1,27.500034938117942,0.0,5.500115373413478,0.0,4.9999014695306085
B_scaleAxis_tasks40_chain,B,baseline,LN,AS34,Activity,1,27.500036879422492,0.0,5.500115000358574,0.0,4.999902161614741
B_scaleAxis_tasks40_chain,B,baseline,LN,AS35,Activity,1,27.500038273946302,0.0,5.500114742486085,0.0,4.999902649579292
B_scaleAxis_tasks40_chain,B,baseline,LN,AS36,Activity,1,27.500039263566972,0.0,5.50011456825363,0.0,4.999902987893333
B_scaleAxis_tasks40_chain,B,baseline,LN,AS37,Activity,1,27.50003995857581,0.0,5.500114454533409,0.0,4.9999032176338085
B_scaleAxis_tasks40_chain,B,baseline,LN,AS38,Activity,1,27.500040450405212,0.0,5.500114384434998,0.0,4.999903370778746
B_scaleAxis_tasks40_chain,B,baseline,LN,AS39,Activity,1,27.50004082878293,0.0,5.500114345670682,0.0,4.999903474812137
B_scaleAxis_tasks40_chain,B,baseline,LN,AS40,Activity,1,27.50004247796041,0.9999807698460385,5.500114263636178,5.500114191646208,4.999903849230193
B_scaleAxis_tasks60_chain,B,baseline,LN,P1,Processor,1,NaN,0.0,NaN,NaN,NaN
B_scaleAxis_tasks60_chain,B,baseline,LN,P2,Processor,1,NaN,0.0,NaN,NaN,NaN
B_scaleAxis_tasks60_chain,B,baseline,LN,P3,Processor,1,NaN,0.0,NaN,NaN,NaN
B_scaleAxis_tasks60_chain,B,baseline,LN,P4,Processor,1,NaN,0.0,NaN,NaN,NaN
B_scaleAxis_tasks60_chain,B,baseline,LN,P5,Processor,1,NaN,0.0,NaN,NaN,NaN
B_scaleAxis_tasks60_chain,B,baseline,LN,P6,Processor,1,NaN,0.0,NaN,NaN,NaN
B_scaleAxis_tasks60_chain,B,baseline,LN,P7,Processor,1,NaN,0.0,NaN,NaN,NaN
B_scaleAxis_tasks60_chain,B,baseline,LN,P8,Processor,1,NaN,0.0,NaN,NaN,NaN
B_scaleAxis_tasks60_chain,B,baseline,LN,P9,Processor,1,NaN,0.0,NaN,NaN,NaN
B_scaleAxis_tasks60_chain,B,baseline,LN,P10,Processor,1,NaN,0.0,NaN,NaN,NaN
B_scaleAxis_tasks60_chain,B,baseline,LN,P11,Processor,1,NaN,0.0,NaN,NaN,NaN
B_scaleAxis_tasks60_chain,B,baseline,LN,P12,Processor,1,NaN,0.0,NaN,NaN,NaN
B_scaleAxis_tasks60_chain,B,baseline,LN,P13,Processor,1,NaN,0.0,NaN,NaN,NaN
B_scaleAxis_tasks60_chain,B,baseline,LN,P14,Processor,1,NaN,0.0,NaN,NaN,NaN
B_scaleAxis_tasks60_chain,B,baseline,LN,P15,Processor,1,NaN,0.0,NaN,NaN,NaN
B_scaleAxis_tasks60_chain,B,baseline,LN,P16,Processor,1,NaN,0.0,NaN,NaN,NaN
B_scaleAxis_tasks60_chain,B,baseline,LN,P17,Processor,1,NaN,0.0,NaN,NaN,NaN
B_scaleAxis_tasks60_chain,B,baseline,LN,P18,Processor,1,NaN,0.0,NaN,NaN,NaN
B_scaleAxis_tasks60_chain,B,baseline,LN,P19,Processor,1,NaN,0.0,NaN,NaN,NaN
B_scaleAxis_tasks60_chain,B,baseline,LN,P20,Processor,1,NaN,0.0,NaN,NaN,NaN
B_scaleAxis_tasks60_chain,B,baseline,LN,P21,Processor,1,NaN,0.0,NaN,NaN,NaN
B_scaleAxis_tasks60_chain,B,baseline,LN,P22,Processor,1,NaN,0.0,NaN,NaN,NaN
B_scaleAxis_tasks60_chain,B,baseline,LN,P23,Processor,1,NaN,0.0,NaN,NaN,NaN
B_scaleAxis_tasks60_chain,B,baseline,LN,P24,Processor,1,NaN,0.0,NaN,NaN,NaN
B_scaleAxis_tasks60_chain,B,baseline,LN,P25,Processor,1,NaN,0.0,NaN,NaN,NaN
B_scaleAxis_tasks60_chain,B,baseline,LN,P26,Processor,1,NaN,0.0,NaN,NaN,NaN
B_scaleAxis_tasks60_chain,B,baseline,LN,P27,Processor,1,NaN,0.0,NaN,NaN,NaN
B_scaleAxis_tasks60_chain,B,baseline,LN,P28,Processor,1,NaN,0.0,NaN,NaN,NaN
B_scaleAxis_tasks60_chain,B,baseline,LN,P29,Processor,1,NaN,0.0,NaN,NaN,NaN
B_scaleAxis_tasks60_chain,B,baseline,LN,P30,Processor,1,NaN,0.0,NaN,NaN,NaN
B_scaleAxis_tasks60_chain,B,baseline,LN,P31,Processor,1,NaN,0.0,NaN,NaN,NaN
B_scaleAxis_tasks60_chain,B,baseline,LN,P32,Processor,1,NaN,0.0,NaN,NaN,NaN
B_scaleAxis_tasks60_chain,B,baseline,LN,P33,Processor,1,NaN,0.0,NaN,NaN,NaN
B_scaleAxis_tasks60_chain,B,baseline,LN,P34,Processor,1,NaN,0.0,NaN,NaN,NaN
B_scaleAxis_tasks60_chain,B,baseline,LN,P35,Processor,1,NaN,0.0,NaN,NaN,NaN
B_scaleAxis_tasks60_chain,B,baseline,LN,P36,Processor,1,NaN,0.0,NaN,NaN,NaN
B_scaleAxis_tasks60_chain,B,baseline,LN,P37,Processor,1,NaN,0.0,NaN,NaN,NaN
B_scaleAxis_tasks60_chain,B,baseline,LN,P38,Processor,1,NaN,0.0,NaN,NaN,NaN
B_scaleAxis_tasks60_chain,B,baseline,LN,P39,Processor,1,NaN,0.0,NaN,NaN,NaN
B_scaleAxis_tasks60_chain,B,baseline,LN,P40,Processor,1,NaN,0.0,NaN,NaN,NaN
B_scaleAxis_tasks60_chain,B,baseline,LN,P41,Processor,1,NaN,0.0,NaN,NaN,NaN
B_scaleAxis_tasks60_chain,B,baseline,LN,P42,Processor,1,NaN,0.0,NaN,NaN,NaN
B_scaleAxis_tasks60_chain,B,baseline,LN,P43,Processor,1,NaN,0.0,NaN,NaN,NaN
B_scaleAxis_tasks60_chain,B,baseline,LN,P44,Processor,1,NaN,0.0,NaN,NaN,NaN
B_scaleAxis_tasks60_chain,B,baseline,LN,P45,Processor,1,NaN,0.0,NaN,NaN,NaN
B_scaleAxis_tasks60_chain,B,baseline,LN,P46,Processor,1,NaN,0.0,NaN,NaN,NaN
B_scaleAxis_tasks60_chain,B,baseline,LN,P47,Processor,1,NaN,0.0,NaN,NaN,NaN
B_scaleAxis_tasks60_chain,B,baseline,LN,P48,Processor,1,NaN,0.0,NaN,NaN,NaN
B_scaleAxis_tasks60_chain,B,baseline,LN,P49,Processor,1,NaN,0.0,NaN,NaN,NaN
B_scaleAxis_tasks60_chain,B,baseline,LN,P50,Processor,1,NaN,0.0,NaN,NaN,NaN
B_scaleAxis_tasks60_chain,B,baseline,LN,P51,Processor,1,NaN,0.0,NaN,NaN,NaN
B_scaleAxis_tasks60_chain,B,baseline,LN,P52,Processor,1,NaN,0.0,NaN,NaN,NaN
B_scaleAxis_tasks60_chain,B,baseline,LN,P53,Processor,1,NaN,0.0,NaN,NaN,NaN
B_scaleAxis_tasks60_chain,B,baseline,LN,P54,Processor,1,NaN,0.0,NaN,NaN,NaN
B_scaleAxis_tasks60_chain,B,baseline,LN,P55,Processor,1,NaN,0.0,NaN,NaN,NaN
B_scaleAxis_tasks60_chain,B,baseline,LN,P56,Processor,1,NaN,0.0,NaN,NaN,NaN
B_scaleAxis_tasks60_chain,B,baseline,LN,P57,Processor,1,NaN,0.0,NaN,NaN,NaN
B_scaleAxis_tasks60_chain,B,baseline,LN,P58,Processor,1,NaN,0.0,NaN,NaN,NaN
B_scaleAxis_tasks60_chain,B,baseline,LN,P59,Processor,1,NaN,0.0,NaN,NaN,NaN
B_scaleAxis_tasks60_chain,B,baseline,LN,P60,Processor,1,NaN,0.9999807697831495,NaN,NaN,NaN
B_scaleAxis_tasks60_chain,B,baseline,LN,T1,RefTask,1,27.477962550458855,0.0,NaN,0.0,4.98422537908708
B_scaleAxis_tasks60_chain,B,baseline,LN,T2,Task,1,27.48090288825704,0.0,NaN,0.0,4.986712413843616
B_scaleAxis_tasks60_chain,B,baseline,LN,T3,Task,1,27.483544785860797,0.0,NaN,0.0,4.988852625099867
B_scaleAxis_tasks60_chain,B,baseline,LN,T4,Task,1,27.485899727542403,0.0,NaN,0.0,4.990684851446514
B_scaleAxis_tasks60_chain,B,baseline,LN,T5,Task,1,27.48798308458669,0.0,NaN,0.0,4.992245471955475
B_scaleAxis_tasks60_chain,B,baseline,LN,T6,Task,1,27.48981295599692,0.0,NaN,0.0,4.993568160332644
B_scaleAxis_tasks60_chain,B,baseline,LN,T7,Task,1,27.491409158819735,0.0,NaN,0.0,4.994683749976042
B_scaleAxis_tasks60_chain,B,baseline,LN,T8,Task,1,27.492792373410037,0.0,NaN,0.0,4.99562019254022
B_scaleAxis_tasks60_chain,B,baseline,LN,T9,Task,1,27.49398344131326,0.0,NaN,0.0,4.996402592773567
B_scaleAxis_tasks60_chain,B,baseline,LN,T10,Task,1,27.49500280764875,0.0,NaN,0.0,4.997053303258948
B_scaleAxis_tasks60_chain,B,baseline,LN,T11,Task,1,27.495870095803728,0.0,NaN,0.0,4.997592064046555
B_scaleAxis_tasks60_chain,B,baseline,LN,T12,Task,1,27.496603799695183,0.0,NaN,0.0,4.998036173840543
B_scaleAxis_tasks60_chain,B,baseline,LN,T13,Task,1,27.49722107758411,0.0,NaN,0.0,4.998400681234103
B_scaleAxis_tasks60_chain,B,baseline,LN,T14,Task,1,27.497737631179533,0.0,NaN,0.0,4.998698586358341
B_scaleAxis_tasks60_chain,B,baseline,LN,T15,Task,1,27.498167654307732,0.0,NaN,0.0,4.998941045124072
B_scaleAxis_tasks60_chain,B,baseline,LN,T16,Task,1,27.498523836512263,0.0,NaN,0.0,4.99913756992559
B_scaleAxis_tasks60_chain,B,baseline,LN,T17,Task,1,27.49881740841012,0.0,NaN,0.0,4.999296222197842
B_scaleAxis_tasks60_chain,B,baseline,LN,T18,Task,1,27.49905821728023,0.0,NaN,0.0,4.9994237935487185
B_scaleAxis_tasks60_chain,B,baseline,LN,T19,Task,1,27.49925482308641,0.0,NaN,0.0,4.999525973318343
B_scaleAxis_tasks60_chain,B,baseline,LN,T20,Task,1,27.49941460682961,0.0,NaN,0.0,4.999607501349708
B_scaleAxis_tasks60_chain,B,baseline,LN,T21,Task,1,27.499543884718193,0.0,NaN,0.0,4.999672305501923
B_scaleAxis_tasks60_chain,B,baseline,LN,T22,Task,1,27.499648023090806,0.0,NaN,0.0,4.999723624015269
B_scaleAxis_tasks60_chain,B,baseline,LN,T23,Task,1,27.49973155030091,0.0,NaN,0.0,4.999764113266789
B_scaleAxis_tasks60_chain,B,baseline,LN,T24,Task,1,27.499798262861646,0.0,NaN,0.0,4.9997959417573306
B_scaleAxis_tasks60_chain,B,baseline,LN,T25,Task,1,27.49985132405646,0.0,NaN,0.0,4.999820871367454
B_scaleAxis_tasks60_chain,B,baseline,LN,T26,Task,1,27.499893353959166,0.0,NaN,0.0,4.999840327030437
B_scaleAxis_tasks60_chain,B,baseline,LN,T27,Task,1,27.49992651038159,0.0,NaN,0.0,4.999855456014052
B_scaleAxis_tasks60_chain,B,baseline,LN,T28,Task,1,27.49995256071071,0.0,NaN,0.0,4.99986717799549
B_scaleAxis_tasks60_chain,B,baseline,LN,T29,Task,1,27.49997294491461,0.0,NaN,0.0,4.999876227069181
B_scaleAxis_tasks60_chain,B,baseline,LN,T30,Task,1,27.49998883022112,0.0,NaN,0.0,4.99988318675755
B_scaleAxis_tasks60_chain,B,baseline,LN,T31,Task,1,27.500001158112315,0.0,NaN,0.0,4.999888519008859
B_scaleAxis_tasks60_chain,B,baseline,LN,T32,Task,1,27.50001068435773,0.0,NaN,0.0,4.99989258807213
B_scaleAxis_tasks60_chain,B,baseline,LN,T33,Task,1,27.500018012835906,0.0,NaN,0.0,4.999895680042192
B_scaleAxis_tasks60_chain,B,baseline,LN,T34,Task,1,27.500023623889227,0.0,NaN,0.0,4.999898018772512
B_scaleAxis_tasks60_chain,B,baseline,LN,T35,Task,1,27.500027897924497,0.0,NaN,0.0,4.9998997787624875
B_scaleAxis_tasks60_chain,B,baseline,LN,T36,Task,1,27.50003113492151,0.0,NaN,0.0,4.999901095541324
B_scaleAxis_tasks60_chain,B,baseline,LN,T37,Task,1,27.50003357045626,0.0,NaN,0.0,4.999902073993693
B_scaleAxis_tasks60_chain,B,baseline,LN,T38,Task,1,27.500035388780244,0.0,NaN,0.0,4.999902795003347
B_scaleAxis_tasks60_chain,B,baseline,LN,T39,Task,1,27.50003673343378,0.0,NaN,0.0,4.9999033207300245
B_scaleAxis_tasks60_chain,B,baseline,LN,T40,Task,1,27.500037715811114,0.0,NaN,0.0,4.999903698782103
B_scaleAxis_tasks60_chain,B,baseline,LN,T41,Task,1,27.50003842203422,0.0,NaN,0.0,4.999903965501664
B_scaleAxis_tasks60_chain,B,baseline,LN,T42,Task,1,27.50003891844169,0.0,NaN,0.0,4.99990414853988
B_scaleAxis_tasks60_chain,B,baseline,LN,T43,Task,1,27.50003925594961,0.0,NaN,0.0,4.999904268867708
B_scaleAxis_tasks60_chain,B,baseline,LN,T44,Task,1,27.500039473499417,0.0,NaN,0.0,4.9999043423394065
B_scaleAxis_tasks60_chain,B,baseline,LN,T45,Task,1,27.500039600771597,0.0,NaN,0.0,4.999904380903593
B_scaleAxis_tasks60_chain,B,baseline,LN,T46,Task,1,27.500039660311707,0.0,NaN,0.0,4.999904393537701
B_scaleAxis_tasks60_chain,B,baseline,LN,T47,Task,1,27.500039669188894,0.0,NaN,0.0,4.999904386966334
B_scaleAxis_tasks60_chain,B,baseline,LN,T48,Task,1,27.500039640284044,0.0,NaN,0.0,4.999904366211482
B_scaleAxis_tasks60_chain,B,baseline,LN,T49,Task,1,27.500039583286377,0.0,NaN,0.0,4.99990433501244
B_scaleAxis_tasks60_chain,B,baseline,LN,T50,Task,1,27.50003950546115,0.0,NaN,0.0,4.999904296145184
B_scaleAxis_tasks60_chain,B,baseline,LN,T51,Task,1,27.500039412238866,0.0,NaN,0.0,4.9999042516644225
B_scaleAxis_tasks60_chain,B,baseline,LN,T52,Task,1,27.50003930766562,0.0,NaN,0.0,4.999904203086434
B_scaleAxis_tasks60_chain,B,baseline,LN,T53,Task,1,27.50003919474602,0.0,NaN,0.0,4.999904151526713
B_scaleAxis_tasks60_chain,B,baseline,LN,T54,Task,1,27.5000390757037,0.0,NaN,0.0,4.999904097803307
B_scaleAxis_tasks60_chain,B,baseline,LN,T55,Task,1,27.500038952179096,0.0,NaN,0.0,4.999904042514286
B_scaleAxis_tasks60_chain,B,baseline,LN,T56,Task,1,27.500038825381633,0.0,NaN,0.0,4.999903986096059
B_scaleAxis_tasks60_chain,B,baseline,LN,T57,Task,1,27.50003869621202,0.0,NaN,0.0,4.999903928868235
B_scaleAxis_tasks60_chain,B,baseline,LN,T58,Task,1,27.50003856537537,0.0,NaN,0.0,4.9999038710707655
B_scaleAxis_tasks60_chain,B,baseline,LN,T59,Task,1,27.500038433516618,0.0,NaN,0.0,4.999903812900731
B_scaleAxis_tasks60_chain,B,baseline,LN,T60,Task,1,27.500038820401052,0.9999807697831495,NaN,5.500113532456141,4.999903848915748
B_scaleAxis_tasks60_chain,B,baseline,LN,E1,Entry,1,27.477962550458855,NaN,5.512985561558167,NaN,4.98422537908708
B_scaleAxis_tasks60_chain,B,baseline,LN,E2,Entry,1,27.48090288825704,NaN,5.510825691886159,NaN,4.986712413843616
B_scaleAxis_tasks60_chain,B,baseline,LN,E3,Entry,1,27.483544785860797,NaN,5.508991115028304,NaN,4.988852625099867
B_scaleAxis_tasks60_chain,B,baseline,LN,E4,Entry,1,27.485899727542403,NaN,5.507440470735356,NaN,4.990684851446514
B_scaleAxis_tasks60_chain,B,baseline,LN,E5,Entry,1,27.48798308458669,NaN,5.506136114300401,NaN,4.992245471955475
B_scaleAxis_tasks60_chain,B,baseline,LN,E6,Entry,1,27.48981295599692,NaN,5.505044103406351,NaN,4.993568160332644
B_scaleAxis_tasks60_chain,B,baseline,LN,E7,Entry,1,27.491409158819735,NaN,5.50413410237467,NaN,4.994683749976042
B_scaleAxis_tasks60_chain,B,baseline,LN,E8,Entry,1,27.492792373410037,NaN,5.503379222956949,NaN,4.99562019254022
B_scaleAxis_tasks60_chain,B,baseline,LN,E9,Entry,1,27.49398344131326,NaN,5.502755818972346,NaN,4.996402592773567
B_scaleAxis_tasks60_chain,B,baseline,LN,E10,Entry,1,27.49500280764875,NaN,5.502243249980388,NaN,4.997053303258948
B_scaleAxis_tasks60_chain,B,baseline,LN,E11,Entry,1,27.495870095803728,NaN,5.501823626944913,NaN,4.997592064046555
B_scaleAxis_tasks60_chain,B,baseline,LN,E12,Entry,1,27.496603799695183,NaN,5.501481550616011,NaN,4.998036173840543
B_scaleAxis_tasks60_chain,B,baseline,LN,E13,Entry,1,27.49722107758411,NaN,5.501203851227681,NaN,4.998400681234103
B_scaleAxis_tasks60_chain,B,baseline,LN,E14,Entry,1,27.497737631179533,NaN,5.500979336146016,NaN,4.998698586358341
B_scaleAxis_tasks60_chain,B,baseline,LN,E15,Entry,1,27.498167654307732,NaN,5.500798550350825,NaN,4.998941045124072
B_scaleAxis_tasks60_chain,B,baseline,LN,E16,Entry,1,27.498523836512263,NaN,5.500653553113075,NaN,4.99913756992559
B_scaleAxis_tasks60_chain,B,baseline,LN,E17,Entry,1,27.49881740841012,NaN,5.500537712950486,NaN,4.999296222197842
B_scaleAxis_tasks60_chain,B,baseline,LN,E18,Entry,1,27.49905821728023,NaN,5.5004455218949735,NaN,4.9994237935487185
B_scaleAxis_tasks60_chain,B,baseline,LN,E19,Entry,1,27.49925482308641,NaN,5.500372429275388,NaN,4.999525973318343
B_scaleAxis_tasks60_chain,B,baseline,LN,E20,Entry,1,27.49941460682961,NaN,5.5003146945846835,NaN,4.999607501349708
B_scaleAxis_tasks60_chain,B,baseline,LN,E21,Entry,1,27.499543884718193,NaN,5.500269258538432,NaN,4.999672305501923
B_scaleAxis_tasks60_chain,B,baseline,LN,E22,Entry,1,27.499648023090806,NaN,5.500233631115371,NaN,4.999723624015269
B_scaleAxis_tasks60_chain,B,baseline,LN,E23,Entry,1,27.49973155030091,NaN,5.500205795175585,NaN,4.999764113266789
B_scaleAxis_tasks60_chain,B,baseline,LN,E24,Entry,1,27.499798262861646,NaN,5.500184124153676,NaN,4.9997959417573306
B_scaleAxis_tasks60_chain,B,baseline,LN,E25,Entry,1,27.49985132405646,NaN,5.500167312301177,NaN,4.999820871367454
B_scaleAxis_tasks60_chain,B,baseline,LN,E26,Entry,1,27.499893353959166,NaN,5.500154315986371,NaN,4.999840327030437
B_scaleAxis_tasks60_chain,B,baseline,LN,E27,Entry,1,27.49992651038159,NaN,5.500144304632535,NaN,4.999855456014052
B_scaleAxis_tasks60_chain,B,baseline,LN,E28,Entry,1,27.49995256071071,NaN,5.50013661997633,NaN,4.99986717799549
B_scaleAxis_tasks60_chain,B,baseline,LN,E29,Entry,1,27.49997294491461,NaN,5.500130742443298,NaN,4.999876227069181
B_scaleAxis_tasks60_chain,B,baseline,LN,E30,Entry,1,27.49998883022112,NaN,5.5001262635607695,NaN,4.99988318675755
B_scaleAxis_tasks60_chain,B,baseline,LN,E31,Entry,1,27.500001158112315,NaN,5.5001228634521055,NaN,4.999888519008859
B_scaleAxis_tasks60_chain,B,baseline,LN,E32,Entry,1,27.50001068435773,NaN,5.500120292576375,NaN,4.99989258807213
B_scaleAxis_tasks60_chain,B,baseline,LN,E33,Entry,1,27.500018012835906,NaN,5.5001183569901695,NaN,4.999895680042192
B_scaleAxis_tasks60_chain,B,baseline,LN,E34,Entry,1,27.500023623889227,NaN,5.5001169065125355,NaN,4.999898018772512
B_scaleAxis_tasks60_chain,B,baseline,LN,E35,Entry,1,27.500027897924497,NaN,5.500115825267794,NaN,4.9998997787624875
B_scaleAxis_tasks60_chain,B,baseline,LN,E36,Entry,1,27.50003113492151,NaN,5.500115024164127,NaN,4.999901095541324
B_scaleAxis_tasks60_chain,B,baseline,LN,E37,Entry,1,27.50003357045626,NaN,5.500114434939421,NaN,4.999902073993693
B_scaleAxis_tasks60_chain,B,baseline,LN,E38,Entry,1,27.500035388780244,NaN,5.500114005468747,NaN,4.999902795003347
B_scaleAxis_tasks60_chain,B,baseline,LN,E39,Entry,1,27.50003673343378,NaN,5.50011369608214,NaN,4.9999033207300245
B_scaleAxis_tasks60_chain,B,baseline,LN,E40,Entry,1,27.500037715811114,NaN,5.500113476687498,NaN,4.999903698782103
B_scaleAxis_tasks60_chain,B,baseline,LN,E41,Entry,1,27.50003842203422,NaN,5.500113324531626,NaN,4.999903965501664
B_scaleAxis_tasks60_chain,B,baseline,LN,E42,Entry,1,27.50003891844169,NaN,5.500113222464978,NaN,4.99990414853988
B_scaleAxis_tasks60_chain,B,baseline,LN,E43,Entry,1,27.50003925594961,NaN,5.500113157601985,NaN,4.999904268867708
B_scaleAxis_tasks60_chain,B,baseline,LN,E44,Entry,1,27.500039473499417,NaN,5.500113120290701,NaN,4.9999043423394065
B_scaleAxis_tasks60_chain,B,baseline,LN,E45,Entry,1,27.500039600771597,NaN,5.500113103323335,NaN,4.999904380903593
B_scaleAxis_tasks60_chain,B,baseline,LN,E46,Entry,1,27.500039660311707,NaN,5.500113101333514,NaN,4.999904393537701
B_scaleAxis_tasks60_chain,B,baseline,LN,E47,Entry,1,27.500039669188894,NaN,5.500113110337775,NaN,4.999904386966334
B_scaleAxis_tasks60_chain,B,baseline,LN,E48,Entry,1,27.500039640284044,NaN,5.500113127387938,NaN,4.999904366211482
B_scaleAxis_tasks60_chain,B,baseline,LN,E49,Entry,1,27.500039583286377,NaN,5.500113150308496,NaN,4.99990433501244
B_scaleAxis_tasks60_chain,B,baseline,LN,E50,Entry,1,27.50003950546115,NaN,5.500113177498832,NaN,4.999904296145184
B_scaleAxis_tasks60_chain,B,baseline,LN,E51,Entry,1,27.500039412238866,NaN,5.5001132077848,NaN,4.9999042516644225
B_scaleAxis_tasks60_chain,B,baseline,LN,E52,Entry,1,27.50003930766562,NaN,5.500113240307662,NaN,4.999904203086434
B_scaleAxis_tasks60_chain,B,baseline,LN,E53,Entry,1,27.50003919474602,NaN,5.500113274441256,NaN,4.999904151526713
B_scaleAxis_tasks60_chain,B,baseline,LN,E54,Entry,1,27.5000390757037,NaN,5.500113309730433,NaN,4.999904097803307
B_scaleAxis_tasks60_chain,B,baseline,LN,E55,Entry,1,27.500038952179096,NaN,5.500113345845381,NaN,4.999904042514286
B_scaleAxis_tasks60_chain,B,baseline,LN,E56,Entry,1,27.500038825381633,NaN,5.500113382547922,NaN,4.999903986096059
B_scaleAxis_tasks60_chain,B,baseline,LN,E57,Entry,1,27.50003869621202,NaN,5.500113419666616,NaN,4.999903928868235
B_scaleAxis_tasks60_chain,B,baseline,LN,E58,Entry,1,27.50003856537537,NaN,5.500113457078533,NaN,4.9999038710707655
B_scaleAxis_tasks60_chain,B,baseline,LN,E59,Entry,1,27.500038433516618,NaN,5.5001134946958645,NaN,4.999903812900731
B_scaleAxis_tasks60_chain,B,baseline,LN,E60,Entry,1,27.500038820401052,NaN,5.500113532456141,NaN,4.999903848915748
B_scaleAxis_tasks60_chain,B,baseline,LN,AS1,Activity,1,27.477962607286035,0.0,5.512985572959572,0.0,4.984225379087082
B_scaleAxis_tasks60_chain,B,baseline,LN,AS2,Activity,1,27.48090294510909,0.0,5.510825703286865,0.0,4.986712413843617
B_scaleAxis_tasks60_chain,B,baseline,LN,AS3,Activity,1,27.483544842734243,0.0,5.508991126428409,0.0,4.9888526250998675
B_scaleAxis_tasks60_chain,B,baseline,LN,AS4,Activity,1,27.48589978443418,0.0,5.507440482134948,0.0,4.990684851446516
B_scaleAxis_tasks60_chain,B,baseline,LN,AS5,Activity,1,27.487983141494073,0.0,5.5061361256995545,0.0,4.992245471955477
B_scaleAxis_tasks60_chain,B,baseline,LN,AS6,Activity,1,27.48981301291753,0.0,5.505044114805134,0.0,4.993568160332646
B_scaleAxis_tasks60_chain,B,baseline,LN,AS7,Activity,1,27.491409215751503,0.0,5.504134113773141,0.0,4.994683749976044
B_scaleAxis_tasks60_chain,B,baseline,LN,AS8,Activity,1,27.49279243035117,0.0,5.503379234355157,0.0,4.995620192540222
B_scaleAxis_tasks60_chain,B,baseline,LN,AS9,Activity,1,27.493983498262214,0.0,5.502755830370335,0.0,4.996402592773569
B_scaleAxis_tasks60_chain,B,baseline,LN,AS10,Activity,1,27.495002864604203,0.0,5.5022432613781955,0.0,4.997053303258949
B_scaleAxis_tasks60_chain,B,baseline,LN,AS11,Activity,1,27.495870152764578,0.0,5.50182363834257,0.0,4.9975920640465565
B_scaleAxis_tasks60_chain,B,baseline,LN,AS12,Activity,1,27.496603856660467,0.0,5.501481562013543,0.0,4.998036173840544
B_scaleAxis_tasks60_chain,B,baseline,LN,AS13,Activity,1,27.497221134553044,0.0,5.501203862625111,0.0,4.998400681234105
B_scaleAxis_tasks60_chain,B,baseline,LN,AS14,Activity,1,27.497737688151442,0.0,5.500979347543363,0.0,4.9986985863583415
B_scaleAxis_tasks60_chain,B,baseline,LN,AS15,Activity,1,27.498167711282065,0.0,5.5007985617481046,0.0,4.998941045124073
B_scaleAxis_tasks60_chain,B,baseline,LN,AS16,Activity,1,27.49852389348856,0.0,5.5006535645103,0.0,4.999137569925591
B_scaleAxis_tasks60_chain,B,baseline,LN,AS17,Activity,1,27.498817465388004,0.0,5.500537724347666,0.0,4.9992962221978425
B_scaleAxis_tasks60_chain,B,baseline,LN,AS18,Activity,1,27.49905827425939,0.0,5.500445533292118,0.0,4.999423793548719
B_scaleAxis_tasks60_chain,B,baseline,LN,AS19,Activity,1,27.499254880066598,0.0,5.500372440672504,0.0,4.999525973318344
B_scaleAxis_tasks60_chain,B,baseline,LN,AS20,Activity,1,27.499414663810608,0.0,5.5003147059817765,0.0,4.9996075013497085
B_scaleAxis_tasks60_chain,B,baseline,LN,AS21,Activity,1,27.49954394169984,0.0,5.500269269935507,0.0,4.999672305501924
B_scaleAxis_tasks60_chain,B,baseline,LN,AS22,Activity,1,27.499648080072973,0.0,5.500233642512432,0.0,4.999723624015271
B_scaleAxis_tasks60_chain,B,baseline,LN,AS23,Activity,1,27.499731607283483,0.0,5.500205806572635,0.0,4.9997641132667905
B_scaleAxis_tasks60_chain,B,baseline,LN,AS24,Activity,1,27.499798319844533,0.0,5.500184135550716,0.0,4.999795941757332
B_scaleAxis_tasks60_chain,B,baseline,LN,AS25,Activity,1,27.49985138103959,0.0,5.500167323698211,0.0,4.999820871367455
B_scaleAxis_tasks60_chain,B,baseline,LN,AS26,Activity,1,27.49989341094249,0.0,5.500154327383399,0.0,4.999840327030438
B_scaleAxis_tasks60_chain,B,baseline,LN,AS27,Activity,1,27.499926567365073,0.0,5.500144316029559,0.0,4.999855456014053
B_scaleAxis_tasks60_chain,B,baseline,LN,AS28,Activity,1,27.499952617694312,0.0,5.500136631373351,0.0,4.999867177995492
B_scaleAxis_tasks60_chain,B,baseline,LN,AS29,Activity,1,27.4999730018983,0.0,5.500130753840317,0.0,4.9998762270691826
B_scaleAxis_tasks60_chain,B,baseline,LN,AS30,Activity,1,27.499988887204882,0.0,5.500126274957786,0.0,4.999883186757552
B_scaleAxis_tasks60_chain,B,baseline,LN,AS31,Activity,1,27.500001215096127,0.0,5.50012287484912,0.0,4.999888519008861
B_scaleAxis_tasks60_chain,B,baseline,LN,AS32,Activity,1,27.500010741341583,0.0,5.500120303973389,0.0,4.999892588072131
B_scaleAxis_tasks60_chain,B,baseline,LN,AS33,Activity,1,27.50001806981979,0.0,5.500118368387183,0.0,4.999895680042194
B_scaleAxis_tasks60_chain,B,baseline,LN,AS34,Activity,1,27.50002368087313,0.0,5.500116917909548,0.0,4.999898018772513
B_scaleAxis_tasks60_chain,B,baseline,LN,AS35,Activity,1,27.500027954908425,0.0,5.500115836664806,0.0,4.999899778762489
B_scaleAxis_tasks60_chain,B,baseline,LN,AS36,Activity,1,27.500031191905446,0.0,5.500115035561138,0.0,4.999901095541325
B_scaleAxis_tasks60_chain,B,baseline,LN,AS37,Activity,1,27.50003362744021,0.0,5.500114446336433,0.0,4.999902073993694
B_scaleAxis_tasks60_chain,B,baseline,LN,AS38,Activity,1,27.500035445764198,0.0,5.5001140168657585,0.0,4.999902795003348
B_scaleAxis_tasks60_chain,B,baseline,LN,AS39,Activity,1,27.50003679041774,0.0,5.500113707479151,0.0,4.999903320730026
B_scaleAxis_tasks60_chain,B,baseline,LN,AS40,Activity,1,27.50003777279508,0.0,5.500113488084509,0.0,4.999903698782105
B_scaleAxis_tasks60_chain,B,baseline,LN,AS41,Activity,1,27.500038479018187,0.0,5.500113335928637,0.0,4.999903965501666
B_scaleAxis_tasks60_chain,B,baseline,LN,AS42,Activity,1,27.50003897542566,0.0,5.500113233861988,0.0,4.999904148539882
B_scaleAxis_tasks60_chain,B,baseline,LN,AS43,Activity,1,27.50003931293358,0.0,5.500113168998995,0.0,4.999904268867709
B_scaleAxis_tasks60_chain,B,baseline,LN,AS44,Activity,1,27.500039530483388,0.0,5.500113131687711,0.0,4.999904342339408
B_scaleAxis_tasks60_chain,B,baseline,LN,AS45,Activity,1,27.50003965775557,0.0,5.500113114720345,0.0,4.999904380903595
B_scaleAxis_tasks60_chain,B,baseline,LN,AS46,Activity,1,27.500039717295675,0.0,5.500113112730524,0.0,4.999904393537702
B_scaleAxis_tasks60_chain,B,baseline,LN,AS47,Activity,1,27.500039726172865,0.0,5.500113121734786,0.0,4.999904386966336
B_scaleAxis_tasks60_chain,B,baseline,LN,AS48,Activity,1,27.500039697268015,0.0,5.500113138784949,0.0,4.999904366211484
B_scaleAxis_tasks60_chain,B,baseline,LN,AS49,Activity,1,27.500039640270348,0.0,5.500113161705507,0.0,4.999904335012442
B_scaleAxis_tasks60_chain,B,baseline,LN,AS50,Activity,1,27.50003956244512,0.0,5.500113188895843,0.0,4.999904296145186
B_scaleAxis_tasks60_chain,B,baseline,LN,AS51,Activity,1,27.500039469222838,0.0,5.50011321918181,0.0,4.999904251664424
B_scaleAxis_tasks60_chain,B,baseline,LN,AS52,Activity,1,27.500039364649588,0.0,5.500113251704672,0.0,4.999904203086435
B_scaleAxis_tasks60_chain,B,baseline,LN,AS53,Activity,1,27.50003925172999,0.0,5.500113285838267,0.0,4.999904151526715
B_scaleAxis_tasks60_chain,B,baseline,LN,AS54,Activity,1,27.500039132687668,0.0,5.5001133211274436,0.0,4.9999040978033085
B_scaleAxis_tasks60_chain,B,baseline,LN,AS55,Activity,1,27.500039009163064,0.0,5.500113357242391,0.0,4.999904042514288
B_scaleAxis_tasks60_chain,B,baseline,LN,AS56,Activity,1,27.5000388823656,0.0,5.5001133939449325,0.0,4.999903986096061
B_scaleAxis_tasks60_chain,B,baseline,LN,AS57,Activity,1,27.500038753195987,0.0,5.500113431063626,0.0,4.999903928868237
B_scaleAxis_tasks60_chain,B,baseline,LN,AS58,Activity,1,27.500038622359334,0.0,5.5001134684755435,0.0,4.999903871070767
B_scaleAxis_tasks60_chain,B,baseline,LN,AS59,Activity,1,27.500038490500586,0.0,5.500113506092875,0.0,4.999903812900733
B_scaleAxis_tasks60_chain,B,baseline,LN,AS60,Activity,1,27.500038819345832,0.9999807697831495,5.500113532245094,5.500113532456141,4.999903848915747
B_scaleAxis_tasks5_fanout,B,baseline,LN,P0,Processor,1,NaN,0.0,NaN,NaN,NaN
B_scaleAxis_tasks5_fanout,B,baseline,LN,P1,Processor,1,NaN,0.40909092741292225,NaN,NaN,NaN
B_scaleAxis_tasks5_fanout,B,baseline,LN,P2,Processor,1,NaN,0.477272748589074,NaN,NaN,NaN
B_scaleAxis_tasks5_fanout,B,baseline,LN,P3,Processor,1,NaN,0.5454545697444969,NaN,NaN,NaN
B_scaleAxis_tasks5_fanout,B,baseline,LN,P4,Processor,1,NaN,0.6136363909093234,NaN,NaN,NaN
B_scaleAxis_tasks5_fanout,B,baseline,LN,T0,RefTask,1,8.181816983758454,0.0,NaN,0.0,5.454545723360896
B_scaleAxis_tasks5_fanout,B,baseline,LN,T1,Task,1,1.6363637051746651,0.40909092741292225,NaN,0.2999999991792123,5.454545698838964
B_scaleAxis_tasks5_fanout,B,baseline,LN,T2,Task,1,1.9090909879102593,0.477272748589074,NaN,0.3499999988182265,5.454545698160848
B_scaleAxis_tasks5_fanout,B,baseline,LN,T3,Task,1,2.181818261899922,0.5454545697444969,NaN,0.39999999686902143,5.454545697444969
B_scaleAxis_tasks5_fanout,B,baseline,LN,T4,Task,1,2.4545440201692927,0.6136363909093234,NaN,0.44999971703087893,5.454545696971765
B_scaleAxis_tasks5_fanout,B,baseline,LN,E0,Entry,1,8.181816983758454,NaN,1.4999997064314845,NaN,5.454545723360896
B_scaleAxis_tasks5_fanout,B,baseline,LN,E1,Entry,1,1.6363637051746651,NaN,0.2999999991792123,NaN,5.454545698838964
B_scaleAxis_tasks5_fanout,B,baseline,LN,E2,Entry,1,1.9090909879102593,NaN,0.3499999988182265,NaN,5.454545698160848
B_scaleAxis_tasks5_fanout,B,baseline,LN,E3,Entry,1,2.181818261899922,NaN,0.39999999686902143,NaN,5.454545697444969
B_scaleAxis_tasks5_fanout,B,baseline,LN,E4,Entry,1,2.4545440201692927,NaN,0.44999971703087893,NaN,5.454545696971765
B_scaleAxis_tasks5_fanout,B,baseline,LN,AS1,Activity,1,1.6363637051746602,0.40909092741292225,0.29999999917921144,0.2999999991792123,5.454545698838963
B_scaleAxis_tasks5_fanout,B,baseline,LN,AS2,Activity,1,1.9090909879102538,0.477272748589074,0.3499999988182256,0.3499999988182265,5.454545698160847
B_scaleAxis_tasks5_fanout,B,baseline,LN,AS3,Activity,1,2.1818182618999162,0.5454545697444969,0.3999999968690204,0.39999999686902143,5.454545697444969
B_scaleAxis_tasks5_fanout,B,baseline,LN,AS4,Activity,1,2.454544020169292,0.6136363909093234,0.44999971703087877,0.44999971703087893,5.454545696971765
B_scaleAxis_tasks5_fanout,B,baseline,LN,A0,Activity,1,11.999999038676847,0.0,2.199999715335207,0.0,5.454545723360898
B_scaleAxis_tasks10_fanout,B,baseline,LN,P0,Processor,1,NaN,0.0,NaN,NaN,NaN
B_scaleAxis_tasks10_fanout,B,baseline,LN,P1,Processor,1,NaN,0.2647059003350421,NaN,NaN,NaN
B_scaleAxis_tasks10_fanout,B,baseline,LN,P2,Processor,1,NaN,0.3088235503659793,NaN,NaN,NaN
B_scaleAxis_tasks10_fanout,B,baseline,LN,P3,Processor,1,NaN,0.3529412003897918,NaN,NaN,NaN
B_scaleAxis_tasks10_fanout,B,baseline,LN,P4,Processor,1,NaN,0.39705885040647193,NaN,NaN,NaN
B_scaleAxis_tasks10_fanout,B,baseline,LN,P5,Processor,1,NaN,0.44117650041602574,NaN,NaN,NaN
B_scaleAxis_tasks10_fanout,B,baseline,LN,P6,Processor,1,NaN,0.48529415041873397,NaN,NaN,NaN
B_scaleAxis_tasks10_fanout,B,baseline,LN,P7,Processor,1,NaN,0.5294118004137487,NaN,NaN,NaN
B_scaleAxis_tasks10_fanout,B,baseline,LN,P8,Processor,1,NaN,0.5735294503714216,NaN,NaN,NaN
B_scaleAxis_tasks10_fanout,B,baseline,LN,P9,Processor,1,NaN,0.6176471002907429,NaN,NaN,NaN
B_scaleAxis_tasks10_fanout,B,baseline,LN,T0,RefTask,1,15.882351854038602,0.0,NaN,0.0,3.529412015363891
B_scaleAxis_tasks10_fanout,B,baseline,LN,T1,Task,1,1.0588236009129515,0.2647059003350421,NaN,0.2999999998789552,3.529412004467228
B_scaleAxis_tasks10_fanout,B,baseline,LN,T2,Task,1,1.2352941997998264,0.3088235503659793,NaN,0.3499999995285077,3.5294120041826202
B_scaleAxis_tasks10_fanout,B,baseline,LN,T3,Task,1,1.4117647986577857,0.3529412003897918,NaN,0.3999999991779418,3.529412003897919
B_scaleAxis_tasks10_fanout,B,baseline,LN,T4,Task,1,1.588235397486683,0.39705885040647193,NaN,0.4499999988272254,3.529412003613084
B_scaleAxis_tasks10_fanout,B,baseline,LN,T5,Task,1,1.7647059962832274,0.44117650041602574,NaN,0.49999999847541865,3.5294120033282064
B_scaleAxis_tasks10_fanout,B,baseline,LN,T6,Task,1,1.9411765949580615,0.48529415041873397,NaN,0.5499999980968857,3.529412003045338
B_scaleAxis_tasks10_fanout,B,baseline,LN,T7,Task,1,2.117647191114751,0.5294118004137487,NaN,0.5999999970135979,3.529412002758324
B_scaleAxis_tasks10_fanout,B,baseline,LN,T8,Task,1,2.2941177236783648,0.5735294503714216,NaN,0.6499999779545936,3.5294120022856714
B_scaleAxis_tasks10_fanout,B,baseline,LN,T9,Task,1,2.470586345276651,0.6176471002907429,NaN,0.699999417498915,3.529412001661388
B_scaleAxis_tasks10_fanout,B,baseline,LN,E0,Entry,1,15.882351854038602,NaN,4.499999372388688,NaN,3.529412015363891
B_scaleAxis_tasks10_fanout,B,baseline,LN,E1,Entry,1,1.0588236009129515,NaN,0.2999999998789552,NaN,3.529412004467228
B_scaleAxis_tasks10_fanout,B,baseline,LN,E2,Entry,1,1.2352941997998264,NaN,0.3499999995285077,NaN,3.5294120041826202
B_scaleAxis_tasks10_fanout,B,baseline,LN,E3,Entry,1,1.4117647986577857,NaN,0.3999999991779418,NaN,3.529412003897919
B_scaleAxis_tasks10_fanout,B,baseline,LN,E4,Entry,1,1.588235397486683,NaN,0.4499999988272254,NaN,3.529412003613084
B_scaleAxis_tasks10_fanout,B,baseline,LN,E5,Entry,1,1.7647059962832274,NaN,0.49999999847541865,NaN,3.5294120033282064
B_scaleAxis_tasks10_fanout,B,baseline,LN,E6,Entry,1,1.9411765949580615,NaN,0.5499999980968857,NaN,3.529412003045338
B_scaleAxis_tasks10_fanout,B,baseline,LN,E7,Entry,1,2.117647191114751,NaN,0.5999999970135979,NaN,3.529412002758324
B_scaleAxis_tasks10_fanout,B,baseline,LN,E8,Entry,1,2.2941177236783648,NaN,0.6499999779545936,NaN,3.5294120022856714
B_scaleAxis_tasks10_fanout,B,baseline,LN,E9,Entry,1,2.470586345276651,NaN,0.699999417498915,NaN,3.529412001661388
B_scaleAxis_tasks10_fanout,B,baseline,LN,AS1,Activity,1,1.0588236009129486,0.2647059003350421,0.29999999987895437,0.2999999998789552,3.529412004467228
B_scaleAxis_tasks10_fanout,B,baseline,LN,AS2,Activity,1,1.2352941997998232,0.3088235503659793,0.3499999995285068,0.3499999995285077,3.5294120041826202
B_scaleAxis_tasks10_fanout,B,baseline,LN,AS3,Activity,1,1.411764798657781,0.3529412003897918,0.3999999991779407,0.3999999991779418,3.5294120038979173
B_scaleAxis_tasks10_fanout,B,baseline,LN,AS4,Activity,1,1.5882353974866783,0.39705885040647193,0.44999999882722413,0.4499999988272254,3.5294120036130834
B_scaleAxis_tasks10_fanout,B,baseline,LN,AS5,Activity,1,1.7647059962832223,0.44117650041602574,0.49999999847541726,0.49999999847541865,3.529412003328206
B_scaleAxis_tasks10_fanout,B,baseline,LN,AS6,Activity,1,1.9411765949580555,0.48529415041873397,0.5499999980968842,0.5499999980968857,3.529412003045337
B_scaleAxis_tasks10_fanout,B,baseline,LN,AS7,Activity,1,2.1176471911147448,0.5294118004137487,0.5999999970135963,0.5999999970135979,3.529412002758323
B_scaleAxis_tasks10_fanout,B,baseline,LN,AS8,Activity,1,2.294117723678358,0.5735294503714216,0.6499999779545919,0.6499999779545936,3.529412002285671
B_scaleAxis_tasks10_fanout,B,baseline,LN,AS9,Activity,1,2.4705863452766614,0.6176471002907429,0.6999994174989179,0.699999417498915,3.529412001661388
B_scaleAxis_tasks10_fanout,B,baseline,LN,A0,Activity,1,30.52941171926806,0.0,8.649999372804983,0.0,3.529412015363895
B_scaleAxis_tasks20_fanout,B,baseline,LN,P0,Processor,1,NaN,0.0,NaN,NaN,NaN
B_scaleAxis_tasks20_fanout,B,baseline,LN,P1,Processor,1,NaN,0.12328767114795557,NaN,NaN,NaN
B_scaleAxis_tasks20_fanout,B,baseline,LN,P2,Processor,1,NaN,0.14383561633365158,NaN,NaN,NaN
B_scaleAxis_tasks20_fanout,B,baseline,LN,P3,Processor,1,NaN,0.16438356151774047,NaN,NaN,NaN
B_scaleAxis_tasks20_fanout,B,baseline,LN,P4,Processor,1,NaN,0.1849315067002224,NaN,NaN,NaN
B_scaleAxis_tasks20_fanout,B,baseline,LN,P5,Processor,1,NaN,0.20547945188109787,NaN,NaN,NaN
B_scaleAxis_tasks20_fanout,B,baseline,LN,P6,Processor,1,NaN,0.22602739706036665,NaN,NaN,NaN
B_scaleAxis_tasks20_fanout,B,baseline,LN,P7,Processor,1,NaN,0.24657534223802913,NaN,NaN,NaN
B_scaleAxis_tasks20_fanout,B,baseline,LN,P8,Processor,1,NaN,0.2671232874140856,NaN,NaN,NaN
B_scaleAxis_tasks20_fanout,B,baseline,LN,P9,Processor,1,NaN,0.28767123258853555,NaN,NaN,NaN
B_scaleAxis_tasks20_fanout,B,baseline,LN,P10,Processor,1,NaN,0.30821917776137947,NaN,NaN,NaN
B_scaleAxis_tasks20_fanout,B,baseline,LN,P11,Processor,1,NaN,0.3287671229326171,NaN,NaN,NaN
B_scaleAxis_tasks20_fanout,B,baseline,LN,P12,Processor,1,NaN,0.3493150681022489,NaN,NaN,NaN
B_scaleAxis_tasks20_fanout,B,baseline,LN,P13,Processor,1,NaN,0.3698630132702742,NaN,NaN,NaN
B_scaleAxis_tasks20_fanout,B,baseline,LN,P14,Processor,1,NaN,0.39041095843669316,NaN,NaN,NaN
B_scaleAxis_tasks20_fanout,B,baseline,LN,P15,Processor,1,NaN,0.4109589036015059,NaN,NaN,NaN
B_scaleAxis_tasks20_fanout,B,baseline,LN,P16,Processor,1,NaN,0.43150684876471207,NaN,NaN,NaN
B_scaleAxis_tasks20_fanout,B,baseline,LN,P17,Processor,1,NaN,0.4520547939263102,NaN,NaN,NaN
B_scaleAxis_tasks20_fanout,B,baseline,LN,P18,Processor,1,NaN,0.4726027390862936,NaN,NaN,NaN
B_scaleAxis_tasks20_fanout,B,baseline,LN,P19,Processor,1,NaN,0.4931506842446287,NaN,NaN,NaN
B_scaleAxis_tasks20_fanout,B,baseline,LN,T0,RefTask,1,23.424657483744845,0.0,NaN,0.0,1.643835617468557
B_scaleAxis_tasks20_fanout,B,baseline,LN,T1,Task,1,0.49315068812650126,0.12328767114795557,NaN,0.3000000021502631,1.6438356153060738
B_scaleAxis_tasks20_fanout,B,baseline,LN,T2,Task,1,0.575342468293903,0.14383561633365158,NaN,0.3500000018002386,1.6438356152417335
B_scaleAxis_tasks20_fanout,B,baseline,LN,T3,Task,1,0.6575342484547801,0.16438356151774047,NaN,0.40000000145015613,1.6438356151774047
B_scaleAxis_tasks20_fanout,B,baseline,LN,T4,Task,1,0.7397260286091346,0.1849315067002224,NaN,0.4500000011000157,1.6438356151130882
B_scaleAxis_tasks20_fanout,B,baseline,LN,T5,Task,1,0.821917808756969,0.20547945188109787,NaN,0.500000000749818,1.643835615048783
B_scaleAxis_tasks20_fanout,B,baseline,LN,T6,Task,1,0.9041095888982836,0.22602739706036665,NaN,0.5500000003995635,1.6438356149844853
B_scaleAxis_tasks20_fanout,B,baseline,LN,T7,Task,1,0.9863013690330804,0.24657534223802913,NaN,0.6000000000492527,1.6438356149201951
B_scaleAxis_tasks20_fanout,B,baseline,LN,T8,Task,1,1.06849314916136,0.2671232874140856,NaN,0.6499999996988857,1.6438356148559117
B_scaleAxis_tasks20_fanout,B,baseline,LN,T9,Task,1,1.1506849292831225,0.28767123258853555,NaN,0.6999999993484631,1.6438356147916315
B_scaleAxis_tasks20_fanout,B,baseline,LN,T10,Task,1,1.232876709398371,0.30821917776137947,NaN,0.7499999989979855,1.6438356147273574
B_scaleAxis_tasks20_fanout,B,baseline,LN,T11,Task,1,1.3150684895071039,0.3287671229326171,NaN,0.7999999986474531,1.643835614663086
B_scaleAxis_tasks20_fanout,B,baseline,LN,T12,Task,1,1.3972602696093213,0.3493150681022489,NaN,0.8499999982968651,1.6438356145988176
B_scaleAxis_tasks20_fanout,B,baseline,LN,T13,Task,1,1.4794520497050148,0.3698630132702742,NaN,0.8999999979462168,1.643835614534552
B_scaleAxis_tasks20_fanout,B,baseline,LN,T14,Task,1,1.5616438297941455,0.39041095843669316,NaN,0.9499999975954849,1.6438356144702875
B_scaleAxis_tasks20_fanout,B,baseline,LN,T15,Task,1,1.6438356098765265,0.4109589036015059,NaN,0.9999999972445557,1.643835614406024
B_scaleAxis_tasks20_fanout,B,baseline,LN,T16,Task,1,1.726027389951284,0.43150684876471207,NaN,1.0499999968928984,1.6438356143417603
B_scaleAxis_tasks20_fanout,B,baseline,LN,T17,Task,1,1.8082191700143249,0.4520547939263102,NaN,1.0999999965380258,1.6438356142774921
B_scaleAxis_tasks20_fanout,B,baseline,LN,T18,Task,1,1.8904109500466302,0.4726027390862936,NaN,1.1499999961683858,1.643835614213195
B_scaleAxis_tasks20_fanout,B,baseline,LN,T19,Task,1,1.9726027299603808,0.4931506842446287,NaN,1.1999999957306349,1.6438356141487627
B_scaleAxis_tasks20_fanout,B,baseline,LN,E0,Entry,1,23.424657483744845,NaN,14.24999996034756,NaN,1.643835617468557
B_scaleAxis_tasks20_fanout,B,baseline,LN,E1,Entry,1,0.49315068812650126,NaN,0.3000000021502631,NaN,1.6438356153060738
B_scaleAxis_tasks20_fanout,B,baseline,LN,E2,Entry,1,0.575342468293903,NaN,0.3500000018002386,NaN,1.6438356152417335
B_scaleAxis_tasks20_fanout,B,baseline,LN,E3,Entry,1,0.6575342484547801,NaN,0.40000000145015613,NaN,1.6438356151774047
B_scaleAxis_tasks20_fanout,B,baseline,LN,E4,Entry,1,0.7397260286091346,NaN,0.4500000011000157,NaN,1.6438356151130882
B_scaleAxis_tasks20_fanout,B,baseline,LN,E5,Entry,1,0.821917808756969,NaN,0.500000000749818,NaN,1.643835615048783
B_scaleAxis_tasks20_fanout,B,baseline,LN,E6,Entry,1,0.9041095888982836,NaN,0.5500000003995635,NaN,1.6438356149844853
B_scaleAxis_tasks20_fanout,B,baseline,LN,E7,Entry,1,0.9863013690330804,NaN,0.6000000000492527,NaN,1.6438356149201951
B_scaleAxis_tasks20_fanout,B,baseline,LN,E8,Entry,1,1.06849314916136,NaN,0.6499999996988857,NaN,1.6438356148559117
B_scaleAxis_tasks20_fanout,B,baseline,LN,E9,Entry,1,1.1506849292831225,NaN,0.6999999993484631,NaN,1.6438356147916315
B_scaleAxis_tasks20_fanout,B,baseline,LN,E10,Entry,1,1.232876709398371,NaN,0.7499999989979855,NaN,1.6438356147273574
B_scaleAxis_tasks20_fanout,B,baseline,LN,E11,Entry,1,1.3150684895071039,NaN,0.7999999986474531,NaN,1.643835614663086
B_scaleAxis_tasks20_fanout,B,baseline,LN,E12,Entry,1,1.3972602696093213,NaN,0.8499999982968651,NaN,1.6438356145988176
B_scaleAxis_tasks20_fanout,B,baseline,LN,E13,Entry,1,1.4794520497050148,NaN,0.8999999979462168,NaN,1.643835614534552
B_scaleAxis_tasks20_fanout,B,baseline,LN,E14,Entry,1,1.5616438297941455,NaN,0.9499999975954849,NaN,1.6438356144702875
B_scaleAxis_tasks20_fanout,B,baseline,LN,E15,Entry,1,1.6438356098765265,NaN,0.9999999972445557,NaN,1.643835614406024
B_scaleAxis_tasks20_fanout,B,baseline,LN,E16,Entry,1,1.726027389951284,NaN,1.0499999968928984,NaN,1.6438356143417603
B_scaleAxis_tasks20_fanout,B,baseline,LN,E17,Entry,1,1.8082191700143249,NaN,1.0999999965380258,NaN,1.6438356142774921
B_scaleAxis_tasks20_fanout,B,baseline,LN,E18,Entry,1,1.8904109500466302,NaN,1.1499999961683858,NaN,1.643835614213195
B_scaleAxis_tasks20_fanout,B,baseline,LN,E19,Entry,1,1.9726027299603808,NaN,1.1999999957306349,NaN,1.6438356141487627
B_scaleAxis_tasks20_fanout,B,baseline,LN,AS1,Activity,1,0.49315068812650104,0.12328767114795557,0.300000002150263,0.3000000021502631,1.6438356153060738
B_scaleAxis_tasks20_fanout,B,baseline,LN,AS2,Activity,1,0.575342468293903,0.14383561633365158,0.3500000018002387,0.3500000018002386,1.6438356152417328
B_scaleAxis_tasks20_fanout,B,baseline,LN,AS3,Activity,1,0.6575342484547801,0.16438356151774047,0.40000000145015613,0.40000000145015613,1.6438356151774047
B_scaleAxis_tasks20_fanout,B,baseline,LN,AS4,Activity,1,0.7397260286091343,0.1849315067002224,0.4500000011000156,0.4500000011000157,1.6438356151130877
B_scaleAxis_tasks20_fanout,B,baseline,LN,AS5,Activity,1,0.821917808756969,0.20547945188109787,0.500000000749818,0.500000000749818,1.643835615048783
B_scaleAxis_tasks20_fanout,B,baseline,LN,AS6,Activity,1,0.9041095888982839,0.22602739706036665,0.5500000003995636,0.5500000003995635,1.6438356149844853
B_scaleAxis_tasks20_fanout,B,baseline,LN,AS7,Activity,1,0.98630136903308,0.24657534223802913,0.6000000000492527,0.6000000000492527,1.6438356149201945
B_scaleAxis_tasks20_fanout,B,baseline,LN,AS8,Activity,1,1.06849314916136,0.2671232874140856,0.6499999996988858,0.6499999996988857,1.6438356148559112
B_scaleAxis_tasks20_fanout,B,baseline,LN,AS9,Activity,1,1.1506849292831227,0.28767123258853555,0.6999999993484635,0.6999999993484631,1.643835614791631
B_scaleAxis_tasks20_fanout,B,baseline,LN,AS10,Activity,1,1.232876709398371,0.30821917776137947,0.7499999989979855,0.7499999989979855,1.6438356147273574
B_scaleAxis_tasks20_fanout,B,baseline,LN,AS11,Activity,1,1.3150684895071039,0.3287671229326171,0.799999998647453,0.7999999986474531,1.643835614663086
B_scaleAxis_tasks20_fanout,B,baseline,LN,AS12,Activity,1,1.3972602696093217,0.3493150681022489,0.8499999982968655,0.8499999982968651,1.6438356145988176
B_scaleAxis_tasks20_fanout,B,baseline,LN,AS13,Activity,1,1.4794520497050152,0.3698630132702742,0.8999999979462171,0.8999999979462168,1.6438356145345518
B_scaleAxis_tasks20_fanout,B,baseline,LN,AS14,Activity,1,1.561643829794146,0.39041095843669316,0.9499999975954853,0.9499999975954849,1.6438356144702873
B_scaleAxis_tasks20_fanout,B,baseline,LN,AS15,Activity,1,1.6438356098765265,0.4109589036015059,0.999999997244556,0.9999999972445557,1.6438356144060235
B_scaleAxis_tasks20_fanout,B,baseline,LN,AS16,Activity,1,1.7260273899512844,0.43150684876471207,1.0499999968928986,1.0499999968928984,1.6438356143417603
B_scaleAxis_tasks20_fanout,B,baseline,LN,AS17,Activity,1,1.8082191700143244,0.4520547939263102,1.0999999965380258,1.0999999965380258,1.6438356142774917
B_scaleAxis_tasks20_fanout,B,baseline,LN,AS18,Activity,1,1.8904109500466306,0.4726027390862936,1.149999996168386,1.1499999961683858,1.643835614213195
B_scaleAxis_tasks20_fanout,B,baseline,LN,AS19,Activity,1,1.9726027299603814,0.4931506842446287,1.1999999957306353,1.1999999957306349,1.6438356141487627
B_scaleAxis_tasks20_fanout,B,baseline,LN,A0,Activity,1,58.02739723296688,0.0,35.29999996126553,0.0,1.6438356174685547
B_scaleAxis_tasks40_fanout,B,baseline,LN,P0,Processor,1,NaN,0.0,NaN,NaN,NaN
B_scaleAxis_tasks40_fanout,B,baseline,LN,P1,Processor,1,NaN,0.042654028163138465,NaN,NaN,NaN
B_scaleAxis_tasks40_fanout,B,baseline,LN,P2,Processor,1,NaN,0.04976303285631138,NaN,NaN,NaN
B_scaleAxis_tasks40_fanout,B,baseline,LN,P3,Processor,1,NaN,0.05687203754928977,NaN,NaN,NaN
B_scaleAxis_tasks40_fanout,B,baseline,LN,P4,Processor,1,NaN,0.06398104224207411,NaN,NaN,NaN
B_scaleAxis_tasks40_fanout,B,baseline,LN,P5,Processor,1,NaN,0.0710900469346643,NaN,NaN,NaN
B_scaleAxis_tasks40_fanout,B,baseline,LN,P6,Processor,1,NaN,0.07819905162706052,NaN,NaN,NaN
B_scaleAxis_tasks40_fanout,B,baseline,LN,P7,Processor,1,NaN,0.08530805631926312,NaN,NaN,NaN
B_scaleAxis_tasks40_fanout,B,baseline,LN,P8,Processor,1,NaN,0.09241706101127212,NaN,NaN,NaN
B_scaleAxis_tasks40_fanout,B,baseline,LN,P9,Processor,1,NaN,0.09952606570308756,NaN,NaN,NaN
B_scaleAxis_tasks40_fanout,B,baseline,LN,P10,Processor,1,NaN,0.10663507039470986,NaN,NaN,NaN
B_scaleAxis_tasks40_fanout,B,baseline,LN,P11,Processor,1,NaN,0.11374407508613872,NaN,NaN,NaN
B_scaleAxis_tasks40_fanout,B,baseline,LN,P12,Processor,1,NaN,0.1208530797773747,NaN,NaN,NaN
B_scaleAxis_tasks40_fanout,B,baseline,LN,P13,Processor,1,NaN,0.1279620844684174,NaN,NaN,NaN
B_scaleAxis_tasks40_fanout,B,baseline,LN,P14,Processor,1,NaN,0.13507108915926713,NaN,NaN,NaN
B_scaleAxis_tasks40_fanout,B,baseline,LN,P15,Processor,1,NaN,0.142180093849924,NaN,NaN,NaN
B_scaleAxis_tasks40_fanout,B,baseline,LN,P16,Processor,1,NaN,0.14928909854038816,NaN,NaN,NaN
B_scaleAxis_tasks40_fanout,B,baseline,LN,P17,Processor,1,NaN,0.15639810323065903,NaN,NaN,NaN
B_scaleAxis_tasks40_fanout,B,baseline,LN,P18,Processor,1,NaN,0.1635071079207376,NaN,NaN,NaN
B_scaleAxis_tasks40_fanout,B,baseline,LN,P19,Processor,1,NaN,0.17061611261062323,NaN,NaN,NaN
B_scaleAxis_tasks40_fanout,B,baseline,LN,P20,Processor,1,NaN,0.1777251173003164,NaN,NaN,NaN
B_scaleAxis_tasks40_fanout,B,baseline,LN,P21,Processor,1,NaN,0.18483412198981677,NaN,NaN,NaN
B_scaleAxis_tasks40_fanout,B,baseline,LN,P22,Processor,1,NaN,0.19194312667912436,NaN,NaN,NaN
B_scaleAxis_tasks40_fanout,B,baseline,LN,P23,Processor,1,NaN,0.1990521313682398,NaN,NaN,NaN
B_scaleAxis_tasks40_fanout,B,baseline,LN,P24,Processor,1,NaN,0.20616113605716246,NaN,NaN,NaN
B_scaleAxis_tasks40_fanout,B,baseline,LN,P25,Processor,1,NaN,0.2132701407458926,NaN,NaN,NaN
B_scaleAxis_tasks40_fanout,B,baseline,LN,P26,Processor,1,NaN,0.22037914543443018,NaN,NaN,NaN
B_scaleAxis_tasks40_fanout,B,baseline,LN,P27,Processor,1,NaN,0.22748815012277562,NaN,NaN,NaN
B_scaleAxis_tasks40_fanout,B,baseline,LN,P28,Processor,1,NaN,0.2345971548109284,NaN,NaN,NaN
B_scaleAxis_tasks40_fanout,B,baseline,LN,P29,Processor,1,NaN,0.24170615949888852,NaN,NaN,NaN
B_scaleAxis_tasks40_fanout,B,baseline,LN,P30,Processor,1,NaN,0.2488151641866565,NaN,NaN,NaN
B_scaleAxis_tasks40_fanout,B,baseline,LN,P31,Processor,1,NaN,0.25592416887423214,NaN,NaN,NaN
B_scaleAxis_tasks40_fanout,B,baseline,LN,P32,Processor,1,NaN,0.263033173561615,NaN,NaN,NaN
B_scaleAxis_tasks40_fanout,B,baseline,LN,P33,Processor,1,NaN,0.27014217824880576,NaN,NaN,NaN
B_scaleAxis_tasks40_fanout,B,baseline,LN,P34,Processor,1,NaN,0.27725118293580386,NaN,NaN,NaN
B_scaleAxis_tasks40_fanout,B,baseline,LN,P35,Processor,1,NaN,0.2843601876226102,NaN,NaN,NaN
B_scaleAxis_tasks40_fanout,B,baseline,LN,P36,Processor,1,NaN,0.2914691923092238,NaN,NaN,NaN
B_scaleAxis_tasks40_fanout,B,baseline,LN,P37,Processor,1,NaN,0.2985781969956449,NaN,NaN,NaN
B_scaleAxis_tasks40_fanout,B,baseline,LN,P38,Processor,1,NaN,0.30568720168187385,NaN,NaN,NaN
B_scaleAxis_tasks40_fanout,B,baseline,LN,P39,Processor,1,NaN,0.31279620636791,NaN,NaN,NaN
B_scaleAxis_tasks40_fanout,B,baseline,LN,T0,RefTask,1,27.725118472071973,0.0,NaN,0.0,0.5687203757624092
B_scaleAxis_tasks40_fanout,B,baseline,LN,T1,Task,1,0.17061611844419197,0.042654028163138465,NaN,0.30000001018363054,0.5687203755085126
B_scaleAxis_tasks40_fanout,B,baseline,LN,T2,Task,1,0.19905213701796146,0.04976303285631138,NaN,0.35000000983385904,0.5687203755007013
B_scaleAxis_tasks40_fanout,B,baseline,LN,T3,Task,1,0.22748815559094132,0.05687203754928977,NaN,0.4000000094840669,0.5687203754928981
B_scaleAxis_tasks40_fanout,B,baseline,LN,T4,Task,1,0.2559241741631325,0.06398104224207411,NaN,0.4500000091342534,0.5687203754851032
B_scaleAxis_tasks40_fanout,B,baseline,LN,T5,Task,1,0.2843601927345356,0.0710900469346643,NaN,0.5000000087844196,0.5687203754773144
B_scaleAxis_tasks40_fanout,B,baseline,LN,T6,Task,1,0.3127962113051513,0.07819905162706052,NaN,0.5500000084345651,0.5687203754695314
B_scaleAxis_tasks40_fanout,B,baseline,LN,T7,Task,1,0.34123222987498064,0.08530805631926312,NaN,0.6000000080846897,0.5687203754617548
B_scaleAxis_tasks40_fanout,B,baseline,LN,T8,Task,1,0.3696682484440229,0.09241706101127212,NaN,0.6500000077347934,0.568720375453982
B_scaleAxis_tasks40_fanout,B,baseline,LN,T9,Task,1,0.39810426701228063,0.09952606570308756,NaN,0.7000000073848769,0.5687203754462152
B_scaleAxis_tasks40_fanout,B,baseline,LN,T10,Task,1,0.42654028557975304,0.10663507039470986,NaN,0.7500000070349397,0.5687203754384527
B_scaleAxis_tasks40_fanout,B,baseline,LN,T11,Task,1,0.45497630414644047,0.11374407508613872,NaN,0.8000000066849822,0.5687203754306936
B_scaleAxis_tasks40_fanout,B,baseline,LN,T12,Task,1,0.4834123227123447,0.1208530797773747,NaN,0.8500000063350044,0.5687203754229395
B_scaleAxis_tasks40_fanout,B,baseline,LN,T13,Task,1,0.5118483412774649,0.1279620844684174,NaN,0.9000000059850058,0.568720375415189
B_scaleAxis_tasks40_fanout,B,baseline,LN,T14,Task,1,0.5402843598418011,0.13507108915926713,NaN,0.9500000056349875,0.5687203754074409
B_scaleAxis_tasks40_fanout,B,baseline,LN,T15,Task,1,0.5687203784053539,0.142180093849924,NaN,1.0000000052849485,0.5687203753996961
B_scaleAxis_tasks40_fanout,B,baseline,LN,T16,Task,1,0.597156396968125,0.14928909854038816,NaN,1.0500000049348897,0.5687203753919549
B_scaleAxis_tasks40_fanout,B,baseline,LN,T17,Task,1,0.6255924155301117,0.15639810323065903,NaN,1.1000000045848106,0.5687203753842149
B_scaleAxis_tasks40_fanout,B,baseline,LN,T18,Task,1,0.6540284340913176,0.1635071079207376,NaN,1.1500000042347116,0.568720375376479
B_scaleAxis_tasks40_fanout,B,baseline,LN,T19,Task,1,0.6824644526517405,0.17061611261062323,NaN,1.2000000038845924,0.5687203753687448
B_scaleAxis_tasks40_fanout,B,baseline,LN,T20,Task,1,0.710900471211381,0.1777251173003164,NaN,1.2500000035344536,0.5687203753610122
B_scaleAxis_tasks40_fanout,B,baseline,LN,T21,Task,1,0.7393364897702397,0.18483412198981677,NaN,1.3000000031842944,0.568720375353282
B_scaleAxis_tasks40_fanout,B,baseline,LN,T22,Task,1,0.7677725083283176,0.19194312667912436,NaN,1.3500000028341157,0.5687203753455542
B_scaleAxis_tasks40_fanout,B,baseline,LN,T23,Task,1,0.7962085268856133,0.1990521313682398,NaN,1.4000000024839174,0.5687203753378277
B_scaleAxis_tasks40_fanout,B,baseline,LN,T24,Task,1,0.8246445454421282,0.20616113605716246,NaN,1.4500000021336992,0.5687203753301034
B_scaleAxis_tasks40_fanout,B,baseline,LN,T25,Task,1,0.8530805639978609,0.2132701407458926,NaN,1.5000000017834616,0.56872037532238
B_scaleAxis_tasks40_fanout,B,baseline,LN,T26,Task,1,0.8815165825528127,0.22037914543443018,NaN,1.5500000014332036,0.5687203753146585
B_scaleAxis_tasks40_fanout,B,baseline,LN,T27,Task,1,0.9099526011069838,0.22748815012277562,NaN,1.6000000010829265,0.5687203753069384
B_scaleAxis_tasks40_fanout,B,baseline,LN,T28,Task,1,0.9383886196603752,0.2345971548109284,NaN,1.6500000007326303,0.5687203752992203
B_scaleAxis_tasks40_fanout,B,baseline,LN,T29,Task,1,0.9668246382129835,0.24170615949888852,NaN,1.700000000382314,0.5687203752915022
B_scaleAxis_tasks40_fanout,B,baseline,LN,T30,Task,1,0.9952606567648118,0.2488151641866565,NaN,1.7500000000319784,0.5687203752837857
B_scaleAxis_tasks40_fanout,B,baseline,LN,T31,Task,1,1.0236966753158607,0.25592416887423214,NaN,1.7999999996816234,0.5687203752760711
B_scaleAxis_tasks40_fanout,B,baseline,LN,T32,Task,1,1.0521326938661286,0.263033173561615,NaN,1.8499999993312497,0.5687203752683571
B_scaleAxis_tasks40_fanout,B,baseline,LN,T33,Task,1,1.0805687124156145,0.27014217824880576,NaN,1.8999999989808563,0.5687203752606433
B_scaleAxis_tasks40_fanout,B,baseline,LN,T34,Task,1,1.1090047309643216,0.27725118293580386,NaN,1.9499999986304437,0.5687203752529314
B_scaleAxis_tasks40_fanout,B,baseline,LN,T35,Task,1,1.1374407495122485,0.2843601876226102,NaN,1.9999999982800118,0.5687203752452205
B_scaleAxis_tasks40_fanout,B,baseline,LN,T36,Task,1,1.1658767680593936,0.2914691923092238,NaN,2.04999999792956,0.5687203752375097
B_scaleAxis_tasks40_fanout,B,baseline,LN,T37,Task,1,1.1943127866057597,0.2985781969956449,NaN,2.0999999975790917,0.5687203752297998
B_scaleAxis_tasks40_fanout,B,baseline,LN,T38,Task,1,1.2227488051513462,0.30568720168187385,NaN,2.149999997228603,0.5687203752220912
B_scaleAxis_tasks40_fanout,B,baseline,LN,T39,Task,1,1.251184823696149,0.31279620636791,NaN,2.1999999968780948,0.5687203752143818
B_scaleAxis_tasks40_fanout,B,baseline,LN,E0,Entry,1,27.725118472071973,NaN,48.750000270175875,NaN,0.5687203757624092
B_scaleAxis_tasks40_fanout,B,baseline,LN,E1,Entry,1,0.17061611844419197,NaN,0.30000001018363054,NaN,0.5687203755085126
B_scaleAxis_tasks40_fanout,B,baseline,LN,E2,Entry,1,0.19905213701796146,NaN,0.35000000983385904,NaN,0.5687203755007013
B_scaleAxis_tasks40_fanout,B,baseline,LN,E3,Entry,1,0.22748815559094132,NaN,0.4000000094840669,NaN,0.5687203754928981
B_scaleAxis_tasks40_fanout,B,baseline,LN,E4,Entry,1,0.2559241741631325,NaN,0.4500000091342534,NaN,0.5687203754851032
B_scaleAxis_tasks40_fanout,B,baseline,LN,E5,Entry,1,0.2843601927345356,NaN,0.5000000087844196,NaN,0.5687203754773144
B_scaleAxis_tasks40_fanout,B,baseline,LN,E6,Entry,1,0.3127962113051513,NaN,0.5500000084345651,NaN,0.5687203754695314
B_scaleAxis_tasks40_fanout,B,baseline,LN,E7,Entry,1,0.34123222987498064,NaN,0.6000000080846897,NaN,0.5687203754617548
B_scaleAxis_tasks40_fanout,B,baseline,LN,E8,Entry,1,0.3696682484440229,NaN,0.6500000077347934,NaN,0.568720375453982
B_scaleAxis_tasks40_fanout,B,baseline,LN,E9,Entry,1,0.39810426701228063,NaN,0.7000000073848769,NaN,0.5687203754462152
B_scaleAxis_tasks40_fanout,B,baseline,LN,E10,Entry,1,0.42654028557975304,NaN,0.7500000070349397,NaN,0.5687203754384527
B_scaleAxis_tasks40_fanout,B,baseline,LN,E11,Entry,1,0.45497630414644047,NaN,0.8000000066849822,NaN,0.5687203754306936
B_scaleAxis_tasks40_fanout,B,baseline,LN,E12,Entry,1,0.4834123227123447,NaN,0.8500000063350044,NaN,0.5687203754229395
B_scaleAxis_tasks40_fanout,B,baseline,LN,E13,Entry,1,0.5118483412774649,NaN,0.9000000059850058,NaN,0.568720375415189
B_scaleAxis_tasks40_fanout,B,baseline,LN,E14,Entry,1,0.5402843598418011,NaN,0.9500000056349875,NaN,0.5687203754074409
B_scaleAxis_tasks40_fanout,B,baseline,LN,E15,Entry,1,0.5687203784053539,NaN,1.0000000052849485,NaN,0.5687203753996961
B_scaleAxis_tasks40_fanout,B,baseline,LN,E16,Entry,1,0.597156396968125,NaN,1.0500000049348897,NaN,0.5687203753919549
B_scaleAxis_tasks40_fanout,B,baseline,LN,E17,Entry,1,0.6255924155301117,NaN,1.1000000045848106,NaN,0.5687203753842149
B_scaleAxis_tasks40_fanout,B,baseline,LN,E18,Entry,1,0.6540284340913176,NaN,1.1500000042347116,NaN,0.568720375376479
B_scaleAxis_tasks40_fanout,B,baseline,LN,E19,Entry,1,0.6824644526517405,NaN,1.2000000038845924,NaN,0.5687203753687448
B_scaleAxis_tasks40_fanout,B,baseline,LN,E20,Entry,1,0.710900471211381,NaN,1.2500000035344536,NaN,0.5687203753610122
B_scaleAxis_tasks40_fanout,B,baseline,LN,E21,Entry,1,0.7393364897702397,NaN,1.3000000031842944,NaN,0.568720375353282
B_scaleAxis_tasks40_fanout,B,baseline,LN,E22,Entry,1,0.7677725083283176,NaN,1.3500000028341157,NaN,0.5687203753455542
B_scaleAxis_tasks40_fanout,B,baseline,LN,E23,Entry,1,0.7962085268856133,NaN,1.4000000024839174,NaN,0.5687203753378277
B_scaleAxis_tasks40_fanout,B,baseline,LN,E24,Entry,1,0.8246445454421282,NaN,1.4500000021336992,NaN,0.5687203753301034
B_scaleAxis_tasks40_fanout,B,baseline,LN,E25,Entry,1,0.8530805639978609,NaN,1.5000000017834616,NaN,0.56872037532238
B_scaleAxis_tasks40_fanout,B,baseline,LN,E26,Entry,1,0.8815165825528127,NaN,1.5500000014332036,NaN,0.5687203753146585
B_scaleAxis_tasks40_fanout,B,baseline,LN,E27,Entry,1,0.9099526011069838,NaN,1.6000000010829265,NaN,0.5687203753069384
B_scaleAxis_tasks40_fanout,B,baseline,LN,E28,Entry,1,0.9383886196603752,NaN,1.6500000007326303,NaN,0.5687203752992203
B_scaleAxis_tasks40_fanout,B,baseline,LN,E29,Entry,1,0.9668246382129835,NaN,1.700000000382314,NaN,0.5687203752915022
B_scaleAxis_tasks40_fanout,B,baseline,LN,E30,Entry,1,0.9952606567648118,NaN,1.7500000000319784,NaN,0.5687203752837857
B_scaleAxis_tasks40_fanout,B,baseline,LN,E31,Entry,1,1.0236966753158607,NaN,1.7999999996816234,NaN,0.5687203752760711
B_scaleAxis_tasks40_fanout,B,baseline,LN,E32,Entry,1,1.0521326938661286,NaN,1.8499999993312497,NaN,0.5687203752683571
B_scaleAxis_tasks40_fanout,B,baseline,LN,E33,Entry,1,1.0805687124156145,NaN,1.8999999989808563,NaN,0.5687203752606433
B_scaleAxis_tasks40_fanout,B,baseline,LN,E34,Entry,1,1.1090047309643216,NaN,1.9499999986304437,NaN,0.5687203752529314
B_scaleAxis_tasks40_fanout,B,baseline,LN,E35,Entry,1,1.1374407495122485,NaN,1.9999999982800116,NaN,0.5687203752452205
B_scaleAxis_tasks40_fanout,B,baseline,LN,E36,Entry,1,1.1658767680593936,NaN,2.04999999792956,NaN,0.5687203752375097
B_scaleAxis_tasks40_fanout,B,baseline,LN,E37,Entry,1,1.1943127866057597,NaN,2.0999999975790917,NaN,0.5687203752297998
B_scaleAxis_tasks40_fanout,B,baseline,LN,E38,Entry,1,1.2227488051513462,NaN,2.149999997228603,NaN,0.5687203752220912
B_scaleAxis_tasks40_fanout,B,baseline,LN,E39,Entry,1,1.251184823696149,NaN,2.1999999968780948,NaN,0.5687203752143818
B_scaleAxis_tasks40_fanout,B,baseline,LN,AS1,Activity,1,0.170616118444192,0.042654028163138465,0.3000000101836306,0.30000001018363054,0.5687203755085126
B_scaleAxis_tasks40_fanout,B,baseline,LN,AS2,Activity,1,0.19905213701796165,0.04976303285631138,0.3500000098338594,0.35000000983385904,0.5687203755007012
B_scaleAxis_tasks40_fanout,B,baseline,LN,AS3,Activity,1,0.2274881555909415,0.05687203754928977,0.40000000948406716,0.4000000094840669,0.5687203754928981
B_scaleAxis_tasks40_fanout,B,baseline,LN,AS4,Activity,1,0.25592417416313257,0.06398104224207411,0.45000000913425353,0.4500000091342534,0.5687203754851032
B_scaleAxis_tasks40_fanout,B,baseline,LN,AS5,Activity,1,0.2843601927345357,0.0710900469346643,0.5000000087844199,0.5000000087844196,0.5687203754773144
B_scaleAxis_tasks40_fanout,B,baseline,LN,AS6,Activity,1,0.3127962113051514,0.07819905162706052,0.5500000084345653,0.5500000084345651,0.5687203754695314
B_scaleAxis_tasks40_fanout,B,baseline,LN,AS7,Activity,1,0.3412322298749804,0.08530805631926312,0.6000000080846896,0.6000000080846897,0.5687203754617546
B_scaleAxis_tasks40_fanout,B,baseline,LN,AS8,Activity,1,0.36966824844402263,0.09241706101127212,0.650000007734793,0.6500000077347934,0.5687203754539819
B_scaleAxis_tasks40_fanout,B,baseline,LN,AS9,Activity,1,0.3981042670122807,0.09952606570308756,0.700000007384877,0.7000000073848769,0.5687203754462152
B_scaleAxis_tasks40_fanout,B,baseline,LN,AS10,Activity,1,0.4265402855797534,0.10663507039470986,0.7500000070349404,0.7500000070349397,0.5687203754384526
B_scaleAxis_tasks40_fanout,B,baseline,LN,AS11,Activity,1,0.4549763041464405,0.11374407508613872,0.8000000066849823,0.8000000066849822,0.5687203754306936
B_scaleAxis_tasks40_fanout,B,baseline,LN,AS12,Activity,1,0.4834123227123449,0.1208530797773747,0.8500000063350049,0.8500000063350044,0.5687203754229394
B_scaleAxis_tasks40_fanout,B,baseline,LN,AS13,Activity,1,0.5118483412774653,0.1279620844684174,0.9000000059850064,0.9000000059850058,0.568720375415189
B_scaleAxis_tasks40_fanout,B,baseline,LN,AS14,Activity,1,0.5402843598418009,0.13507108915926713,0.9500000056349871,0.9500000056349875,0.5687203754074409
B_scaleAxis_tasks40_fanout,B,baseline,LN,AS15,Activity,1,0.5687203784053543,0.142180093849924,1.0000000052849491,1.0000000052849485,0.568720375399696
B_scaleAxis_tasks40_fanout,B,baseline,LN,AS16,Activity,1,0.5971563969681252,0.14928909854038816,1.05000000493489,1.0500000049348897,0.5687203753919549
B_scaleAxis_tasks40_fanout,B,baseline,LN,AS17,Activity,1,0.6255924155301117,0.15639810323065903,1.1000000045848108,1.1000000045848106,0.5687203753842148
B_scaleAxis_tasks40_fanout,B,baseline,LN,AS18,Activity,1,0.6540284340913181,0.1635071079207376,1.1500000042347123,1.1500000042347116,0.568720375376479
B_scaleAxis_tasks40_fanout,B,baseline,LN,AS19,Activity,1,0.6824644526517404,0.17061611261062323,1.2000000038845926,1.2000000038845924,0.5687203753687445
B_scaleAxis_tasks40_fanout,B,baseline,LN,AS20,Activity,1,0.7109004712113807,0.1777251173003164,1.250000003534453,1.2500000035344536,0.5687203753610122
B_scaleAxis_tasks40_fanout,B,baseline,LN,AS21,Activity,1,0.7393364897702399,0.18483412198981677,1.3000000031842947,1.3000000031842944,0.568720375353282
B_scaleAxis_tasks40_fanout,B,baseline,LN,AS22,Activity,1,0.7677725083283171,0.19194312667912436,1.3500000028341155,1.3500000028341157,0.568720375345554
B_scaleAxis_tasks40_fanout,B,baseline,LN,AS23,Activity,1,0.7962085268856137,0.1990521313682398,1.4000000024839183,1.4000000024839174,0.5687203753378277
B_scaleAxis_tasks40_fanout,B,baseline,LN,AS24,Activity,1,0.8246445454421277,0.20616113605716246,1.450000002133699,1.4500000021336992,0.5687203753301032
B_scaleAxis_tasks40_fanout,B,baseline,LN,AS25,Activity,1,0.8530805639978609,0.2132701407458926,1.500000001783462,1.5000000017834616,0.5687203753223798
B_scaleAxis_tasks40_fanout,B,baseline,LN,AS26,Activity,1,0.8815165825528131,0.22037914543443018,1.5500000014332043,1.5500000014332036,0.5687203753146585
B_scaleAxis_tasks40_fanout,B,baseline,LN,AS27,Activity,1,0.9099526011069835,0.22748815012277562,1.6000000010829258,1.6000000010829265,0.5687203753069384
B_scaleAxis_tasks40_fanout,B,baseline,LN,AS28,Activity,1,0.9383886196603752,0.2345971548109284,1.6500000007326316,1.6500000007326303,0.5687203752992198
B_scaleAxis_tasks40_fanout,B,baseline,LN,AS29,Activity,1,0.9668246382129841,0.24170615949888852,1.7000000003823155,1.700000000382314,0.5687203752915021
B_scaleAxis_tasks40_fanout,B,baseline,LN,AS30,Activity,1,0.9952606567648122,0.2488151641866565,1.7500000000319795,1.7500000000319784,0.5687203752837856
B_scaleAxis_tasks40_fanout,B,baseline,LN,AS31,Activity,1,1.0236966753158612,0.25592416887423214,1.799999999681624,1.7999999996816234,0.5687203752760711
B_scaleAxis_tasks40_fanout,B,baseline,LN,AS32,Activity,1,1.0521326938661293,0.263033173561615,1.849999999331251,1.8499999993312497,0.5687203752683571
B_scaleAxis_tasks40_fanout,B,baseline,LN,AS33,Activity,1,1.0805687124156154,0.27014217824880576,1.8999999989808583,1.8999999989808563,0.5687203752606432
B_scaleAxis_tasks40_fanout,B,baseline,LN,AS34,Activity,1,1.1090047309643223,0.27725118293580386,1.9499999986304455,1.9499999986304437,0.5687203752529312
B_scaleAxis_tasks40_fanout,B,baseline,LN,AS35,Activity,1,1.137440749512248,0.2843601876226102,1.999999998280011,1.9999999982800118,0.5687203752452205
B_scaleAxis_tasks40_fanout,B,baseline,LN,AS36,Activity,1,1.1658767680593938,0.2914691923092238,2.0499999979295604,2.04999999792956,0.5687203752375097
B_scaleAxis_tasks40_fanout,B,baseline,LN,AS37,Activity,1,1.1943127866057592,0.2985781969956449,2.0999999975790913,2.0999999975790917,0.5687203752297997
B_scaleAxis_tasks40_fanout,B,baseline,LN,AS38,Activity,1,1.2227488051513469,0.30568720168187385,2.1499999972286044,2.149999997228603,0.5687203752220912
B_scaleAxis_tasks40_fanout,B,baseline,LN,AS39,Activity,1,1.2511848236961496,0.31279620636791,2.199999996878096,2.1999999968780948,0.5687203752143818
B_scaleAxis_tasks40_fanout,B,baseline,LN,A0,Activity,1,100.23696676004299,0.0,176.25000093528956,0.0,0.56872037576241
B_scaleAxis_tasks60_fanout,B,baseline,LN,P0,Processor,1,NaN,0.0,NaN,NaN,NaN
B_scaleAxis_tasks60_fanout,B,baseline,LN,P1,Processor,1,NaN,0.020979020669794745,NaN,NaN,NaN
B_scaleAxis_tasks60_fanout,B,baseline,LN,P2,Processor,1,NaN,0.024475524114592324,NaN,NaN,NaN
B_scaleAxis_tasks60_fanout,B,baseline,LN,P3,Processor,1,NaN,0.027972027559342152,NaN,NaN,NaN
B_scaleAxis_tasks60_fanout,B,baseline,LN,P4,Processor,1,NaN,0.03146853100404439,NaN,NaN,NaN
B_scaleAxis_tasks60_fanout,B,baseline,LN,P5,Processor,1,NaN,0.034965034448699014,NaN,NaN,NaN
B_scaleAxis_tasks60_fanout,B,baseline,LN,P6,Processor,1,NaN,0.038461537893306114,NaN,NaN,NaN
B_scaleAxis_tasks60_fanout,B,baseline,LN,P7,Processor,1,NaN,0.041958041337865806,NaN,NaN,NaN
B_scaleAxis_tasks60_fanout,B,baseline,LN,P8,Processor,1,NaN,0.04545454478237808,NaN,NaN,NaN
B_scaleAxis_tasks60_fanout,B,baseline,LN,P9,Processor,1,NaN,0.04895104822684308,NaN,NaN,NaN
B_scaleAxis_tasks60_fanout,B,baseline,LN,P10,Processor,1,NaN,0.05244755167126082,NaN,NaN,NaN
B_scaleAxis_tasks60_fanout,B,baseline,LN,P11,Processor,1,NaN,0.05594405511563142,NaN,NaN,NaN
B_scaleAxis_tasks60_fanout,B,baseline,LN,P12,Processor,1,NaN,0.059440558559954844,NaN,NaN,NaN
B_scaleAxis_tasks60_fanout,B,baseline,LN,P13,Processor,1,NaN,0.06293706200423105,NaN,NaN,NaN
B_scaleAxis_tasks60_fanout,B,baseline,LN,P14,Processor,1,NaN,0.06643356544846026,NaN,NaN,NaN
B_scaleAxis_tasks60_fanout,B,baseline,LN,P15,Processor,1,NaN,0.06993006889264249,NaN,NaN,NaN
B_scaleAxis_tasks60_fanout,B,baseline,LN,P16,Processor,1,NaN,0.0734265723367776,NaN,NaN,NaN
B_scaleAxis_tasks60_fanout,B,baseline,LN,P17,Processor,1,NaN,0.07692307578086575,NaN,NaN,NaN
B_scaleAxis_tasks60_fanout,B,baseline,LN,P18,Processor,1,NaN,0.08041957922490692,NaN,NaN,NaN
B_scaleAxis_tasks60_fanout,B,baseline,LN,P19,Processor,1,NaN,0.08391608266890123,NaN,NaN,NaN
B_scaleAxis_tasks60_fanout,B,baseline,LN,P20,Processor,1,NaN,0.0874125861128487,NaN,NaN,NaN
B_scaleAxis_tasks60_fanout,B,baseline,LN,P21,Processor,1,NaN,0.09090908955674919,NaN,NaN,NaN
B_scaleAxis_tasks60_fanout,B,baseline,LN,P22,Processor,1,NaN,0.09440559300060289,NaN,NaN,NaN
B_scaleAxis_tasks60_fanout,B,baseline,LN,P23,Processor,1,NaN,0.09790209644440974,NaN,NaN,NaN
B_scaleAxis_tasks60_fanout,B,baseline,LN,P24,Processor,1,NaN,0.10139859988816978,NaN,NaN,NaN
B_scaleAxis_tasks60_fanout,B,baseline,LN,P25,Processor,1,NaN,0.10489510333188315,NaN,NaN,NaN
B_scaleAxis_tasks60_fanout,B,baseline,LN,P26,Processor,1,NaN,0.10839160677554945,NaN,NaN,NaN
B_scaleAxis_tasks60_fanout,B,baseline,LN,P27,Processor,1,NaN,0.11188811021916936,NaN,NaN,NaN
B_scaleAxis_tasks60_fanout,B,baseline,LN,P28,Processor,1,NaN,0.11538461366274204,NaN,NaN,NaN
B_scaleAxis_tasks60_fanout,B,baseline,LN,P29,Processor,1,NaN,0.11888111710626853,NaN,NaN,NaN
B_scaleAxis_tasks60_fanout,B,baseline,LN,P30,Processor,1,NaN,0.12237762054974799,NaN,NaN,NaN
B_scaleAxis_tasks60_fanout,B,baseline,LN,P31,Processor,1,NaN,0.12587412399318082,NaN,NaN,NaN
B_scaleAxis_tasks60_fanout,B,baseline,LN,P32,Processor,1,NaN,0.12937062743656677,NaN,NaN,NaN
B_scaleAxis_tasks60_fanout,B,baseline,LN,P33,Processor,1,NaN,0.13286713087990637,NaN,NaN,NaN
B_scaleAxis_tasks60_fanout,B,baseline,LN,P34,Processor,1,NaN,0.13636363432319912,NaN,NaN,NaN
B_scaleAxis_tasks60_fanout,B,baseline,LN,P35,Processor,1,NaN,0.13986013776644526,NaN,NaN,NaN
B_scaleAxis_tasks60_fanout,B,baseline,LN,P36,Processor,1,NaN,0.14335664120964464,NaN,NaN,NaN
B_scaleAxis_tasks60_fanout,B,baseline,LN,P37,Processor,1,NaN,0.14685314465279745,NaN,NaN,NaN
B_scaleAxis_tasks60_fanout,B,baseline,LN,P38,Processor,1,NaN,0.15034964809590362,NaN,NaN,NaN
B_scaleAxis_tasks60_fanout,B,baseline,LN,P39,Processor,1,NaN,0.15384615153896317,NaN,NaN,NaN
B_scaleAxis_tasks60_fanout,B,baseline,LN,P40,Processor,1,NaN,0.15734265498197608,NaN,NaN,NaN
B_scaleAxis_tasks60_fanout,B,baseline,LN,P41,Processor,1,NaN,0.16083915842494226,NaN,NaN,NaN
B_scaleAxis_tasks60_fanout,B,baseline,LN,P42,Processor,1,NaN,0.1643356618678619,NaN,NaN,NaN
B_scaleAxis_tasks60_fanout,B,baseline,LN,P43,Processor,1,NaN,0.16783216531073497,NaN,NaN,NaN
B_scaleAxis_tasks60_fanout,B,baseline,LN,P44,Processor,1,NaN,0.1713286687535614,NaN,NaN,NaN
B_scaleAxis_tasks60_fanout,B,baseline,LN,P45,Processor,1,NaN,0.1748251721963413,NaN,NaN,NaN
B_scaleAxis_tasks60_fanout,B,baseline,LN,P46,Processor,1,NaN,0.1783216756390745,NaN,NaN,NaN
B_scaleAxis_tasks60_fanout,B,baseline,LN,P47,Processor,1,NaN,0.1818181790817612,NaN,NaN,NaN
B_scaleAxis_tasks60_fanout,B,baseline,LN,P48,Processor,1,NaN,0.18531468252440134,NaN,NaN,NaN
B_scaleAxis_tasks60_fanout,B,baseline,LN,P49,Processor,1,NaN,0.18881118596699484,NaN,NaN,NaN
B_scaleAxis_tasks60_fanout,B,baseline,LN,P50,Processor,1,NaN,0.19230768940954182,NaN,NaN,NaN
B_scaleAxis_tasks60_fanout,B,baseline,LN,P51,Processor,1,NaN,0.19580419285204217,NaN,NaN,NaN
B_scaleAxis_tasks60_fanout,B,baseline,LN,P52,Processor,1,NaN,0.19930069629449604,NaN,NaN,NaN
B_scaleAxis_tasks60_fanout,B,baseline,LN,P53,Processor,1,NaN,0.2027971997369032,NaN,NaN,NaN
B_scaleAxis_tasks60_fanout,B,baseline,LN,P54,Processor,1,NaN,0.206293703179264,NaN,NaN,NaN
B_scaleAxis_tasks60_fanout,B,baseline,LN,P55,Processor,1,NaN,0.2097902066215781,NaN,NaN,NaN
B_scaleAxis_tasks60_fanout,B,baseline,LN,P56,Processor,1,NaN,0.2132867100638457,NaN,NaN,NaN
B_scaleAxis_tasks60_fanout,B,baseline,LN,P57,Processor,1,NaN,0.21678321350606675,NaN,NaN,NaN
B_scaleAxis_tasks60_fanout,B,baseline,LN,P58,Processor,1,NaN,0.2202797169482413,NaN,NaN,NaN
B_scaleAxis_tasks60_fanout,B,baseline,LN,P59,Processor,1,NaN,0.22377622039036882,NaN,NaN,NaN
B_scaleAxis_tasks60_fanout,B,baseline,LN,T0,RefTask,1,28.881118878275014,0.0,NaN,0.0,0.27972027565669766
B_scaleAxis_tasks60_fanout,B,baseline,LN,T1,Task,1,0.08391608907724726,0.020979020669794745,NaN,0.3000000228730944,0.2797202755972633
B_scaleAxis_tasks60_fanout,B,baseline,LN,T2,Task,1,0.09790210275861887,0.024475524114592324,NaN,0.35000002252339246,0.2797202755953409
B_scaleAxis_tasks60_fanout,B,baseline,LN,T3,Task,1,0.11188811643979657,0.027972027559342152,NaN,0.40000002217368025,0.27972027559342155
B_scaleAxis_tasks60_fanout,B,baseline,LN,T4,Task,1,0.125874130120781,0.03146853100404439,NaN,0.4500000218239574,0.2797202755915058
B_scaleAxis_tasks60_fanout,B,baseline,LN,T5,Task,1,0.13986014380157205,0.034965034448699014,NaN,0.5000000214742244,0.27972027558959217
B_scaleAxis_tasks60_fanout,B,baseline,LN,T6,Task,1,0.15384615748217015,0.038461537893306114,NaN,0.5500000211244811,0.27972027558768087
B_scaleAxis_tasks60_fanout,B,baseline,LN,T7,Task,1,0.1678321711625757,0.041958041337865806,NaN,0.6000000207747274,0.27972027558577206
B_scaleAxis_tasks60_fanout,B,baseline,LN,T8,Task,1,0.18181818484278875,0.04545454478237808,NaN,0.6500000204249634,0.27972027558386514
B_scaleAxis_tasks60_fanout,B,baseline,LN,T9,Task,1,0.19580419852280978,0.04895104822684308,NaN,0.700000020075189,0.27972027558196055
B_scaleAxis_tasks60_fanout,B,baseline,LN,T10,Task,1,0.2097902122026388,0.05244755167126082,NaN,0.7500000197254042,0.27972027558005774
B_scaleAxis_tasks60_fanout,B,baseline,LN,T11,Task,1,0.22377622588227652,0.05594405511563142,NaN,0.8000000193756094,0.27972027557815715
B_scaleAxis_tasks60_fanout,B,baseline,LN,T12,Task,1,0.23776223956172263,0.059440558559954844,NaN,0.8500000190258044,0.2797202755762581
B_scaleAxis_tasks60_fanout,B,baseline,LN,T13,Task,1,0.25174825324097694,0.06293706200423105,NaN,0.9000000186759887,0.27972027557436024
B_scaleAxis_tasks60_fanout,B,baseline,LN,T14,Task,1,0.26573426692004043,0.06643356544846026,NaN,0.950000018326163,0.27972027557246426
B_scaleAxis_tasks60_fanout,B,baseline,LN,T15,Task,1,0.2797202805989132,0.06993006889264249,NaN,1.000000017976327,0.27972027557057
B_scaleAxis_tasks60_fanout,B,baseline,LN,T16,Task,1,0.2937062942775946,0.0734265723367776,NaN,1.050000017626481,0.2797202755686766
B_scaleAxis_tasks60_fanout,B,baseline,LN,T17,Task,1,0.30769230795608526,0.07692307578086575,NaN,1.1000000172766247,0.2797202755667846
B_scaleAxis_tasks60_fanout,B,baseline,LN,T18,Task,1,0.32167832163438526,0.08041957922490692,NaN,1.1500000169267586,0.27972027556489365
B_scaleAxis_tasks60_fanout,B,baseline,LN,T19,Task,1,0.33566433531249495,0.08391608266890123,NaN,1.2000000165768818,0.27972027556300416
B_scaleAxis_tasks60_fanout,B,baseline,LN,T20,Task,1,0.34965034899041436,0.0874125861128487,NaN,1.2500000162269949,0.2797202755611159
B_scaleAxis_tasks60_fanout,B,baseline,LN,T21,Task,1,0.36363636266814314,0.09090908955674919,NaN,1.3000000158770986,0.2797202755592283
B_scaleAxis_tasks60_fanout,B,baseline,LN,T22,Task,1,0.3776223763456818,0.09440559300060289,NaN,1.3500000155271912,0.2797202755573419
B_scaleAxis_tasks60_fanout,B,baseline,LN,T23,Task,1,0.3916083900230303,0.09790209644440974,NaN,1.400000015177274,0.2797202755554564
B_scaleAxis_tasks60_fanout,B,baseline,LN,T24,Task,1,0.40559440370018873,0.10139859988816978,NaN,1.450000014827347,0.2797202755535718
B_scaleAxis_tasks60_fanout,B,baseline,LN,T25,Task,1,0.4195804173771578,0.10489510333188315,NaN,1.5000000144774104,0.2797202755516884
B_scaleAxis_tasks60_fanout,B,baseline,LN,T26,Task,1,0.43356643105393544,0.10839160677554945,NaN,1.5500000141274621,0.27972027554980505
B_scaleAxis_tasks60_fanout,B,baseline,LN,T27,Task,1,0.447552444730525,0.11188811021916936,NaN,1.600000013777505,0.27972027554792345
B_scaleAxis_tasks60_fanout,B,baseline,LN,T28,Task,1,0.46153845840692265,0.11538461366274204,NaN,1.6500000134275377,0.2797202755460413
B_scaleAxis_tasks60_fanout,B,baseline,LN,T29,Task,1,0.4755244720831329,0.11888111710626853,NaN,1.70000001307756,0.2797202755441613
B_scaleAxis_tasks60_fanout,B,baseline,LN,T30,Task,1,0.48951048575915224,0.12237762054974799,NaN,1.7500000127275728,0.2797202755422812
B_scaleAxis_tasks60_fanout,B,baseline,LN,T31,Task,1,0.5034964994349821,0.12587412399318082,NaN,1.8000000123775748,0.2797202755404019
B_scaleAxis_tasks60_fanout,B,baseline,LN,T32,Task,1,0.5174825131106217,0.12937062743656677,NaN,1.850000012027568,0.27972027553852274
B_scaleAxis_tasks60_fanout,B,baseline,LN,T33,Task,1,0.531468526786073,0.13286713087990637,NaN,1.90000001167755,0.279720275536645
B_scaleAxis_tasks60_fanout,B,baseline,LN,T34,Task,1,0.5454545404613343,0.13636363432319912,NaN,1.9500000113275227,0.27972027553476747
B_scaleAxis_tasks60_fanout,B,baseline,LN,T35,Task,1,0.5594405541364063,0.13986013776644526,NaN,2.0000000109774847,0.2797202755328906
B_scaleAxis_tasks60_fanout,B,baseline,LN,T36,Task,1,0.5734265678112886,0.14335664120964464,NaN,2.050000010627438,0.27972027553101403
B_scaleAxis_tasks60_fanout,B,baseline,LN,T37,Task,1,0.5874125814859817,0.14685314465279745,NaN,2.1000000102773813,0.27972027552913803
B_scaleAxis_tasks60_fanout,B,baseline,LN,T38,Task,1,0.6013985951604855,0.15034964809590362,NaN,2.1500000099273135,0.27972027552726264
B_scaleAxis_tasks60_fanout,B,baseline,LN,T39,Task,1,0.6153846088348001,0.15384615153896317,NaN,2.200000009577237,0.2797202755253876
B_scaleAxis_tasks60_fanout,B,baseline,LN,T40,Task,1,0.6293706225089253,0.15734265498197608,NaN,2.2500000092271497,0.2797202755235131
B_scaleAxis_tasks60_fanout,B,baseline,LN,T41,Task,1,0.6433566361828611,0.16083915842494226,NaN,2.3000000088770536,0.2797202755216388
B_scaleAxis_tasks60_fanout,B,baseline,LN,T42,Task,1,0.6573426498566076,0.1643356618678619,NaN,2.350000008526947,0.27972027551976497
B_scaleAxis_tasks60_fanout,B,baseline,LN,T43,Task,1,0.6713286635301653,0.16783216531073497,NaN,2.4000000081768302,0.2797202755178917
B_scaleAxis_tasks60_fanout,B,baseline,LN,T44,Task,1,0.6853146772035336,0.1713286687535614,NaN,2.450000007826704,0.2797202755160187
B_scaleAxis_tasks60_fanout,B,baseline,LN,T45,Task,1,0.6993006908767132,0.1748251721963413,NaN,2.5000000074765687,0.27972027551414613
B_scaleAxis_tasks60_fanout,B,baseline,LN,T46,Task,1,0.7132867045497031,0.1783216756390745,NaN,2.550000007126423,0.2797202755122738
B_scaleAxis_tasks60_fanout,B,baseline,LN,T47,Task,1,0.7272727182225043,0.1818181790817612,NaN,2.600000006776267,0.2797202755104019
B_scaleAxis_tasks60_fanout,B,baseline,LN,T48,Task,1,0.7412587318951168,0.18531468252440134,NaN,2.6500000064261027,0.2797202755085304
B_scaleAxis_tasks60_fanout,B,baseline,LN,T49,Task,1,0.7552447455675393,0.18881118596699484,NaN,2.7000000060759266,0.27972027550665907
B_scaleAxis_tasks60_fanout,B,baseline,LN,T50,Task,1,0.7692307592397735,0.19230768940954182,NaN,2.7500000057257417,0.2797202755047882
B_scaleAxis_tasks60_fanout,B,baseline,LN,T51,Task,1,0.7832167729118186,0.19580419285204217,NaN,2.800000005375548,0.27972027550291745
B_scaleAxis_tasks60_fanout,B,baseline,LN,T52,Task,1,0.7972027865836747,0.19930069629449604,NaN,2.8500000050253433,0.2797202755010471
B_scaleAxis_tasks60_fanout,B,baseline,LN,T53,Task,1,0.8111888002553413,0.2027971997369032,NaN,2.900000004675129,0.2797202754991769
B_scaleAxis_tasks60_fanout,B,baseline,LN,T54,Task,1,0.82517481392682,0.206293703179264,NaN,2.950000004324906,0.27972027549730716
B_scaleAxis_tasks60_fanout,B,baseline,LN,T55,Task,1,0.8391608275981091,0.2097902066215781,NaN,3.000000003974672,0.27972027549543754
B_scaleAxis_tasks60_fanout,B,baseline,LN,T56,Task,1,0.8531468412692095,0.2132867100638457,NaN,3.0500000036244295,0.2797202754935682
B_scaleAxis_tasks60_fanout,B,baseline,LN,T57,Task,1,0.8671328549401207,0.21678321350606675,NaN,3.1000000032741766,0.2797202754916991
B_scaleAxis_tasks60_fanout,B,baseline,LN,T58,Task,1,0.8811188686108435,0.2202797169482413,NaN,3.150000002923915,0.27972027548983025
B_scaleAxis_tasks60_fanout,B,baseline,LN,T59,Task,1,0.8951048822813757,0.22377622039036882,NaN,3.2000000025736437,0.2797202754879611
B_scaleAxis_tasks60_fanout,B,baseline,LN,E0,Entry,1,28.881118878275014,NaN,103.25000148977753,NaN,0.27972027565669766
B_scaleAxis_tasks60_fanout,B,baseline,LN,E1,Entry,1,0.08391608907724726,NaN,0.3000000228730944,NaN,0.2797202755972633
B_scaleAxis_tasks60_fanout,B,baseline,LN,E2,Entry,1,0.09790210275861887,NaN,0.35000002252339246,NaN,0.2797202755953409
B_scaleAxis_tasks60_fanout,B,baseline,LN,E3,Entry,1,0.11188811643979657,NaN,0.40000002217368025,NaN,0.27972027559342155
B_scaleAxis_tasks60_fanout,B,baseline,LN,E4,Entry,1,0.125874130120781,NaN,0.45000002182395743,NaN,0.2797202755915058
B_scaleAxis_tasks60_fanout,B,baseline,LN,E5,Entry,1,0.13986014380157205,NaN,0.5000000214742244,NaN,0.27972027558959217
B_scaleAxis_tasks60_fanout,B,baseline,LN,E6,Entry,1,0.15384615748217015,NaN,0.5500000211244811,NaN,0.27972027558768087
B_scaleAxis_tasks60_fanout,B,baseline,LN,E7,Entry,1,0.1678321711625757,NaN,0.6000000207747274,NaN,0.27972027558577206
B_scaleAxis_tasks60_fanout,B,baseline,LN,E8,Entry,1,0.18181818484278875,NaN,0.6500000204249634,NaN,0.27972027558386514
B_scaleAxis_tasks60_fanout,B,baseline,LN,E9,Entry,1,0.19580419852280978,NaN,0.700000020075189,NaN,0.27972027558196055
B_scaleAxis_tasks60_fanout,B,baseline,LN,E10,Entry,1,0.2097902122026388,NaN,0.7500000197254042,NaN,0.27972027558005774
B_scaleAxis_tasks60_fanout,B,baseline,LN,E11,Entry,1,0.22377622588227652,NaN,0.8000000193756094,NaN,0.27972027557815715
B_scaleAxis_tasks60_fanout,B,baseline,LN,E12,Entry,1,0.23776223956172263,NaN,0.8500000190258044,NaN,0.2797202755762581
B_scaleAxis_tasks60_fanout,B,baseline,LN,E13,Entry,1,0.25174825324097694,NaN,0.9000000186759888,NaN,0.27972027557436024
B_scaleAxis_tasks60_fanout,B,baseline,LN,E14,Entry,1,0.26573426692004043,NaN,0.9500000183261631,NaN,0.27972027557246426
B_scaleAxis_tasks60_fanout,B,baseline,LN,E15,Entry,1,0.2797202805989132,NaN,1.000000017976327,NaN,0.27972027557057
B_scaleAxis_tasks60_fanout,B,baseline,LN,E16,Entry,1,0.2937062942775946,NaN,1.050000017626481,NaN,0.2797202755686766
B_scaleAxis_tasks60_fanout,B,baseline,LN,E17,Entry,1,0.30769230795608526,NaN,1.1000000172766247,NaN,0.2797202755667846
B_scaleAxis_tasks60_fanout,B,baseline,LN,E18,Entry,1,0.32167832163438526,NaN,1.1500000169267586,NaN,0.27972027556489365
B_scaleAxis_tasks60_fanout,B,baseline,LN,E19,Entry,1,0.33566433531249495,NaN,1.2000000165768818,NaN,0.27972027556300416
B_scaleAxis_tasks60_fanout,B,baseline,LN,E20,Entry,1,0.34965034899041436,NaN,1.2500000162269949,NaN,0.2797202755611159
B_scaleAxis_tasks60_fanout,B,baseline,LN,E21,Entry,1,0.36363636266814314,NaN,1.3000000158770986,NaN,0.2797202755592283
B_scaleAxis_tasks60_fanout,B,baseline,LN,E22,Entry,1,0.3776223763456818,NaN,1.3500000155271912,NaN,0.2797202755573419
B_scaleAxis_tasks60_fanout,B,baseline,LN,E23,Entry,1,0.3916083900230303,NaN,1.400000015177274,NaN,0.2797202755554564
B_scaleAxis_tasks60_fanout,B,baseline,LN,E24,Entry,1,0.40559440370018873,NaN,1.450000014827347,NaN,0.2797202755535718
B_scaleAxis_tasks60_fanout,B,baseline,LN,E25,Entry,1,0.4195804173771578,NaN,1.5000000144774104,NaN,0.2797202755516884
B_scaleAxis_tasks60_fanout,B,baseline,LN,E26,Entry,1,0.43356643105393544,NaN,1.5500000141274621,NaN,0.27972027554980505
B_scaleAxis_tasks60_fanout,B,baseline,LN,E27,Entry,1,0.447552444730525,NaN,1.600000013777505,NaN,0.27972027554792345
B_scaleAxis_tasks60_fanout,B,baseline,LN,E28,Entry,1,0.46153845840692265,NaN,1.6500000134275377,NaN,0.2797202755460413
B_scaleAxis_tasks60_fanout,B,baseline,LN,E29,Entry,1,0.4755244720831329,NaN,1.70000001307756,NaN,0.2797202755441613
B_scaleAxis_tasks60_fanout,B,baseline,LN,E30,Entry,1,0.48951048575915224,NaN,1.7500000127275728,NaN,0.2797202755422812
B_scaleAxis_tasks60_fanout,B,baseline,LN,E31,Entry,1,0.5034964994349821,NaN,1.8000000123775748,NaN,0.2797202755404019
B_scaleAxis_tasks60_fanout,B,baseline,LN,E32,Entry,1,0.5174825131106217,NaN,1.8500000120275677,NaN,0.27972027553852274
B_scaleAxis_tasks60_fanout,B,baseline,LN,E33,Entry,1,0.531468526786073,NaN,1.90000001167755,NaN,0.279720275536645
B_scaleAxis_tasks60_fanout,B,baseline,LN,E34,Entry,1,0.5454545404613343,NaN,1.9500000113275227,NaN,0.27972027553476747
B_scaleAxis_tasks60_fanout,B,baseline,LN,E35,Entry,1,0.5594405541364063,NaN,2.0000000109774847,NaN,0.2797202755328906
B_scaleAxis_tasks60_fanout,B,baseline,LN,E36,Entry,1,0.5734265678112886,NaN,2.050000010627438,NaN,0.27972027553101403
B_scaleAxis_tasks60_fanout,B,baseline,LN,E37,Entry,1,0.5874125814859817,NaN,2.1000000102773813,NaN,0.27972027552913803
B_scaleAxis_tasks60_fanout,B,baseline,LN,E38,Entry,1,0.6013985951604855,NaN,2.1500000099273135,NaN,0.27972027552726264
B_scaleAxis_tasks60_fanout,B,baseline,LN,E39,Entry,1,0.6153846088348001,NaN,2.200000009577237,NaN,0.2797202755253876
B_scaleAxis_tasks60_fanout,B,baseline,LN,E40,Entry,1,0.6293706225089253,NaN,2.2500000092271497,NaN,0.2797202755235131
B_scaleAxis_tasks60_fanout,B,baseline,LN,E41,Entry,1,0.6433566361828611,NaN,2.3000000088770536,NaN,0.2797202755216388
B_scaleAxis_tasks60_fanout,B,baseline,LN,E42,Entry,1,0.6573426498566076,NaN,2.350000008526947,NaN,0.27972027551976497
B_scaleAxis_tasks60_fanout,B,baseline,LN,E43,Entry,1,0.6713286635301653,NaN,2.4000000081768302,NaN,0.2797202755178917
B_scaleAxis_tasks60_fanout,B,baseline,LN,E44,Entry,1,0.6853146772035336,NaN,2.450000007826704,NaN,0.2797202755160187
B_scaleAxis_tasks60_fanout,B,baseline,LN,E45,Entry,1,0.6993006908767132,NaN,2.5000000074765687,NaN,0.27972027551414613
B_scaleAxis_tasks60_fanout,B,baseline,LN,E46,Entry,1,0.7132867045497031,NaN,2.550000007126423,NaN,0.2797202755122738
B_scaleAxis_tasks60_fanout,B,baseline,LN,E47,Entry,1,0.7272727182225043,NaN,2.600000006776267,NaN,0.2797202755104019
B_scaleAxis_tasks60_fanout,B,baseline,LN,E48,Entry,1,0.7412587318951168,NaN,2.6500000064261027,NaN,0.2797202755085304
B_scaleAxis_tasks60_fanout,B,baseline,LN,E49,Entry,1,0.7552447455675393,NaN,2.7000000060759266,NaN,0.27972027550665907
B_scaleAxis_tasks60_fanout,B,baseline,LN,E50,Entry,1,0.7692307592397735,NaN,2.7500000057257417,NaN,0.2797202755047882
B_scaleAxis_tasks60_fanout,B,baseline,LN,E51,Entry,1,0.7832167729118186,NaN,2.800000005375548,NaN,0.27972027550291745
B_scaleAxis_tasks60_fanout,B,baseline,LN,E52,Entry,1,0.7972027865836747,NaN,2.8500000050253433,NaN,0.2797202755010471
B_scaleAxis_tasks60_fanout,B,baseline,LN,E53,Entry,1,0.8111888002553413,NaN,2.900000004675129,NaN,0.2797202754991769
B_scaleAxis_tasks60_fanout,B,baseline,LN,E54,Entry,1,0.82517481392682,NaN,2.950000004324906,NaN,0.27972027549730716
B_scaleAxis_tasks60_fanout,B,baseline,LN,E55,Entry,1,0.8391608275981091,NaN,3.000000003974672,NaN,0.27972027549543754
B_scaleAxis_tasks60_fanout,B,baseline,LN,E56,Entry,1,0.8531468412692095,NaN,3.0500000036244295,NaN,0.2797202754935682
B_scaleAxis_tasks60_fanout,B,baseline,LN,E57,Entry,1,0.8671328549401207,NaN,3.1000000032741766,NaN,0.2797202754916991
B_scaleAxis_tasks60_fanout,B,baseline,LN,E58,Entry,1,0.8811188686108435,NaN,3.150000002923915,NaN,0.27972027548983025
B_scaleAxis_tasks60_fanout,B,baseline,LN,E59,Entry,1,0.8951048822813757,NaN,3.2000000025736437,NaN,0.2797202754879611
B_scaleAxis_tasks60_fanout,B,baseline,LN,AS1,Activity,1,0.08391608907724726,0.020979020669794745,0.30000002287309446,0.3000000228730944,0.27972027559726326
B_scaleAxis_tasks60_fanout,B,baseline,LN,AS2,Activity,1,0.09790210275861887,0.024475524114592324,0.3500000225233925,0.35000002252339246,0.27972027559534085
B_scaleAxis_tasks60_fanout,B,baseline,LN,AS3,Activity,1,0.11188811643979654,0.027972027559342152,0.40000002217368025,0.40000002217368025,0.2797202755934215
B_scaleAxis_tasks60_fanout,B,baseline,LN,AS4,Activity,1,0.12587413012078097,0.03146853100404439,0.45000002182395743,0.4500000218239574,0.27972027559150575
B_scaleAxis_tasks60_fanout,B,baseline,LN,AS5,Activity,1,0.13986014380157202,0.034965034448699014,0.5000000214742244,0.5000000214742244,0.2797202755895921
B_scaleAxis_tasks60_fanout,B,baseline,LN,AS6,Activity,1,0.15384615748217018,0.038461537893306114,0.5500000211244813,0.5500000211244811,0.2797202755876808
B_scaleAxis_tasks60_fanout,B,baseline,LN,AS7,Activity,1,0.1678321711625757,0.041958041337865806,0.6000000207747275,0.6000000207747274,0.279720275585772
B_scaleAxis_tasks60_fanout,B,baseline,LN,AS8,Activity,1,0.18181818484278872,0.04545454478237808,0.6500000204249635,0.6500000204249634,0.2797202755838651
B_scaleAxis_tasks60_fanout,B,baseline,LN,AS9,Activity,1,0.1958041985228098,0.04895104822684308,0.7000000200751892,0.700000020075189,0.2797202755819605
B_scaleAxis_tasks60_fanout,B,baseline,LN,AS10,Activity,1,0.20979021220263883,0.05244755167126082,0.7500000197254044,0.7500000197254042,0.2797202755800577
B_scaleAxis_tasks60_fanout,B,baseline,LN,AS11,Activity,1,0.22377622588227655,0.05594405511563142,0.8000000193756097,0.8000000193756094,0.2797202755781571
B_scaleAxis_tasks60_fanout,B,baseline,LN,AS12,Activity,1,0.2377622395617226,0.059440558559954844,0.8500000190258044,0.8500000190258044,0.27972027557625806
B_scaleAxis_tasks60_fanout,B,baseline,LN,AS13,Activity,1,0.2517482532409769,0.06293706200423105,0.9000000186759888,0.9000000186759887,0.2797202755743602
B_scaleAxis_tasks60_fanout,B,baseline,LN,AS14,Activity,1,0.26573426692004043,0.06643356544846026,0.9500000183261632,0.950000018326163,0.2797202755724642
B_scaleAxis_tasks60_fanout,B,baseline,LN,AS15,Activity,1,0.2797202805989132,0.06993006889264249,1.0000000179763273,1.000000017976327,0.27972027557056994
B_scaleAxis_tasks60_fanout,B,baseline,LN,AS16,Activity,1,0.29370629427759465,0.0734265723367776,1.0500000176264814,1.050000017626481,0.27972027556867657
B_scaleAxis_tasks60_fanout,B,baseline,LN,AS17,Activity,1,0.30769230795608526,0.07692307578086575,1.1000000172766249,1.1000000172766247,0.2797202755667845
B_scaleAxis_tasks60_fanout,B,baseline,LN,AS18,Activity,1,0.32167832163438526,0.08041957922490692,1.1500000169267588,1.1500000169267586,0.2797202755648936
B_scaleAxis_tasks60_fanout,B,baseline,LN,AS19,Activity,1,0.3356643353124949,0.08391608266890123,1.2000000165768818,1.2000000165768818,0.2797202755630041
B_scaleAxis_tasks60_fanout,B,baseline,LN,AS20,Activity,1,0.3496503489904144,0.0874125861128487,1.2500000162269953,1.2500000162269949,0.27972027556111584
B_scaleAxis_tasks60_fanout,B,baseline,LN,AS21,Activity,1,0.3636363626681432,0.09090908955674919,1.300000015877099,1.3000000158770986,0.27972027555922824
B_scaleAxis_tasks60_fanout,B,baseline,LN,AS22,Activity,1,0.37762237634568185,0.09440559300060289,1.3500000155271916,1.3500000155271912,0.27972027555734186
B_scaleAxis_tasks60_fanout,B,baseline,LN,AS23,Activity,1,0.3916083900230302,0.09790209644440974,1.4000000151772742,1.400000015177274,0.27972027555545637
B_scaleAxis_tasks60_fanout,B,baseline,LN,AS24,Activity,1,0.4055944037001887,0.10139859988816978,1.450000014827347,1.450000014827347,0.27972027555357176
B_scaleAxis_tasks60_fanout,B,baseline,LN,AS25,Activity,1,0.4195804173771578,0.10489510333188315,1.5000000144774106,1.5000000144774104,0.2797202755516883
B_scaleAxis_tasks60_fanout,B,baseline,LN,AS26,Activity,1,0.4335664310539355,0.10839160677554945,1.5500000141274626,1.5500000141274621,0.279720275549805
B_scaleAxis_tasks60_fanout,B,baseline,LN,AS27,Activity,1,0.447552444730525,0.11188811021916936,1.6000000137775054,1.600000013777505,0.2797202755479234
B_scaleAxis_tasks60_fanout,B,baseline,LN,AS28,Activity,1,0.46153845840692265,0.11538461366274204,1.6500000134275379,1.6500000134275377,0.27972027554604123
B_scaleAxis_tasks60_fanout,B,baseline,LN,AS29,Activity,1,0.4755244720831329,0.11888111710626853,1.7000000130775605,1.70000001307756,0.27972027554416123
B_scaleAxis_tasks60_fanout,B,baseline,LN,AS30,Activity,1,0.48951048575915224,0.12237762054974799,1.7500000127275732,1.7500000127275728,0.2797202755422811
B_scaleAxis_tasks60_fanout,B,baseline,LN,AS31,Activity,1,0.503496499434982,0.12587412399318082,1.8000000123775748,1.8000000123775748,0.27972027554040185
B_scaleAxis_tasks60_fanout,B,baseline,LN,AS32,Activity,1,0.5174825131106217,0.12937062743656677,1.8500000120275681,1.850000012027568,0.2797202755385227
B_scaleAxis_tasks60_fanout,B,baseline,LN,AS33,Activity,1,0.531468526786073,0.13286713087990637,1.9000000116775504,1.90000001167755,0.27972027553664497
B_scaleAxis_tasks60_fanout,B,baseline,LN,AS34,Activity,1,0.5454545404613342,0.13636363432319912,1.9500000113275227,1.9500000113275227,0.2797202755347674
B_scaleAxis_tasks60_fanout,B,baseline,LN,AS35,Activity,1,0.5594405541364063,0.13986013776644526,2.000000010977485,2.0000000109774847,0.2797202755328905
B_scaleAxis_tasks60_fanout,B,baseline,LN,AS36,Activity,1,0.5734265678112886,0.14335664120964464,2.0500000106274383,2.050000010627438,0.279720275531014
B_scaleAxis_tasks60_fanout,B,baseline,LN,AS37,Activity,1,0.5874125814859816,0.14685314465279745,2.1000000102773813,2.1000000102773813,0.279720275529138
B_scaleAxis_tasks60_fanout,B,baseline,LN,AS38,Activity,1,0.6013985951604855,0.15034964809590362,2.150000009927314,2.1500000099273135,0.2797202755272626
B_scaleAxis_tasks60_fanout,B,baseline,LN,AS39,Activity,1,0.6153846088348,0.15384615153896317,2.200000009577237,2.200000009577237,0.27972027552538753
B_scaleAxis_tasks60_fanout,B,baseline,LN,AS40,Activity,1,0.6293706225089253,0.15734265498197608,2.25000000922715,2.2500000092271497,0.27972027552351303
B_scaleAxis_tasks60_fanout,B,baseline,LN,AS41,Activity,1,0.6433566361828611,0.16083915842494226,2.300000008877054,2.3000000088770536,0.27972027552163875
B_scaleAxis_tasks60_fanout,B,baseline,LN,AS42,Activity,1,0.6573426498566077,0.1643356618678619,2.3500000085269477,2.350000008526947,0.2797202755197649
B_scaleAxis_tasks60_fanout,B,baseline,LN,AS43,Activity,1,0.6713286635301654,0.16783216531073497,2.400000008176831,2.4000000081768302,0.27972027551789164
B_scaleAxis_tasks60_fanout,B,baseline,LN,AS44,Activity,1,0.6853146772035336,0.1713286687535614,2.4500000078267044,2.450000007826704,0.27972027551601863
B_scaleAxis_tasks60_fanout,B,baseline,LN,AS45,Activity,1,0.6993006908767132,0.1748251721963413,2.500000007476569,2.5000000074765687,0.2797202755141461
B_scaleAxis_tasks60_fanout,B,baseline,LN,AS46,Activity,1,0.7132867045497031,0.1783216756390745,2.5500000071264233,2.550000007126423,0.27972027551227374
B_scaleAxis_tasks60_fanout,B,baseline,LN,AS47,Activity,1,0.7272727182225043,0.1818181790817612,2.6000000067762676,2.600000006776267,0.27972027551040185
B_scaleAxis_tasks60_fanout,B,baseline,LN,AS48,Activity,1,0.7412587318951169,0.18531468252440134,2.6500000064261036,2.6500000064261027,0.27972027550853035
B_scaleAxis_tasks60_fanout,B,baseline,LN,AS49,Activity,1,0.7552447455675394,0.18881118596699484,2.7000000060759275,2.7000000060759266,0.279720275506659
B_scaleAxis_tasks60_fanout,B,baseline,LN,AS50,Activity,1,0.7692307592397737,0.19230768940954182,2.750000005725743,2.7500000057257417,0.2797202755047881
B_scaleAxis_tasks60_fanout,B,baseline,LN,AS51,Activity,1,0.7832167729118185,0.19580419285204217,2.800000005375548,2.800000005375548,0.2797202755029174
B_scaleAxis_tasks60_fanout,B,baseline,LN,AS52,Activity,1,0.7972027865836746,0.19930069629449604,2.850000005025344,2.8500000050253433,0.27972027550104706
B_scaleAxis_tasks60_fanout,B,baseline,LN,AS53,Activity,1,0.8111888002553413,0.2027971997369032,2.9000000046751295,2.900000004675129,0.27972027549917683
B_scaleAxis_tasks60_fanout,B,baseline,LN,AS54,Activity,1,0.8251748139268199,0.206293703179264,2.9500000043249064,2.950000004324906,0.2797202754973071
B_scaleAxis_tasks60_fanout,B,baseline,LN,AS55,Activity,1,0.8391608275981092,0.2097902066215781,3.0000000039746735,3.000000003974672,0.2797202754954375
B_scaleAxis_tasks60_fanout,B,baseline,LN,AS56,Activity,1,0.8531468412692096,0.2132867100638457,3.050000003624431,3.0500000036244295,0.27972027549356815
B_scaleAxis_tasks60_fanout,B,baseline,LN,AS57,Activity,1,0.8671328549401207,0.21678321350606675,3.100000003274177,3.1000000032741766,0.27972027549169903
B_scaleAxis_tasks60_fanout,B,baseline,LN,AS58,Activity,1,0.8811188686108435,0.2202797169482413,3.1500000029239152,3.150000002923915,0.2797202754898302
B_scaleAxis_tasks60_fanout,B,baseline,LN,AS59,Activity,1,0.8951048822813757,0.22377622039036882,3.200000002573644,3.2000000025736437,0.279720275487961
B_scaleAxis_tasks60_fanout,B,baseline,LN,A0,Activity,1,150.6153842533959,0.0,538.4500065281187,0.0,0.27972027565669744
C1_fanOut2_caller_c1,C1,baseline,LN,PR,Processor,1,NaN,0.0,NaN,NaN,NaN
C1_fanOut2_caller_c1,C1,baseline,LN,PS1,Processor,1,NaN,0.5512016415659213,NaN,NaN,NaN
C1_fanOut2_caller_c1,C1,baseline,LN,PS2,Processor,1,NaN,0.6430685761239131,NaN,NaN,NaN
C1_fanOut2_caller_c1,C1,baseline,LN,R,RefTask,1,5.301289393077145,0.0,NaN,0.0,7.34935524084969
C1_fanOut2_caller_c1,C1,baseline,LN,TS1,Task,1,2.37502694173136,0.5512016415659213,NaN,0.3231612665807867,7.349355220878953
C1_fanOut2_caller_c1,C1,baseline,LN,TS2,Task,1,2.9262624110358275,0.6430685761239131,NaN,0.39816587292907457,7.349355155701864
C1_fanOut2_caller_c1,C1,baseline,LN,ER,Entry,1,5.301289393077145,NaN,0.7213271395034975,NaN,7.34935524084969
C1_fanOut2_caller_c1,C1,baseline,LN,ES1,Entry,1,2.37502694173136,NaN,0.3231612665807867,NaN,7.349355220878953
C1_fanOut2_caller_c1,C1,baseline,LN,ES2,Entry,1,2.9262624110358275,NaN,0.39816587292907457,NaN,7.349355155701864
C1_fanOut2_caller_c1,C1,baseline,LN,AS1,Activity,1,2.3750269445395964,0.5512016415659213,0.32316126696289327,0.3231612665807867,7.349355220878952
C1_fanOut2_caller_c1,C1,baseline,LN,AS2,Activity,1,2.926262407751801,0.6430685761239131,0.39816587248222907,0.39816587292907457,7.349355155701864
C1_fanOut2_caller_c1,C1,baseline,LN,A0,Activity,1,7.506095960057634,0.0,1.021327138785827,0.0,7.349355240849688
C1_fanOut2_caller_c2,C1,baseline,LN,PR,Processor,1,NaN,0.0,NaN,NaN,NaN
C1_fanOut2_caller_c2,C1,baseline,LN,PS1,Processor,1,NaN,0.5512016415659213,NaN,NaN,NaN
C1_fanOut2_caller_c2,C1,baseline,LN,PS2,Processor,1,NaN,0.6430685761239131,NaN,NaN,NaN
C1_fanOut2_caller_c2,C1,baseline,LN,R,RefTask,1,5.3012893930771465,0.0,NaN,0.0,7.349355240849693
C1_fanOut2_caller_c2,C1,baseline,LN,TS1,Task,1,2.37502694173136,0.5512016415659213,NaN,0.3231612665807867,7.349355220878953
C1_fanOut2_caller_c2,C1,baseline,LN,TS2,Task,1,2.9262624110358275,0.6430685761239131,NaN,0.39816587292907457,7.349355155701864
C1_fanOut2_caller_c2,C1,baseline,LN,ER,Entry,1,5.3012893930771465,NaN,0.7213271395034975,NaN,7.349355240849693
C1_fanOut2_caller_c2,C1,baseline,LN,ES1,Entry,1,2.37502694173136,NaN,0.3231612665807867,NaN,7.349355220878953
C1_fanOut2_caller_c2,C1,baseline,LN,ES2,Entry,1,2.9262624110358275,NaN,0.39816587292907457,NaN,7.349355155701864
C1_fanOut2_caller_c2,C1,baseline,LN,AS1,Activity,1,2.3750269445395964,0.5512016415659213,0.32316126696289327,0.3231612665807867,7.349355220878952
C1_fanOut2_caller_c2,C1,baseline,LN,AS2,Activity,1,2.926262407751801,0.6430685761239131,0.39816587248222907,0.39816587292907457,7.349355155701864
C1_fanOut2_caller_c2,C1,baseline,LN,A0,Activity,1,7.506095960057637,0.0,1.021327138785827,0.0,7.349355240849691
C1_fanOut3_caller_c1,C1,baseline,LN,PR,Processor,1,NaN,0.0,NaN,NaN,NaN
C1_fanOut3_caller_c1,C1,baseline,LN,PS1,Processor,1,NaN,0.4770334082851798,NaN,NaN,NaN
C1_fanOut3_caller_c1,C1,baseline,LN,PS2,Processor,1,NaN,0.5565389774049257,NaN,NaN,NaN
C1_fanOut3_caller_c1,C1,baseline,LN,PS3,Processor,1,NaN,0.6360445358323494,NaN,NaN,NaN
C1_fanOut3_caller_c1,C1,baseline,LN,R,RefTask,1,7.279109030804072,0.0,NaN,0.0,6.360445437764143
C1_fanOut3_caller_c1,C1,baseline,LN,TS1,Task,1,1.994966515678178,0.4770334082851798,NaN,0.31365201278820304,6.3604454438024
C1_fanOut3_caller_c1,C1,baseline,LN,TS2,Task,1,2.4042475528471,0.5565389774049257,NaN,0.3779998695779745,6.360445456056294
C1_fanOut3_caller_c1,C1,baseline,LN,TS3,Task,1,2.879894934975066,0.6360445358323494,NaN,0.4527819630124388,6.360445358323494
C1_fanOut3_caller_c1,C1,baseline,LN,ER,Entry,1,7.279109030804072,NaN,1.144433845401064,NaN,6.360445437764143
C1_fanOut3_caller_c1,C1,baseline,LN,ES1,Entry,1,1.994966515678178,NaN,0.31365201278820304,NaN,6.3604454438024
C1_fanOut3_caller_c1,C1,baseline,LN,ES2,Entry,1,2.4042475528471,NaN,0.3779998695779745,NaN,6.360445456056294
C1_fanOut3_caller_c1,C1,baseline,LN,ES3,Entry,1,2.879894934975066,NaN,0.4527819630124388,NaN,6.360445358323494
C1_fanOut3_caller_c1,C1,baseline,LN,AS1,Activity,1,1.9949665181777179,0.4770334082851798,0.3136520131811851,0.31365201278820304,6.360445443802397
C1_fanOut3_caller_c1,C1,baseline,LN,AS2,Activity,1,2.404247558872875,0.5565389774049257,0.3779998705253571,0.3779998695779745,6.3604454560562935
C1_fanOut3_caller_c1,C1,baseline,LN,AS3,Activity,1,2.8798949312541136,0.6360445358323494,0.4527819624274243,0.4527819630124388,6.360445358323494
C1_fanOut3_caller_c1,C1,baseline,LN,A0,Activity,1,11.41339856962896,0.0,1.794433846073689,0.0,6.360445437764143
C1_fanOut3_caller_c2,C1,baseline,LN,PR,Processor,1,NaN,0.0,NaN,NaN,NaN
C1_fanOut3_caller_c2,C1,baseline,LN,PS1,Processor,1,NaN,0.4770334082851798,NaN,NaN,NaN
C1_fanOut3_caller_c2,C1,baseline,LN,PS2,Processor,1,NaN,0.5565389774049257,NaN,NaN,NaN
C1_fanOut3_caller_c2,C1,baseline,LN,PS3,Processor,1,NaN,0.6360445358323494,NaN,NaN,NaN
C1_fanOut3_caller_c2,C1,baseline,LN,R,RefTask,1,7.279109030804074,0.0,NaN,0.0,6.360445437764144
C1_fanOut3_caller_c2,C1,baseline,LN,TS1,Task,1,1.994966515678178,0.4770334082851798,NaN,0.31365201278820304,6.3604454438024
C1_fanOut3_caller_c2,C1,baseline,LN,TS2,Task,1,2.4042475528471,0.5565389774049257,NaN,0.3779998695779745,6.360445456056294
C1_fanOut3_caller_c2,C1,baseline,LN,TS3,Task,1,2.879894934975066,0.6360445358323494,NaN,0.4527819630124388,6.360445358323494
C1_fanOut3_caller_c2,C1,baseline,LN,ER,Entry,1,7.279109030804074,NaN,1.144433845401064,NaN,6.360445437764144
C1_fanOut3_caller_c2,C1,baseline,LN,ES1,Entry,1,1.994966515678178,NaN,0.31365201278820304,NaN,6.3604454438024
C1_fanOut3_caller_c2,C1,baseline,LN,ES2,Entry,1,2.4042475528471,NaN,0.3779998695779745,NaN,6.360445456056294
C1_fanOut3_caller_c2,C1,baseline,LN,ES3,Entry,1,2.879894934975066,NaN,0.4527819630124388,NaN,6.360445358323494
C1_fanOut3_caller_c2,C1,baseline,LN,AS1,Activity,1,1.9949665181777179,0.4770334082851798,0.3136520131811851,0.31365201278820304,6.360445443802397
C1_fanOut3_caller_c2,C1,baseline,LN,AS2,Activity,1,2.404247558872875,0.5565389774049257,0.3779998705253571,0.3779998695779745,6.3604454560562935
C1_fanOut3_caller_c2,C1,baseline,LN,AS3,Activity,1,2.8798949312541136,0.6360445358323494,0.4527819624274243,0.4527819630124388,6.360445358323494
C1_fanOut3_caller_c2,C1,baseline,LN,A0,Activity,1,11.413398569628962,0.0,1.794433846073689,0.0,6.360445437764144
C1_fanOut4_caller_c1,C1,baseline,LN,PR,Processor,1,NaN,0.0,NaN,NaN,NaN
C1_fanOut4_caller_c1,C1,baseline,LN,PS1,Processor,1,NaN,0.41534798266595596,NaN,NaN,NaN
C1_fanOut4_caller_c1,C1,baseline,LN,PS2,Processor,1,NaN,0.48457264679510437,NaN,NaN,NaN
C1_fanOut4_caller_c1,C1,baseline,LN,PS3,Processor,1,NaN,0.553797311040855,NaN,NaN,NaN
C1_fanOut4_caller_c1,C1,baseline,LN,PS4,Processor,1,NaN,0.6230219652173588,NaN,NaN,NaN
C1_fanOut4_caller_c1,C1,baseline,LN,R,RefTask,1,8.924053752991052,0.0,NaN,0.0,5.537973078524571
C1_fanOut4_caller_c1,C1,baseline,LN,TS1,Task,1,1.7071358915108181,0.41534798266595596,NaN,0.30826005471726053,5.537973102212746
C1_fanOut4_caller_c1,C1,baseline,LN,TS2,Task,1,2.0316739189131394,0.48457264679510437,NaN,0.3668623664184417,5.537973106229764
C1_fanOut4_caller_c1,C1,baseline,LN,TS3,Task,1,2.3892014470335377,0.553797311040855,NaN,0.43142164098685565,5.537973110408551
C1_fanOut4_caller_c1,C1,baseline,LN,TS4,Task,1,2.7960424990102917,0.6230219652173588,NaN,0.5048855396758225,5.537973024154303
C1_fanOut4_caller_c1,C1,baseline,LN,ER,Entry,1,8.924053752991052,NaN,1.6114296018514778,NaN,5.537973078524571
C1_fanOut4_caller_c1,C1,baseline,LN,ES1,Entry,1,1.7071358915108181,NaN,0.30826005471726053,NaN,5.537973102212746
C1_fanOut4_caller_c1,C1,baseline,LN,ES2,Entry,1,2.0316739189131394,NaN,0.3668623664184417,NaN,5.537973106229764
C1_fanOut4_caller_c1,C1,baseline,LN,ES3,Entry,1,2.3892014470335377,NaN,0.4314216409868556,NaN,5.537973110408551
C1_fanOut4_caller_c1,C1,baseline,LN,ES4,Entry,1,2.7960424990102917,NaN,0.5048855396758225,NaN,5.537973024154303
C1_fanOut4_caller_c1,C1,baseline,LN,AS1,Activity,1,1.7071358932498208,0.41534798266595596,0.30826005503127485,0.30826005471726053,5.537973102212746
C1_fanOut4_caller_c1,C1,baseline,LN,AS2,Activity,1,2.031673922606743,0.48457264679510437,0.3668623670854012,0.3668623664184417,5.537973106229764
C1_fanOut4_caller_c1,C1,baseline,LN,AS3,Activity,1,2.389201454154603,0.553797311040855,0.43142164227271695,0.43142164098685565,5.53797311040855
C1_fanOut4_caller_c1,C1,baseline,LN,AS4,Activity,1,2.7960424974939473,0.6230219652173588,0.5048855394020141,0.5048855396758225,5.537973024154301
C1_fanOut4_caller_c1,C1,baseline,LN,A0,Activity,1,12.800634985096947,0.0,2.311429615780525,0.0,5.5379730785245735
C1_fanOut4_caller_c2,C1,baseline,LN,PR,Processor,1,NaN,0.0,NaN,NaN,NaN
C1_fanOut4_caller_c2,C1,baseline,LN,PS1,Processor,1,NaN,0.41534798266595596,NaN,NaN,NaN
C1_fanOut4_caller_c2,C1,baseline,LN,PS2,Processor,1,NaN,0.48457264679510437,NaN,NaN,NaN
C1_fanOut4_caller_c2,C1,baseline,LN,PS3,Processor,1,NaN,0.553797311040855,NaN,NaN,NaN
C1_fanOut4_caller_c2,C1,baseline,LN,PS4,Processor,1,NaN,0.6230219652173588,NaN,NaN,NaN
C1_fanOut4_caller_c2,C1,baseline,LN,R,RefTask,1,8.924053752991057,0.0,NaN,0.0,5.5379730785245735
C1_fanOut4_caller_c2,C1,baseline,LN,TS1,Task,1,1.7071358915108181,0.41534798266595596,NaN,0.30826005471726053,5.537973102212746
C1_fanOut4_caller_c2,C1,baseline,LN,TS2,Task,1,2.0316739189131394,0.48457264679510437,NaN,0.3668623664184417,5.537973106229764
C1_fanOut4_caller_c2,C1,baseline,LN,TS3,Task,1,2.3892014470335377,0.553797311040855,NaN,0.43142164098685565,5.537973110408551
C1_fanOut4_caller_c2,C1,baseline,LN,TS4,Task,1,2.7960424990102917,0.6230219652173588,NaN,0.5048855396758225,5.537973024154303
C1_fanOut4_caller_c2,C1,baseline,LN,ER,Entry,1,8.924053752991057,NaN,1.6114296018514778,NaN,5.5379730785245735
C1_fanOut4_caller_c2,C1,baseline,LN,ES1,Entry,1,1.7071358915108181,NaN,0.30826005471726053,NaN,5.537973102212746
C1_fanOut4_caller_c2,C1,baseline,LN,ES2,Entry,1,2.0316739189131394,NaN,0.3668623664184417,NaN,5.537973106229764
C1_fanOut4_caller_c2,C1,baseline,LN,ES3,Entry,1,2.3892014470335377,NaN,0.4314216409868556,NaN,5.537973110408551
C1_fanOut4_caller_c2,C1,baseline,LN,ES4,Entry,1,2.7960424990102917,NaN,0.5048855396758225,NaN,5.537973024154303
C1_fanOut4_caller_c2,C1,baseline,LN,AS1,Activity,1,1.7071358932498208,0.41534798266595596,0.30826005503127485,0.30826005471726053,5.537973102212746
C1_fanOut4_caller_c2,C1,baseline,LN,AS2,Activity,1,2.031673922606743,0.48457264679510437,0.3668623670854012,0.3668623664184417,5.537973106229764
C1_fanOut4_caller_c2,C1,baseline,LN,AS3,Activity,1,2.389201454154603,0.553797311040855,0.43142164227271695,0.43142164098685565,5.53797311040855
C1_fanOut4_caller_c2,C1,baseline,LN,AS4,Activity,1,2.7960424974939473,0.6230219652173588,0.5048855394020141,0.5048855396758225,5.537973024154301
C1_fanOut4_caller_c2,C1,baseline,LN,A0,Activity,1,12.800634985096943,0.0,2.3114296157805243,0.0,5.5379730785245735
C2_infTaskSimple,C2,baseline,LN,P1,Processor,1,NaN,0.0,NaN,NaN,NaN
C2_infTaskSimple,C2,baseline,LN,P2,Processor,1,NaN,5.1851851083676275,NaN,NaN,NaN
C2_infTaskSimple,C2,baseline,LN,T1,RefTask,1,5.1851851467765275,0.0,NaN,0.0,7.407407352537897
C2_infTaskSimple,C2,baseline,LN,T2,Task,1,5.185185108367628,5.1851851083676275,NaN,0.7,7.4074072976680405
C2_infTaskSimple,C2,baseline,LN,E1,Entry,1,5.1851851467765275,NaN,0.7,NaN,7.407407352537897
C2_infTaskSimple,C2,baseline,LN,E2,Entry,1,5.185185108367628,NaN,0.7,NaN,7.4074072976680405
C2_infTaskSimple,C2,baseline,LN,A1,Activity,1,5.185185183813566,0.0,0.7000000049999998,0.0,7.4074073525379
C2_infTaskSimple,C2,baseline,LN,A2,Activity,1,5.1851851083676275,5.1851851083676275,0.6999999999999998,0.7,7.4074072976680405
C2_infTaskShared,C2,baseline,LN,PR,Processor,1,NaN,0.0,NaN,NaN,NaN
C2_infTaskShared,C2,baseline,LN,PS,Processor,1,NaN,8.848484713382673,NaN,NaN,NaN
C2_infTaskShared,C2,baseline,LN,R1,RefTask,1,3.9999999092256058,0.0,NaN,0.0,7.99999995653986
C2_infTaskShared,C2,baseline,LN,R2,RefTask,1,4.8484847498019565,0.0,NaN,0.0,6.060606044516437
C2_infTaskShared,C2,baseline,LN,TS,Task,1,8.848484660052835,8.848484713382673,NaN,0.6293103412674161,14.060605840724387
C2_infTaskShared,C2,baseline,LN,ER1,Entry,1,3.9999999092256058,NaN,0.49999999136945944,NaN,7.99999995653986
C2_infTaskShared,C2,baseline,LN,ER2,Entry,1,4.8484847498019565,NaN,0.7999999858411532,NaN,6.060606044516437
C2_infTaskShared,C2,baseline,LN,ES1,Entry,1,3.9999999078867114,NaN,0.49999999698649844,NaN,7.999999863989447
C2_infTaskShared,C2,baseline,LN,ES2,Entry,1,4.848484752166123,NaN,0.7999999951783984,NaN,6.060605976734939
C2_infTaskShared,C2,baseline,LN,A1,Activity,1,3.9999999985386014,0.0,0.5000000025335838,0.0,7.999999956539862
C2_infTaskShared,C2,baseline,LN,A2,Activity,1,4.8484848197216115,0.0,0.7999999973778961,0.0,6.0606060445164385
C2_infTaskShared,C2,baseline,LN,AS1,Activity,1,3.9999999078867123,3.9999999319947226,0.49999999698649866,0.28448275651830246,7.999999863989445
C2_infTaskShared,C2,baseline,LN,AS2,Activity,1,4.848484752166118,4.848484781387951,0.7999999951783978,0.3448275847491137,6.060605976734936
C2_infTaskDeep,C2,baseline,LN,P1,Processor,1,NaN,0.0,NaN,NaN,NaN
C2_infTaskDeep,C2,baseline,LN,P2,Processor,1,NaN,0.0,NaN,NaN,NaN
C2_infTaskDeep,C2,baseline,LN,P3,Processor,1,NaN,0.0,NaN,NaN,NaN
C2_infTaskDeep,C2,baseline,LN,P4,Processor,1,NaN,6.923076644208119,NaN,NaN,NaN
C2_infTaskDeep,C2,baseline,LN,T1,RefTask,1,6.923076737546535,0.0,NaN,0.0,11.538461509091285
C2_infTaskDeep,C2,baseline,LN,T2,Task,1,6.923076686860725,0.0,NaN,0.0,11.538461354509304
C2_infTaskDeep,C2,baseline,LN,T3,Task,1,6.923076636175547,0.0,NaN,0.0,11.538461199928376
C2_infTaskDeep,C2,baseline,LN,T4,Task,1,6.923076602490019,6.923076644208119,NaN,0.5999999963844311,11.5384610736802
C2_infTaskDeep,C2,baseline,LN,E1,Entry,1,6.923076737546535,NaN,0.5999999854479529,NaN,11.538461509091285
C2_infTaskDeep,C2,baseline,LN,E2,Entry,1,6.923076686860725,NaN,0.5999999890934455,NaN,11.538461354509304
C2_infTaskDeep,C2,baseline,LN,E3,Entry,1,6.923076636175547,NaN,0.5999999927389383,NaN,11.538461199928376
C2_infTaskDeep,C2,baseline,LN,E4,Entry,1,6.923076602490019,NaN,0.5999999963844311,NaN,11.5384610736802
C2_infTaskDeep,C2,baseline,LN,A1,Activity,1,6.923076859916071,0.0,0.5999999960533124,0.0,11.538461509091288
C2_infTaskDeep,C2,baseline,LN,A2,Activity,1,6.923076809230259,0.0,0.5999999996988051,0.0,11.538461354509307
C2_infTaskDeep,C2,baseline,LN,A3,Activity,1,6.923076758545079,0.0,0.6000000033442979,0.0,11.53846119992838
C2_infTaskDeep,C2,baseline,LN,A4,Activity,1,6.923076602490019,6.923076644208119,0.5999999963844311,0.5999999963844311,11.5384610736802
C3_multiclassMultiEntry_2refs,C3,baseline,LN,PR,Processor,1,NaN,0.0,NaN,NaN,NaN
C3_multiclassMultiEntry_2refs,C3,baseline,LN,PS,Processor,1,NaN,0.9999999999826302,NaN,NaN,NaN
C3_multiclassMultiEntry_2refs,C3,baseline,LN,R1,RefTask,1,8.379592155572592,0.0,NaN,0.0,0.8102030724391518
C3_multiclassMultiEntry_2refs,C3,baseline,LN,R2,RefTask,1,8.858051317984275,0.0,NaN,0.0,0.5709757227253153
C3_multiclassMultiEntry_2refs,C3,baseline,LN,TS,Task,1,17.237642236688153,0.9999999999826302,NaN,12.48038463509831,1.381178778612132
C3_multiclassMultiEntry_2refs,C3,baseline,LN,ER1,Entry,1,8.379592155572592,NaN,10.342582545812204,NaN,0.8102030724391518
C3_multiclassMultiEntry_2refs,C3,baseline,LN,ER2,Entry,1,8.858051317984275,NaN,15.513884330675303,NaN,0.5709757227253153
C3_multiclassMultiEntry_2refs,C3,baseline,LN,ES1,Entry,1,8.379594080151923,NaN,10.34258581326527,NaN,0.8102030025609612
C3_multiclassMultiEntry_2refs,C3,baseline,LN,ES2,Entry,1,8.85804815653623,NaN,15.51387734484619,NaN,0.5709757760511708
C3_multiclassMultiEntry_2refs,C3,baseline,LN,A1,Activity,1,8.379595989124132,0.0,10.342587277405634,0.0,0.8102030724391522
C3_multiclassMultiEntry_2refs,C3,baseline,LN,A2,Activity,1,8.858045446316934,0.0,15.513874047107873,0.0,0.5709757227253156
C3_multiclassMultiEntry_2refs,C3,baseline,LN,AS1,Activity,1,8.379593771814204,0.4861218015365766,10.342585432696799,6.066987032713382,0.8102030025609611
C3_multiclassMultiEntry_2refs,C3,baseline,LN,AS2,Activity,1,8.858048615714383,0.5138781984460536,15.5138781490452,6.4133976023849275,0.5709757760511708
C3_multiclassMultiEntry_3refs,C3,baseline,LN,PR,Processor,1,NaN,0.0,NaN,NaN,NaN
C3_multiclassMultiEntry_3refs,C3,baseline,LN,PS,Processor,1,NaN,1.0003966417657677,NaN,NaN,NaN
C3_multiclassMultiEntry_3refs,C3,baseline,LN,R1,RefTask,1,6.614063297756892,0.0,NaN,0.0,0.6929682938972898
C3_multiclassMultiEntry_3refs,C3,baseline,LN,R2,RefTask,1,6.739153622691771,0.0,NaN,0.0,0.5043387104648571
C3_multiclassMultiEntry_3refs,C3,baseline,LN,R3,RefTask,1,5.743434281375955,0.0,NaN,0.0,0.7521885459707375
C3_multiclassMultiEntry_3refs,C3,baseline,LN,TS,Task,1,19.096651045497733,1.0003966417657677,NaN,9.795688649304118,1.9494954825384971
C3_multiclassMultiEntry_3refs,C3,baseline,LN,ER1,Entry,1,6.614063297756892,NaN,9.54453956408172,NaN,0.6929682938972898
C3_multiclassMultiEntry_3refs,C3,baseline,LN,ER2,Entry,1,6.739153622691771,NaN,13.362356453820855,NaN,0.5043387104648571
C3_multiclassMultiEntry_3refs,C3,baseline,LN,ER3,Entry,1,5.743434281375955,NaN,7.635631135493776,NaN,0.7521885459707375
C3_multiclassMultiEntry_3refs,C3,baseline,LN,ES1,Entry,1,6.614062791065634,NaN,9.544539643877854,NaN,0.6929682350167707
C3_multiclassMultiEntry_3refs,C3,baseline,LN,ES2,Entry,1,6.7391538631007775,NaN,13.362355861063111,NaN,0.5043387508289732
C3_multiclassMultiEntry_3refs,C3,baseline,LN,ES3,Entry,1,5.743434391331321,NaN,7.635631781906048,NaN,0.7521884966927534
C3_multiclassMultiEntry_3refs,C3,baseline,LN,A1,Activity,1,6.614063561895033,0.0,9.544539945250875,0.0,0.6929682938972901
C3_multiclassMultiEntry_3refs,C3,baseline,LN,A2,Activity,1,6.739151911230506,0.0,13.36235306034494,0.0,0.5043387104648572
C3_multiclassMultiEntry_3refs,C3,baseline,LN,A3,Activity,1,5.7434350022672,0.0,7.635632093885454,0.0,0.7521885459707377
C3_multiclassMultiEntry_3refs,C3,baseline,LN,AS1,Activity,1,6.614062871663482,0.3464841175083853,9.544539760185998,3.3927052267362345,0.6929682350167706
C3_multiclassMultiEntry_3refs,C3,baseline,LN,AS2,Activity,1,6.739153763845542,0.3530371255802811,13.362355664260399,3.456870223133952,0.5043387508289731
C3_multiclassMultiEntry_3refs,C3,baseline,LN,AS3,Activity,1,5.743434411070815,0.3008753986771014,7.635631808148798,2.946113199433931,0.7521884966927534
C3_multiclassMultiEntry_asymmetric,C3,baseline,LN,PR,Processor,1,NaN,0.0,NaN,NaN,NaN
C3_multiclassMultiEntry_asymmetric,C3,baseline,LN,PS,Processor,1,NaN,1.000246719428873,NaN,NaN,NaN
C3_multiclassMultiEntry_asymmetric,C3,baseline,LN,R1,RefTask,1,4.525013156917857,0.0,NaN,0.0,0.11872994705585736
C3_multiclassMultiEntry_asymmetric,C3,baseline,LN,R2,RefTask,1,20.88926269224006,0.0,NaN,0.0,2.7405031420795662
C3_multiclassMultiEntry_asymmetric,C3,baseline,LN,TS,Task,1,25.41435739042428,1.000246719428873,NaN,8.888510729791902,2.859232589851013
C3_multiclassMultiEntry_asymmetric,C3,baseline,LN,ER1,Entry,1,4.525013156917857,NaN,38.11180977608818,NaN,0.11872994705585736
C3_multiclassMultiEntry_asymmetric,C3,baseline,LN,ER2,Entry,1,20.88926269224006,NaN,7.6224188075145705,NaN,2.7405031420795662
C3_multiclassMultiEntry_asymmetric,C3,baseline,LN,ES1,Entry,1,4.525120977147405,NaN,38.112448781557866,NaN,0.1187307853946413
C3_multiclassMultiEntry_asymmetric,C3,baseline,LN,ES2,Entry,1,20.889236413276873,NaN,7.622412938867098,NaN,2.7405018044563714
C3_multiclassMultiEntry_asymmetric,C3,baseline,LN,A1,Activity,1,4.525043763299622,0.0,38.11206755757063,0.0,0.1187299470558574
C3_multiclassMultiEntry_asymmetric,C3,baseline,LN,A2,Activity,1,20.889251237495756,0.0,7.622414627718483,0.0,2.740503142079567
C3_multiclassMultiEntry_asymmetric,C3,baseline,LN,AS1,Activity,1,4.525077935039421,0.17809617809196174,38.112086263043096,1.582618251353511,0.11873078539464114
C3_multiclassMultiEntry_asymmetric,C3,baseline,LN,AS2,Activity,1,20.889248235093294,0.8221505413369113,7.622417252608618,7.305892478438391,2.7405018044563714
C4_nearSaturation,C4,baseline,LN,P1,Processor,1,NaN,0.0,NaN,NaN,NaN
C4_nearSaturation,C4,baseline,LN,P2,Processor,1,NaN,0.8861840790445158,NaN,NaN,NaN
C4_nearSaturation,C4,baseline,LN,T1,RefTask,1,4.552636767184653,0.0,NaN,0.0,0.8861840801473461
C4_nearSaturation,C4,baseline,LN,T2,Task,1,4.5526367844927,0.8861840790445158,NaN,5.137348878351949,0.8861840790445161
C4_nearSaturation,C4,baseline,LN,E1,Entry,1,4.552636767184653,NaN,5.137348852427686,NaN,0.8861840801473461
C4_nearSaturation,C4,baseline,LN,E2,Entry,1,4.5526367844927,NaN,5.137348878351949,NaN,0.8861840790445161
C4_nearSaturation,C4,baseline,LN,A1,Activity,1,4.552636780705886,0.0,5.1373488676855,0.0,0.8861840801473464
C4_nearSaturation,C4,baseline,LN,A2,Activity,1,4.552636784492685,0.8861840790445158,5.137348878351934,5.137348878351949,0.8861840790445158
C4_predicateThreshold,C4,baseline,LN,P1,Processor,1,NaN,0.0,NaN,NaN,NaN
C4_predicateThreshold,C4,baseline,LN,P2,Processor,1,NaN,0.33333332888888895,NaN,NaN,NaN
C4_predicateThreshold,C4,baseline,LN,T1,RefTask,1,1.3333333244444845,0.0,NaN,0.0,1.3333333244444847
C4_predicateThreshold,C4,baseline,LN,T2,Task,1,1.3333333155555558,0.33333332888888895,NaN,0.9999999999999998,1.333333315555556
C4_predicateThreshold,C4,baseline,LN,E1,Entry,1,1.3333333244444845,NaN,0.9999999999999998,NaN,1.3333333244444847
C4_predicateThreshold,C4,baseline,LN,E2,Entry,1,1.3333333155555558,NaN,0.9999999999999998,NaN,1.333333315555556
C4_predicateThreshold,C4,baseline,LN,A1,Activity,1,1.3333333377778183,0.0,1.0000000099999997,0.0,1.3333333244444854
C4_predicateThreshold,C4,baseline,LN,A2,Activity,1,1.3333333155555556,0.33333332888888895,0.9999999999999999,0.9999999999999998,1.3333333155555558
C4_lowDemand,C4,baseline,LN,P1,Processor,1,NaN,0.0,NaN,NaN,NaN
C4_lowDemand,C4,baseline,LN,P2,Processor,1,NaN,0.0498691437345522,NaN,NaN,NaN
C4_lowDemand,C4,baseline,LN,T1,RefTask,1,0.05234246633599587,0.0,NaN,0.0,0.9973828756856373
C4_lowDemand,C4,baseline,LN,T2,Task,1,0.05234246628379938,0.0498691437345522,NaN,0.05247981252937928,0.997382874691044
C4_lowDemand,C4,baseline,LN,E1,Entry,1,0.05234246633599587,NaN,0.0524798125293797,NaN,0.9973828756856373
C4_lowDemand,C4,baseline,LN,E2,Entry,1,0.05234246628379938,NaN,0.05247981252937928,NaN,0.997382874691044
C4_lowDemand,C4,baseline,LN,A1,Activity,1,0.05234247431514394,0.0,0.05247982052946497,0.0,0.9973828756856378
C4_lowDemand,C4,baseline,LN,A2,Activity,1,0.05234246628379896,0.0498691437345522,0.05247981252937886,0.05247981252937928,0.997382874691044
C5_satFanout_tasks5,?,baseline,LN,P0,Processor,1,NaN,0.0,NaN,NaN,NaN
C5_satFanout_tasks5,?,baseline,LN,P1,Processor,1,NaN,0.8013750930689107,NaN,NaN,NaN
C5_satFanout_tasks5,?,baseline,LN,P2,Processor,1,NaN,0.8702512672941298,NaN,NaN,NaN
C5_satFanout_tasks5,?,baseline,LN,P3,Processor,1,NaN,0.9401160370090486,NaN,NaN,NaN
C5_satFanout_tasks5,?,baseline,LN,P4,Processor,1,NaN,0.9972021368518573,NaN,NaN,NaN
C5_satFanout_tasks5,?,baseline,LN,T0,RefTask,1,27.34146487680799,0.0,NaN,0.0,5.348858003891698
C5_satFanout_tasks5,?,baseline,LN,T1,Task,1,3.525781963619906,0.8013750930689107,NaN,0.6599497527651612,5.342500620459407
C5_satFanout_tasks5,?,baseline,LN,T2,Task,1,3.818158570175167,0.8702512672941298,NaN,0.7129558909837967,5.3553924141177225
C5_satFanout_tasks5,?,baseline,LN,T3,Task,1,5.583007671579856,0.9401160370090486,NaN,1.039261435891313,5.372091640051707
C5_satFanout_tasks5,?,baseline,LN,T4,Task,1,14.358005271086142,0.9972021368518573,NaN,2.6996793216143993,5.318411396543239
C5_satFanout_tasks5,?,baseline,LN,E0,Entry,1,27.34146487680799,NaN,5.111645300158465,NaN,5.348858003891698
C5_satFanout_tasks5,?,baseline,LN,E1,Entry,1,3.525781963619906,NaN,0.6599497527651612,NaN,5.342500620459407
C5_satFanout_tasks5,?,baseline,LN,E2,Entry,1,3.818158570175167,NaN,0.7129558909837967,NaN,5.3553924141177225
C5_satFanout_tasks5,?,baseline,LN,E3,Entry,1,5.583007671579856,NaN,1.039261435891313,NaN,5.372091640051707
C5_satFanout_tasks5,?,baseline,LN,E4,Entry,1,14.358005271086142,NaN,2.6996793216143993,NaN,5.318411396543239
C5_satFanout_tasks5,?,baseline,LN,AS1,Activity,1,3.554387943301483,0.8013750930689107,0.6653041704271883,0.6599497527651612,5.342500620459405
C5_satFanout_tasks5,?,baseline,LN,AS2,Activity,1,3.797105368864468,0.8702512672941298,0.709024675550321,0.7129558909837967,5.355392414117722
C5_satFanout_tasks5,?,baseline,LN,AS3,Activity,1,5.499215935046736,0.9401160370090486,1.0236638358972234,1.039261435891313,5.372091640051706
C5_satFanout_tasks5,?,baseline,LN,AS4,Activity,1,14.478859191930347,0.9972021368518573,2.7224030095417304,2.6996793216143993,5.318411396543238
C5_satFanout_tasks5,?,baseline,LN,A0,Activity,1,34.285471858128695,0.0,6.409867645240053,0.0,5.348858003891699
C5_satFanout_tasks10,?,baseline,LN,P0,Processor,1,NaN,0.0,NaN,NaN,NaN
C5_satFanout_tasks10,?,baseline,LN,P1,Processor,1,NaN,0.5511539436219132,NaN,NaN,NaN
C5_satFanout_tasks10,?,baseline,LN,P2,Processor,1,NaN,0.5970834374617584,NaN,NaN,NaN
C5_satFanout_tasks10,?,baseline,LN,P3,Processor,1,NaN,0.6430128842350402,NaN,NaN,NaN
C5_satFanout_tasks10,?,baseline,LN,P4,Processor,1,NaN,0.6889412002726167,NaN,NaN,NaN
C5_satFanout_tasks10,?,baseline,LN,P5,Processor,1,NaN,0.7348562702742959,NaN,NaN,NaN
C5_satFanout_tasks10,?,baseline,LN,P6,Processor,1,NaN,0.7810961068372791,NaN,NaN,NaN
C5_satFanout_tasks10,?,baseline,LN,P7,Processor,1,NaN,0.8267248440090638,NaN,NaN,NaN
C5_satFanout_tasks10,?,baseline,LN,P8,Processor,1,NaN,0.874342769992065,NaN,NaN,NaN
C5_satFanout_tasks10,?,baseline,LN,P9,Processor,1,NaN,0.9197740086842028,NaN,NaN,NaN
C5_satFanout_tasks10,?,baseline,LN,T0,RefTask,1,28.14456071404844,0.0,NaN,0.0,3.6743563905631507
C5_satFanout_tasks10,?,baseline,LN,T1,Task,1,2.2046157511676685,0.5511539436219132,NaN,0.59999999365332,3.674359624146089
C5_satFanout_tasks10,?,baseline,LN,T2,Task,1,2.3883333140317298,0.5970834374617584,NaN,0.6499998813901331,3.674359615149284
C5_satFanout_tasks10,?,baseline,LN,T3,Task,1,2.5720368486809178,0.6430128842350402,NaN,0.6999960024978803,3.6743593384859454
C5_satFanout_tasks10,?,baseline,LN,T4,Task,1,2.755422658679047,0.6889412002726167,NaN,0.7499068836322811,3.6743530681206233
C5_satFanout_tasks10,?,baseline,LN,T5,Task,1,2.9341791163433095,0.7348562702742959,NaN,0.7985722473996401,3.67428135137148
C5_satFanout_tasks10,?,baseline,LN,T6,Task,1,3.138091775084431,0.7810961068372791,NaN,0.8537291331607688,3.6757463851166077
C5_satFanout_tasks10,?,baseline,LN,T7,Task,1,3.2953886229894067,0.8267248440090638,NaN,0.8968672534104799,3.6743326400402836
C5_satFanout_tasks10,?,baseline,LN,T8,Task,1,3.9778428866511653,0.874342769992065,NaN,1.0805118061286487,3.681443242071852
C5_satFanout_tasks10,?,baseline,LN,T9,Task,1,4.890637095909518,0.9197740086842028,NaN,1.3293040055855392,3.679096034736812
C5_satFanout_tasks10,?,baseline,LN,E0,Entry,1,28.14456071404844,NaN,7.65972532940248,NaN,3.6743563905631507
C5_satFanout_tasks10,?,baseline,LN,E1,Entry,1,2.2046157511676685,NaN,0.59999999365332,NaN,3.674359624146089
C5_satFanout_tasks10,?,baseline,LN,E2,Entry,1,2.3883333140317298,NaN,0.6499998813901331,NaN,3.674359615149284
C5_satFanout_tasks10,?,baseline,LN,E3,Entry,1,2.5720368486809178,NaN,0.6999960024978803,NaN,3.6743593384859454
C5_satFanout_tasks10,?,baseline,LN,E4,Entry,1,2.755422658679047,NaN,0.7499068836322811,NaN,3.6743530681206233
C5_satFanout_tasks10,?,baseline,LN,E5,Entry,1,2.9341791163433095,NaN,0.7985722473996401,NaN,3.67428135137148
C5_satFanout_tasks10,?,baseline,LN,E6,Entry,1,3.138091775084431,NaN,0.8537291331607688,NaN,3.6757463851166077
C5_satFanout_tasks10,?,baseline,LN,E7,Entry,1,3.2953886229894067,NaN,0.8968672534104799,NaN,3.6743326400402836
C5_satFanout_tasks10,?,baseline,LN,E8,Entry,1,3.9778428866511653,NaN,1.0805118061286487,NaN,3.681443242071852
C5_satFanout_tasks10,?,baseline,LN,E9,Entry,1,4.890637095909518,NaN,1.329304005585539,NaN,3.679096034736812
C5_satFanout_tasks10,?,baseline,LN,AS1,Activity,1,2.2046157526797274,0.5511539436219132,0.5999999940648365,0.59999999365332,3.6743596241460876
C5_satFanout_tasks10,?,baseline,LN,AS2,Activity,1,2.3883333597541228,0.5970834374617584,0.649999893833769,0.6499998813901331,3.674359615149284
C5_satFanout_tasks10,?,baseline,LN,AS3,Activity,1,2.5720385235570693,0.6430128842350402,0.6999964583259575,0.6999960024978803,3.674359338485945
C5_satFanout_tasks10,?,baseline,LN,AS4,Activity,1,2.7554612464485078,0.6889412002726167,0.7499173855543189,0.7499068836322811,3.674353068120623
C5_satFanout_tasks10,?,baseline,LN,AS5,Activity,1,2.9346401183334514,0.7348562702742959,0.7986977146532487,0.7985722473996401,3.67428135137148
C5_satFanout_tasks10,?,baseline,LN,AS6,Activity,1,3.129990593749164,0.7810961068372791,0.8515251776952695,0.8537291331607688,3.6757463851166077
C5_satFanout_tasks10,?,baseline,LN,AS7,Activity,1,3.2955493614172577,0.8267248440090638,0.8969109997022825,0.8968672534104799,3.6743326400402836
C5_satFanout_tasks10,?,baseline,LN,AS8,Activity,1,3.92796032057706,0.874342769992065,1.0669620750057993,1.0805118061286487,3.6814432420718517
C5_satFanout_tasks10,?,baseline,LN,AS9,Activity,1,4.862429567668037,0.9197740086842028,1.3216370330533862,1.3293040055855392,3.679096034736811
C5_satFanout_tasks10,?,baseline,LN,A0,Activity,1,53.32871226173125,0.0,14.513756041383278,0.0,3.674356390563155
C5_satFanout_tasks20,?,baseline,LN,P0,Processor,1,NaN,0.0,NaN,NaN,NaN
C5_satFanout_tasks20,?,baseline,LN,P1,Processor,1,NaN,0.22004890034276828,NaN,NaN,NaN
C5_satFanout_tasks20,?,baseline,LN,P2,Processor,1,NaN,0.23838630869634506,NaN,NaN,NaN
C5_satFanout_tasks20,?,baseline,LN,P3,Processor,1,NaN,0.25672371704864266,NaN,NaN,NaN
C5_satFanout_tasks20,?,baseline,LN,P4,Processor,1,NaN,0.27506112539966104,NaN,NaN,NaN
C5_satFanout_tasks20,?,baseline,LN,P5,Processor,1,NaN,0.2933985337494004,NaN,NaN,NaN
C5_satFanout_tasks20,?,baseline,LN,P6,Processor,1,NaN,0.3117359420978601,NaN,NaN,NaN
C5_satFanout_tasks20,?,baseline,LN,P7,Processor,1,NaN,0.3300733504450408,NaN,NaN,NaN
C5_satFanout_tasks20,?,baseline,LN,P8,Processor,1,NaN,0.34841075879094263,NaN,NaN,NaN
C5_satFanout_tasks20,?,baseline,LN,P9,Processor,1,NaN,0.36674816713556474,NaN,NaN,NaN
C5_satFanout_tasks20,?,baseline,LN,P10,Processor,1,NaN,0.3850855754789081,NaN,NaN,NaN
C5_satFanout_tasks20,?,baseline,LN,P11,Processor,1,NaN,0.403422983820972,NaN,NaN,NaN
C5_satFanout_tasks20,?,baseline,LN,P12,Processor,1,NaN,0.42176039216175626,NaN,NaN,NaN
C5_satFanout_tasks20,?,baseline,LN,P13,Processor,1,NaN,0.4400978005012608,NaN,NaN,NaN
C5_satFanout_tasks20,?,baseline,LN,P14,Processor,1,NaN,0.45843520883948335,NaN,NaN,NaN
C5_satFanout_tasks20,?,baseline,LN,P15,Processor,1,NaN,0.47677261717641634,NaN,NaN,NaN
C5_satFanout_tasks20,?,baseline,LN,P16,Processor,1,NaN,0.4951100255120261,NaN,NaN,NaN
C5_satFanout_tasks20,?,baseline,LN,P17,Processor,1,NaN,0.513447433846174,NaN,NaN,NaN
C5_satFanout_tasks20,?,baseline,LN,P18,Processor,1,NaN,0.531784842178286,NaN,NaN,NaN
C5_satFanout_tasks20,?,baseline,LN,P19,Processor,1,NaN,0.5501222505060104,NaN,NaN,NaN
C5_satFanout_tasks20,?,baseline,LN,T0,RefTask,1,29.26650362166641,0.0,NaN,0.0,1.4669926709789793
C5_satFanout_tasks20,?,baseline,LN,T1,Task,1,0.8801956021954195,0.22004890034276828,NaN,0.6000000005619293,1.466992668951789
C5_satFanout_tasks20,?,baseline,LN,T2,Task,1,0.9535452350958512,0.23838630869634506,NaN,0.6500000002116377,1.466992668900585
C5_satFanout_tasks20,?,baseline,LN,T3,Task,1,1.0268948679910928,0.25672371704864266,NaN,0.6999999998612958,1.4669926688493868
C5_satFanout_tasks20,?,baseline,LN,T4,Task,1,1.1002445008811443,0.27506112539966104,NaN,0.7499999995109043,1.4669926687981922
C5_satFanout_tasks20,?,baseline,LN,T5,Task,1,1.1735941337660076,0.2933985337494004,NaN,0.7999999991604634,1.466992668747002
C5_satFanout_tasks20,?,baseline,LN,T6,Task,1,1.2469437666456802,0.3117359420978601,NaN,0.8499999988099735,1.4669926686958124
C5_satFanout_tasks20,?,baseline,LN,T7,Task,1,1.3202933995201656,0.3300733504450408,NaN,0.8999999984594347,1.4669926686446262
C5_satFanout_tasks20,?,baseline,LN,T8,Task,1,1.3936430323894613,0.34841075879094263,NaN,0.949999998108846,1.4669926685934425
C5_satFanout_tasks20,?,baseline,LN,T9,Task,1,1.4669926652535614,0.36674816713556474,NaN,0.9999999977582044,1.4669926685422592
C5_satFanout_tasks20,?,baseline,LN,T10,Task,1,1.5403422981124457,0.3850855754789081,NaN,1.0499999974074945,1.4669926684910783
C5_satFanout_tasks20,?,baseline,LN,T11,Task,1,1.613691930966021,0.403422983820972,NaN,1.099999997056654,1.466992668439898
C5_satFanout_tasks20,?,baseline,LN,T12,Task,1,1.6870415638139278,0.42176039216175626,NaN,1.1499999967054384,1.4669926683887178
C5_satFanout_tasks20,?,baseline,LN,T13,Task,1,1.7603911966547283,0.4400978005012608,NaN,1.1999999963528687,1.466992668337536
C5_satFanout_tasks20,?,baseline,LN,T14,Task,1,1.8337408294827533,0.45843520883948335,NaN,1.249999995995085,1.4669926682863474
C5_satFanout_tasks20,?,baseline,LN,T15,Task,1,1.9070904622757054,0.47677261717641634,NaN,1.29999999561691,1.466992668235128
C5_satFanout_tasks20,?,baseline,LN,T16,Task,1,1.9804400949463603,0.4951100255120261,NaN,1.3499999951589778,1.466992668183781
C5_satFanout_tasks20,?,baseline,LN,T17,Task,1,2.053789727155431,0.513447433846174,NaN,1.399999994390384,1.466992668131926
C5_satFanout_tasks20,?,baseline,LN,T18,Task,1,2.127139357591307,0.531784842178286,NaN,1.4499999924186142,1.4669926680780305
C5_satFanout_tasks20,?,baseline,LN,T19,Task,1,2.2004889812198516,0.5501222505060104,NaN,1.4999999858184774,1.4669926680160277
C5_satFanout_tasks20,?,baseline,LN,E0,Entry,1,29.26650362166641,NaN,19.949999887958384,NaN,1.4669926709789793
C5_satFanout_tasks20,?,baseline,LN,E1,Entry,1,0.8801956021954195,NaN,0.6000000005619293,NaN,1.466992668951789
C5_satFanout_tasks20,?,baseline,LN,E2,Entry,1,0.9535452350958512,NaN,0.6500000002116377,NaN,1.466992668900585
C5_satFanout_tasks20,?,baseline,LN,E3,Entry,1,1.0268948679910928,NaN,0.6999999998612958,NaN,1.4669926688493868
C5_satFanout_tasks20,?,baseline,LN,E4,Entry,1,1.1002445008811443,NaN,0.7499999995109043,NaN,1.4669926687981922
C5_satFanout_tasks20,?,baseline,LN,E5,Entry,1,1.1735941337660076,NaN,0.7999999991604634,NaN,1.466992668747002
C5_satFanout_tasks20,?,baseline,LN,E6,Entry,1,1.2469437666456802,NaN,0.8499999988099735,NaN,1.4669926686958124
C5_satFanout_tasks20,?,baseline,LN,E7,Entry,1,1.3202933995201656,NaN,0.8999999984594347,NaN,1.4669926686446262
C5_satFanout_tasks20,?,baseline,LN,E8,Entry,1,1.3936430323894613,NaN,0.949999998108846,NaN,1.4669926685934425
C5_satFanout_tasks20,?,baseline,LN,E9,Entry,1,1.4669926652535614,NaN,0.9999999977582044,NaN,1.4669926685422592
C5_satFanout_tasks20,?,baseline,LN,E10,Entry,1,1.5403422981124457,NaN,1.0499999974074945,NaN,1.4669926684910783
C5_satFanout_tasks20,?,baseline,LN,E11,Entry,1,1.613691930966021,NaN,1.099999997056654,NaN,1.466992668439898
C5_satFanout_tasks20,?,baseline,LN,E12,Entry,1,1.6870415638139278,NaN,1.1499999967054384,NaN,1.4669926683887178
C5_satFanout_tasks20,?,baseline,LN,E13,Entry,1,1.7603911966547283,NaN,1.1999999963528687,NaN,1.466992668337536
C5_satFanout_tasks20,?,baseline,LN,E14,Entry,1,1.8337408294827533,NaN,1.249999995995085,NaN,1.4669926682863474
C5_satFanout_tasks20,?,baseline,LN,E15,Entry,1,1.9070904622757054,NaN,1.29999999561691,NaN,1.466992668235128
C5_satFanout_tasks20,?,baseline,LN,E16,Entry,1,1.9804400949463603,NaN,1.3499999951589778,NaN,1.466992668183781
C5_satFanout_tasks20,?,baseline,LN,E17,Entry,1,2.053789727155431,NaN,1.399999994390384,NaN,1.466992668131926
C5_satFanout_tasks20,?,baseline,LN,E18,Entry,1,2.127139357591307,NaN,1.4499999924186142,NaN,1.4669926680780305
C5_satFanout_tasks20,?,baseline,LN,E19,Entry,1,2.2004889812198516,NaN,1.4999999858184774,NaN,1.4669926680160277
C5_satFanout_tasks20,?,baseline,LN,AS1,Activity,1,0.8801956021954191,0.22004890034276828,0.6000000005619291,0.6000000005619293,1.4669926689517887
C5_satFanout_tasks20,?,baseline,LN,AS2,Activity,1,0.9535452350958508,0.23838630869634506,0.6500000002116375,0.6500000002116377,1.4669926689005848
C5_satFanout_tasks20,?,baseline,LN,AS3,Activity,1,1.026894867991093,0.25672371704864266,0.699999999861296,0.6999999998612958,1.4669926688493866
C5_satFanout_tasks20,?,baseline,LN,AS4,Activity,1,1.1002445008811446,0.27506112539966104,0.7499999995109046,0.7499999995109043,1.466992668798192
C5_satFanout_tasks20,?,baseline,LN,AS5,Activity,1,1.1735941337660076,0.2933985337494004,0.7999999991604637,0.7999999991604634,1.4669926687470016
C5_satFanout_tasks20,?,baseline,LN,AS6,Activity,1,1.2469437666456804,0.3117359420978601,0.8499999988099737,0.8499999988099735,1.4669926686958121
C5_satFanout_tasks20,?,baseline,LN,AS7,Activity,1,1.3202933995201656,0.3300733504450408,0.8999999984594349,0.8999999984594347,1.466992668644626
C5_satFanout_tasks20,?,baseline,LN,AS8,Activity,1,1.3936430323894615,0.34841075879094263,0.9499999981088463,0.949999998108846,1.4669926685934422
C5_satFanout_tasks20,?,baseline,LN,AS9,Activity,1,1.466992665253561,0.36674816713556474,0.9999999977582043,0.9999999977582044,1.466992668542259
C5_satFanout_tasks20,?,baseline,LN,AS10,Activity,1,1.5403422981124457,0.3850855754789081,1.0499999974074947,1.0499999974074945,1.4669926684910781
C5_satFanout_tasks20,?,baseline,LN,AS11,Activity,1,1.6136919309660214,0.403422983820972,1.0999999970566545,1.099999997056654,1.4669926684398977
C5_satFanout_tasks20,?,baseline,LN,AS12,Activity,1,1.6870415638139282,0.42176039216175626,1.1499999967054388,1.1499999967054384,1.4669926683887176
C5_satFanout_tasks20,?,baseline,LN,AS13,Activity,1,1.7603911966547285,0.4400978005012608,1.199999996352869,1.1999999963528687,1.4669926683375358
C5_satFanout_tasks20,?,baseline,LN,AS14,Activity,1,1.8337408294827537,0.45843520883948335,1.2499999959950854,1.249999995995085,1.4669926682863472
C5_satFanout_tasks20,?,baseline,LN,AS15,Activity,1,1.9070904622757048,0.47677261717641634,1.29999999561691,1.29999999561691,1.4669926682351275
C5_satFanout_tasks20,?,baseline,LN,AS16,Activity,1,1.98044009494636,0.4951100255120261,1.3499999951589778,1.3499999951589778,1.4669926681837808
C5_satFanout_tasks20,?,baseline,LN,AS17,Activity,1,2.0537897271554306,0.513447433846174,1.3999999943903843,1.399999994390384,1.4669926681319256
C5_satFanout_tasks20,?,baseline,LN,AS18,Activity,1,2.1271393575913065,0.531784842178286,1.4499999924186147,1.4499999924186142,1.4669926680780299
C5_satFanout_tasks20,?,baseline,LN,AS19,Activity,1,2.2004889812198516,0.5501222505060104,1.4999999858184774,1.4999999858184774,1.4669926680160277
C5_satFanout_tasks20,?,baseline,LN,A0,Activity,1,74.22982891285089,0.0,50.59999983729611,0.0,1.4669926709789785
C5_satFanoutCaller_w2,?,baseline,LN,PR,Processor,1,NaN,0.0,NaN,NaN,NaN
C5_satFanoutCaller_w2,?,baseline,LN,PS1,Processor,1,NaN,0.8588910657759846,NaN,NaN,NaN
C5_satFanoutCaller_w2,?,baseline,LN,PS2,Processor,1,NaN,0.999502670560474,NaN,NaN,NaN
C5_satFanoutCaller_w2,?,baseline,LN,R,RefTask,1,28.60397386791249,0.0,NaN,0.0,5.722589045028512
C5_satFanoutCaller_w2,?,baseline,LN,TS1,Task,1,3.783114042888117,0.8588910657759846,NaN,0.6606974144276684,5.725940438506565
C5_satFanoutCaller_w2,?,baseline,LN,TS2,Task,1,24.781894335480047,0.999502670560474,NaN,4.338989415883317,5.711443831774139
C5_satFanoutCaller_w2,?,baseline,LN,ER,Entry,1,28.60397386791249,NaN,4.998432290496578,NaN,5.722589045028512
C5_satFanoutCaller_w2,?,baseline,LN,ES1,Entry,1,3.783114042888117,NaN,0.6606974144276684,NaN,5.725940438506565
C5_satFanoutCaller_w2,?,baseline,LN,ES2,Entry,1,24.781894335480047,NaN,4.338989415883317,NaN,5.711443831774139
C5_satFanoutCaller_w2,?,baseline,LN,AS1,Activity,1,3.79084481074056,0.8588910657759846,0.6620475451067188,0.6606974144276684,5.725940438506564
C5_satFanoutCaller_w2,?,baseline,LN,AS2,Activity,1,24.795591754505416,0.999502670560474,4.3413876569286325,4.338989415883317,5.7114438317741385
C5_satFanoutCaller_w2,?,baseline,LN,A0,Activity,1,32.006776582742,0.0,5.593058724101082,0.0,5.722589045028512
C5_satFanoutCaller_w3,?,baseline,LN,PR,Processor,1,NaN,0.0,NaN,NaN,NaN
C5_satFanoutCaller_w3,?,baseline,LN,PS1,Processor,1,NaN,0.7515553415220448,NaN,NaN,NaN
C5_satFanoutCaller_w3,?,baseline,LN,PS2,Processor,1,NaN,0.8781428318261306,NaN,NaN,NaN
C5_satFanoutCaller_w3,?,baseline,LN,PS3,Processor,1,NaN,0.999232407304424,NaN,NaN,NaN
C5_satFanoutCaller_w3,?,baseline,LN,R,RefTask,1,30.004461839072412,0.0,NaN,0.0,5.008750570414147
C5_satFanoutCaller_w3,?,baseline,LN,TS1,Task,1,2.995728588868298,0.7515553415220448,NaN,0.5979057875102121,5.0103689434803
C5_satFanoutCaller_w3,?,baseline,LN,TS2,Task,1,4.276058152241627,0.8781428318261306,NaN,0.8521508683116454,5.017959039006463
C5_satFanoutCaller_w3,?,baseline,LN,TS3,Task,1,22.68643973992157,0.999232407304424,NaN,4.540773412488004,4.996162036522121
C5_satFanoutCaller_w3,?,baseline,LN,ER,Entry,1,30.004461839072412,NaN,5.990408469589952,NaN,5.008750570414147
C5_satFanoutCaller_w3,?,baseline,LN,ES1,Entry,1,2.995728588868298,NaN,0.5979057875102121,NaN,5.0103689434803
C5_satFanoutCaller_w3,?,baseline,LN,ES2,Entry,1,4.276058152241627,NaN,0.8521508683116454,NaN,5.017959039006463
C5_satFanoutCaller_w3,?,baseline,LN,ES3,Entry,1,22.68643973992157,NaN,4.540773412488004,NaN,4.996162036522121
C5_satFanoutCaller_w3,?,baseline,LN,AS1,Activity,1,2.9957791881703386,0.7515553415220448,0.5979158864275995,0.5979057875102121,5.0103689434803
C5_satFanoutCaller_w3,?,baseline,LN,AS2,Activity,1,4.256765719271779,0.8781428318261306,0.848306191059424,0.8521508683116454,5.0179590390064615
C5_satFanoutCaller_w3,?,baseline,LN,AS3,Activity,1,22.722015437883005,0.999232407304424,4.547894017804921,4.540773412488004,4.99616203652212
C5_satFanoutCaller_w3,?,baseline,LN,A0,Activity,1,36.50265298140514,0.0,7.287776156596859,0.0,5.008750570414147
C5_satFanoutCaller_w4,?,baseline,LN,PR,Processor,1,NaN,0.0,NaN,NaN,NaN
C5_satFanoutCaller_w4,?,baseline,LN,PS1,Processor,1,NaN,0.6692184847323256,NaN,NaN,NaN
C5_satFanoutCaller_w4,?,baseline,LN,PS2,Processor,1,NaN,0.7798215178386615,NaN,NaN,NaN
C5_satFanoutCaller_w4,?,baseline,LN,PS3,Processor,1,NaN,0.8930626943395791,NaN,NaN,NaN
C5_satFanoutCaller_w4,?,baseline,LN,PS4,Processor,1,NaN,0.9988402213853294,NaN,NaN,NaN
C5_satFanoutCaller_w4,?,baseline,LN,R,RefTask,1,31.140760434439127,0.0,NaN,0.0,4.459510904715393
C5_satFanoutCaller_w4,?,baseline,LN,TS1,Task,1,2.676752750525676,0.6692184847323256,NaN,0.59997283658333,4.461456564882171
C5_satFanoutCaller_w4,?,baseline,LN,TS2,Task,1,3.18787562755765,0.7798215178386615,NaN,0.7153922045762384,4.456122959078067
C5_satFanoutCaller_w4,?,baseline,LN,TS3,Task,1,4.604573743584055,0.8930626943395791,NaN,1.031187121076453,4.465313471697896
C5_satFanoutCaller_w4,?,baseline,LN,TS4,Task,1,20.58843069844857,0.9988402213853294,NaN,4.6377757002276905,4.439289872823687
C5_satFanoutCaller_w4,?,baseline,LN,ER,Entry,1,31.140760434439127,NaN,6.982999055235304,NaN,4.459510904715393
C5_satFanoutCaller_w4,?,baseline,LN,ES1,Entry,1,2.676752750525676,NaN,0.59997283658333,NaN,4.461456564882171
C5_satFanoutCaller_w4,?,baseline,LN,ES2,Entry,1,3.18787562755765,NaN,0.7153922045762384,NaN,4.456122959078067
C5_satFanoutCaller_w4,?,baseline,LN,ES3,Entry,1,4.604573743584055,NaN,1.031187121076453,NaN,4.465313471697896
C5_satFanoutCaller_w4,?,baseline,LN,ES4,Entry,1,20.58843069844857,NaN,4.6377757002276905,NaN,4.439289872823687
C5_satFanoutCaller_w4,?,baseline,LN,AS1,Activity,1,2.6767556985711893,0.6692184847323256,0.5999734973642815,0.59997283658333,4.4614565648821705
C5_satFanoutCaller_w4,?,baseline,LN,AS2,Activity,1,3.2218077777595457,0.7798215178386615,0.7230069294196745,0.7153922045762384,4.4561229590780655
C5_satFanoutCaller_w4,?,baseline,LN,AS3,Activity,1,4.584385101339096,0.8930626943395791,1.0266659060771215,1.031187121076453,4.465313471697895
C5_satFanoutCaller_w4,?,baseline,LN,AS4,Activity,1,20.704220483697295,0.9988402213853294,4.663858652358743,4.6377757002276905,4.439289872823687
C5_satFanoutCaller_w4,?,baseline,LN,A0,Activity,1,37.344022415562826,0.0,8.374017513013822,0.0,4.459510904715394
C6_andForkPsHost,?,baseline,LN,PR,Processor,1,NaN,0.0,NaN,NaN,NaN
C6_andForkPsHost,?,baseline,LN,PS,Processor,1,NaN,0.9614988013298922,NaN,NaN,NaN
C6_andForkPsHost,?,baseline,LN,T1,RefTask,1,13.531216169642217,0.0,NaN,0.0,0.7343919078319946
C6_andForkPsHost,?,baseline,LN,T2,Task,1,17.71576617097083,0.9614988013298922,NaN,18.425061639891773,0.9615037668375959
C6_andForkPsHost,?,baseline,LN,E1,Entry,1,13.531216169642217,NaN,18.425061639891773,NaN,0.7343919078319946
C6_andForkPsHost,?,baseline,LN,E2,Entry,1,17.71576617097083,NaN,18.425061639891773,NaN,0.9615037668375959
C6_andForkPsHost,?,baseline,LN,A1,Activity,1,13.531216176986314,0.0,18.425061649892008,0.0,0.7343919078319948
C6_andForkPsHost,?,baseline,LN,A_fork,Activity,1,0.0,0.0,0.0,0.0,0.961503766837596
C6_andForkPsHost,?,baseline,LN,A_p1,Activity,1,8.857883085485414,0.48074940066494604,9.21257839659673,9.212530819945886,0.9614988013298921
C6_andForkPsHost,?,baseline,LN,A_p2,Activity,1,8.857883085485414,0.4807494006649461,9.212578396596728,9.212530819945886,0.9614988013298922
C6_andForkPsHost,?,baseline,LN,A_join,Activity,1,0.0,0.0,0.0,0.0,0.961503766837596
C7_deepChainMultiCall,?,baseline,LN,P1,Processor,1,NaN,0.0,NaN,NaN,NaN
C7_deepChainMultiCall,?,baseline,LN,P2,Processor,1,NaN,0.333334742893283,NaN,NaN,NaN
C7_deepChainMultiCall,?,baseline,LN,P3,Processor,1,NaN,1.0000042227205386,NaN,NaN,NaN
C7_deepChainMultiCall,?,baseline,LN,T1,RefTask,1,98.33332676304873,0.0,NaN,0.0,1.6666737216598282
C7_deepChainMultiCall,?,baseline,LN,T2,Task,1,98.33332652320215,0.333334742893283,NaN,0.2977817649749311,1.6666737144664154
C7_deepChainMultiCall,?,baseline,LN,T3,Task,1,97.83702108249562,1.0000042227205386,NaN,29.350982383752537,3.333347409068463
C7_deepChainMultiCall,?,baseline,LN,E1,Entry,1,98.33332676304873,NaN,58.99974631214518,NaN,1.6666737216598282
C7_deepChainMultiCall,?,baseline,LN,E2,Entry,1,98.33332652320215,NaN,58.99974642288248,NaN,1.6666737144664154
C7_deepChainMultiCall,?,baseline,LN,E3,Entry,1,97.83702108249562,NaN,29.350982383752537,NaN,3.333347409068463
C7_deepChainMultiCall,?,baseline,LN,A1,Activity,1,98.33332667233928,0.0,58.99974625771973,0.0,1.6666737216598286
C7_deepChainMultiCall,?,baseline,LN,A2,Activity,1,98.33332645281871,0.333334742893283,58.99974638065262,0.2977817649749311,1.6666737144664148
C7_deepChainMultiCall,?,baseline,LN,A3,Activity,1,97.83702106847072,1.0000042227205386,29.350982379545087,29.350982383752537,3.333347409068463
C7_deepChainAllExp,?,baseline,LN,P1,Processor,1,NaN,0.0,NaN,NaN,NaN
C7_deepChainAllExp,?,baseline,LN,P2,Processor,1,NaN,0.9962227701231687,NaN,NaN,NaN
C7_deepChainAllExp,?,baseline,LN,P3,Processor,1,NaN,0.9963592749736943,NaN,NaN,NaN
C7_deepChainAllExp,?,baseline,LN,P4,Processor,1,NaN,0.9989715998842332,NaN,NaN,NaN
C7_deepChainAllExp,?,baseline,LN,T1,RefTask,1,74.97691062446832,0.0,NaN,0.0,4.983370575343094
C7_deepChainAllExp,?,baseline,LN,T2,Task,1,74.93633842338312,0.9962227701231687,NaN,4.355349935890217,4.9811138506158406
C7_deepChainAllExp,?,baseline,LN,T3,Task,1,53.2404942283308,0.9963592749736943,NaN,4.405444212959226,4.98179637486847
C7_deepChainAllExp,?,baseline,LN,T4,Task,1,31.361738520969084,0.9989715998842332,NaN,6.278804827805608,4.994857999421167
C7_deepChainAllExp,?,baseline,LN,E1,Entry,1,74.97691062446832,NaN,15.045421465431822,NaN,4.983370575343094
C7_deepChainAllExp,?,baseline,LN,E2,Entry,1,74.93633842338312,NaN,15.044092681021207,NaN,4.9811138506158406
C7_deepChainAllExp,?,baseline,LN,E3,Entry,1,53.2404942283308,NaN,10.687007300601778,NaN,4.98179637486847
C7_deepChainAllExp,?,baseline,LN,E4,Entry,1,31.361738520969084,NaN,6.278804827805608,NaN,4.994857999421167
C7_deepChainAllExp,?,baseline,LN,A1,Activity,1,75.00048289681314,0.0,15.050151651956867,0.0,4.983370575343096
C7_deepChainAllExp,?,baseline,LN,A2,Activity,1,74.98906290166893,0.9962227701231687,15.054677558192653,4.355349935890217,4.981113850615843
C7_deepChainAllExp,?,baseline,LN,A3,Activity,1,53.329617377659524,0.9963592749736943,10.704897062170174,4.405444212959226,4.9817963748684715
C7_deepChainAllExp,?,baseline,LN,A4,Activity,1,31.41199466002983,0.9989715998842332,6.288866402942794,6.278804827805608,4.994857999421166
