fixture_name,partition,condition,solver,node_name,node_type,server_count,qlen,util,respt,residt,tput
A1_chain_d3_N50,A1,f20off,LN,P1,Processor,1,NaN,0.0,NaN,NaN,NaN
A1_chain_d3_N50,A1,f20off,LN,P2,Processor,1,NaN,0.0,NaN,NaN,NaN
A1_chain_d3_N50,A1,f20off,LN,P3,Processor,1,NaN,0.9999980447922918,NaN,NaN,NaN
A1_chain_d3_N50,A1,f20off,LN,T1,RefTask,1,48.27048030617352,0.0,NaN,0.0,5.03144365810491
A1_chain_d3_N50,A1,f20off,LN,T2,Task,1,47.69894250943829,0.0,NaN,0.0,4.992194876349318
A1_chain_d3_N50,A1,f20off,LN,T3,Task,1,47.65624607005701,0.9999980447922918,NaN,9.53126784961977,4.9999902239614595
A1_chain_d3_N50,A1,f20off,LN,E1,Entry,1,48.27048030617352,NaN,9.593763457614582,NaN,5.03144365810491
A1_chain_d3_N50,A1,f20off,LN,E2,Entry,1,47.69894250943829,NaN,9.554703630544061,NaN,4.992194876349318
A1_chain_d3_N50,A1,f20off,LN,E3,Entry,1,47.65624607005701,NaN,9.53126784961977,NaN,4.9999902239614595
A1_chain_d3_N50,A1,f20off,LN,AS1,Activity,1,48.27048036230874,0.0,9.59376346877146,0.0,5.031443658104911
A1_chain_d3_N50,A1,f20off,LN,AS2,Activity,1,47.698942565181014,0.0,9.554703641710034,0.0,4.992194876349319
A1_chain_d3_N50,A1,f20off,LN,AS3,Activity,1,47.53906722329394,0.9999980447922918,9.50783203444527,9.53126784961977,4.999990223961459
A1_chain_d5_N20,A1,f20off,LN,P1,Processor,1,NaN,0.0,NaN,NaN,NaN
A1_chain_d5_N20,A1,f20off,LN,P2,Processor,1,NaN,0.0,NaN,NaN,NaN
A1_chain_d5_N20,A1,f20off,LN,P3,Processor,1,NaN,0.0,NaN,NaN,NaN
A1_chain_d5_N20,A1,f20off,LN,P4,Processor,1,NaN,0.0,NaN,NaN,NaN
A1_chain_d5_N20,A1,f20off,LN,P5,Processor,1,NaN,0.9999999995995307,NaN,NaN,NaN
A1_chain_d5_N20,A1,f20off,LN,T1,RefTask,1,17.328469832852317,0.0,NaN,0.0,4.918569356498743
A1_chain_d5_N20,A1,f20off,LN,T2,Task,1,17.377748979542094,0.0,NaN,0.0,4.944807133041008
A1_chain_d5_N20,A1,f20off,LN,T3,Task,1,17.41555908332608,0.0,NaN,0.0,4.96341028784121
A1_chain_d5_N20,A1,f20off,LN,T4,Task,1,17.443676122651954,0.0,NaN,0.0,4.976346888131593
A1_chain_d5_N20,A1,f20off,LN,T5,Task,1,17.51590663396857,0.9999999995995307,NaN,3.50318132819663,4.999999997997654
A1_chain_d5_N20,A1,f20off,LN,E1,Entry,1,17.328469832852317,NaN,3.523071156851084,NaN,4.918569356498743
A1_chain_d5_N20,A1,f20off,LN,E2,Entry,1,17.377748979542094,NaN,3.5143431304781645,NaN,4.944807133041008
A1_chain_d5_N20,A1,f20off,LN,E3,Entry,1,17.41555908332608,NaN,3.508788932075333,NaN,4.96341028784121
A1_chain_d5_N20,A1,f20off,LN,E4,Entry,1,17.443676122651954,NaN,3.505317558198061,NaN,4.976346888131593
A1_chain_d5_N20,A1,f20off,LN,E5,Entry,1,17.51590663396857,NaN,3.50318132819663,NaN,4.999999997997654
A1_chain_d5_N20,A1,f20off,LN,AS1,Activity,1,17.328469882038018,0.0,3.523071166851084,0.0,4.918569356498745
A1_chain_d5_N20,A1,f20off,LN,AS2,Activity,1,17.377749028990166,0.0,3.514343140478164,0.0,4.944807133041009
A1_chain_d5_N20,A1,f20off,LN,AS3,Activity,1,17.41555913296019,0.0,3.508788942075333,0.0,4.963410287841212
A1_chain_d5_N20,A1,f20off,LN,AS4,Activity,1,17.44367617241543,0.0,3.505317568198061,0.0,4.976346888131594
A1_chain_d5_N20,A1,f20off,LN,AS5,Activity,1,17.505225483965692,0.9999999995995307,3.5010450981951995,3.50318132819663,4.999999997997653
A1_chain_d5_N50,A1,f20off,LN,P1,Processor,1,NaN,0.0,NaN,NaN,NaN
A1_chain_d5_N50,A1,f20off,LN,P2,Processor,1,NaN,0.0,NaN,NaN,NaN
A1_chain_d5_N50,A1,f20off,LN,P3,Processor,1,NaN,0.0,NaN,NaN,NaN
A1_chain_d5_N50,A1,f20off,LN,P4,Processor,1,NaN,0.0,NaN,NaN,NaN
A1_chain_d5_N50,A1,f20off,LN,P5,Processor,1,NaN,0.99999822463804,NaN,NaN,NaN
A1_chain_d5_N50,A1,f20off,LN,T1,RefTask,1,47.290660286753244,0.0,NaN,0.0,4.850322582667968
A1_chain_d5_N50,A1,f20off,LN,T2,Task,1,47.092941227030586,0.0,NaN,0.0,4.8641453971705975
A1_chain_d5_N50,A1,f20off,LN,T3,Task,1,47.052678382484935,0.0,NaN,0.0,4.887592905232186
A1_chain_d5_N50,A1,f20off,LN,T4,Task,1,47.11306202697272,0.0,NaN,0.0,4.914803270652472
A1_chain_d5_N50,A1,f20off,LN,T5,Task,1,47.78319563497766,0.99999822463804,NaN,9.556656093519223,4.999991123190201
A1_chain_d5_N50,A1,f20off,LN,E1,Entry,1,47.290660286753244,NaN,9.750003114378538,NaN,4.850322582667968
A1_chain_d5_N50,A1,f20off,LN,E2,Entry,1,47.092941227030586,NaN,9.681647521150142,NaN,4.8641453971705975
A1_chain_d5_N50,A1,f20off,LN,E3,Entry,1,47.052678382484935,NaN,9.626963475643578,NaN,4.887592905232186
A1_chain_d5_N50,A1,f20off,LN,E4,Entry,1,47.11306202697272,NaN,9.58595073546416,NaN,4.914803270652472
A1_chain_d5_N50,A1,f20off,LN,E5,Entry,1,47.78319563497766,NaN,9.556656093519223,NaN,4.999991123190201
A1_chain_d5_N50,A1,f20off,LN,AS1,Activity,1,47.29066034107725,0.0,9.750003125578615,0.0,4.85032258266797
A1_chain_d5_N50,A1,f20off,LN,AS2,Activity,1,47.09294128149283,0.0,9.68164753234681,0.0,4.864145397170599
A1_chain_d5_N50,A1,f20off,LN,AS3,Activity,1,47.05267843718164,0.0,9.626963486834505,0.0,4.887592905232187
A1_chain_d5_N50,A1,f20off,LN,AS4,Activity,1,47.113062081941536,0.0,9.585950746648493,0.0,4.914803270652474
A1_chain_d5_N50,A1,f20off,LN,AS5,Activity,1,47.636722513480585,0.99999822463804,9.527361417211157,9.556656093519223,4.9999911231902
A1_chain_d5_N100,A1,f20off,LN,P1,Processor,1,NaN,0.0,NaN,NaN,NaN
A1_chain_d5_N100,A1,f20off,LN,P2,Processor,1,NaN,0.0,NaN,NaN,NaN
A1_chain_d5_N100,A1,f20off,LN,P3,Processor,1,NaN,0.0,NaN,NaN,NaN
A1_chain_d5_N100,A1,f20off,LN,P4,Processor,1,NaN,0.0,NaN,NaN,NaN
A1_chain_d5_N100,A1,f20off,LN,P5,Processor,1,NaN,1.000000027257493,NaN,NaN,NaN
A1_chain_d5_N100,A1,f20off,LN,T1,RefTask,1,100.23603409004451,0.0,NaN,0.0,5.035405688455604
A1_chain_d5_N100,A1,f20off,LN,T2,Task,1,98.48661235498865,0.0,NaN,0.0,4.967016386018906
A1_chain_d5_N100,A1,f20off,LN,T3,Task,1,97.63445102614745,0.0,NaN,0.0,4.943516906050296
A1_chain_d5_N100,A1,f20off,LN,T4,Task,1,97.32470696983346,0.0,NaN,0.0,4.944949200448551
A1_chain_d5_N100,A1,f20off,LN,T5,Task,1,98.13476389025828,1.000000027257493,NaN,19.626952243070143,5.000000136287465
A1_chain_d5_N100,A1,f20off,LN,E1,Entry,1,100.23603409004451,NaN,19.90624793546429,NaN,5.035405688455604
A1_chain_d5_N100,A1,f20off,LN,E2,Entry,1,98.48661235498865,NaN,19.82812310267538,NaN,4.967016386018906
A1_chain_d5_N100,A1,f20off,LN,E3,Entry,1,97.63445102614745,NaN,19.749998408350564,NaN,4.943516906050296
A1_chain_d5_N100,A1,f20off,LN,E4,Entry,1,97.32470696983346,NaN,19.681639390957795,NaN,4.944949200448551
A1_chain_d5_N100,A1,f20off,LN,E5,Entry,1,98.13476389025828,NaN,19.626952243070143,NaN,5.000000136287465
A1_chain_d5_N100,A1,f20off,LN,AS1,Activity,1,100.23603414621938,0.0,19.906247946620258,0.0,5.035405688455606
A1_chain_d5_N100,A1,f20off,LN,AS2,Activity,1,98.48661241047961,0.0,19.828123113847266,0.0,4.967016386018908
A1_chain_d5_N100,A1,f20off,LN,AS3,Activity,1,97.63445108140343,0.0,19.74999841952802,0.0,4.943516906050298
A1_chain_d5_N100,A1,f20off,LN,AS4,Activity,1,97.32470702510373,0.0,19.68163940213491,0.0,4.944949200448552
A1_chain_d5_N100,A1,f20off,LN,AS5,Activity,1,97.86132796065974,1.000000027257493,19.572265058641072,19.626952243070143,5.000000136287464
A1_chain_d8_N50,A1,f20off,LN,P1,Processor,1,NaN,0.0,NaN,NaN,NaN
A1_chain_d8_N50,A1,f20off,LN,P2,Processor,1,NaN,0.0,NaN,NaN,NaN
A1_chain_d8_N50,A1,f20off,LN,P3,Processor,1,NaN,0.0,NaN,NaN,NaN
A1_chain_d8_N50,A1,f20off,LN,P4,Processor,1,NaN,0.0,NaN,NaN,NaN
A1_chain_d8_N50,A1,f20off,LN,P5,Processor,1,NaN,0.0,NaN,NaN,NaN
A1_chain_d8_N50,A1,f20off,LN,P6,Processor,1,NaN,0.0,NaN,NaN,NaN
A1_chain_d8_N50,A1,f20off,LN,P7,Processor,1,NaN,0.0,NaN,NaN,NaN
A1_chain_d8_N50,A1,f20off,LN,P8,Processor,1,NaN,0.9999981202408146,NaN,NaN,NaN
A1_chain_d8_N50,A1,f20off,LN,T1,RefTask,1,47.08547132838732,0.0,NaN,0.0,4.82927787140778
A1_chain_d8_N50,A1,f20off,LN,T2,Task,1,47.067872050613964,0.0,NaN,0.0,4.8535401837183585
A1_chain_d8_N50,A1,f20off,LN,T3,Task,1,47.083429821556216,0.0,NaN,0.0,4.878192921689128
A1_chain_d8_N50,A1,f20off,LN,T4,Task,1,47.122249378470215,0.0,NaN,0.0,4.9016056406461015
A1_chain_d8_N50,A1,f20off,LN,T5,Task,1,47.174734880512446,0.0,NaN,0.0,4.922706266601224
A1_chain_d8_N50,A1,f20off,LN,T6,Task,1,47.23515670051839,0.0,NaN,0.0,4.941181616334362
A1_chain_d8_N50,A1,f20off,LN,T7,Task,1,47.30675266665796,0.0,NaN,0.0,4.957852231931849
A1_chain_d8_N50,A1,f20off,LN,T8,Task,1,47.644145904367534,0.9999981202408146,NaN,9.528847092811354,4.999990601204074
A1_chain_d8_N50,A1,f20off,LN,E1,Entry,1,47.08547132838732,NaN,9.750002501856756,NaN,4.82927787140778
A1_chain_d8_N50,A1,f20off,LN,E2,Entry,1,47.067872050613964,NaN,9.69763724394565,NaN,4.8535401837183585
A1_chain_d8_N50,A1,f20off,LN,E3,Entry,1,47.083429821556216,NaN,9.651817912370111,NaN,4.878192921689128
A1_chain_d8_N50,A1,f20off,LN,E4,Entry,1,47.122249378470215,NaN,9.613635374440044,NaN,4.9016056406461015
A1_chain_d8_N50,A1,f20off,LN,E5,Entry,1,47.174734880512446,NaN,9.583089529549206,NaN,4.922706266601224
A1_chain_d8_N50,A1,f20off,LN,E6,Entry,1,47.23515670051839,NaN,9.559486043656094,NaN,4.941181616334362
A1_chain_d8_N50,A1,f20off,LN,E7,Entry,1,47.30675266665796,NaN,9.541783508990278,NaN,4.957852231931849
A1_chain_d8_N50,A1,f20off,LN,E8,Entry,1,47.644145904367534,NaN,9.528847092811354,NaN,4.999990601204074
A1_chain_d8_N50,A1,f20off,LN,AS1,Activity,1,47.08547138250088,0.0,9.750002513062062,0.0,4.829277871407782
A1_chain_d8_N50,A1,f20off,LN,AS2,Activity,1,47.06787210497014,0.0,9.697637255144933,0.0,4.853540183718359
A1_chain_d8_N50,A1,f20off,LN,AS3,Activity,1,47.08342987615893,0.0,9.651817923563334,0.0,4.87819292168913
A1_chain_d8_N50,A1,f20off,LN,AS4,Activity,1,47.122249433307054,0.0,9.613635385627566,0.0,4.901605640646103
A1_chain_d8_N50,A1,f20off,LN,AS5,Activity,1,47.174734935560295,0.0,9.583089540731638,0.0,4.922706266601225
A1_chain_d8_N50,A1,f20off,LN,AS6,Activity,1,47.23515675575098,0.0,9.559486054834105,0.0,4.9411816163343625
A1_chain_d8_N50,A1,f20off,LN,AS7,Activity,1,47.306752722057254,0.0,9.541783520164328,0.0,4.95785223193185
A1_chain_d8_N50,A1,f20off,LN,AS8,Activity,1,47.57946377403779,0.9999981202408146,9.515910642427997,9.528847092811354,4.999990601204073
A2_multiclassA_2refs_loadLow_N20,A2,f20off,LN,PR,Processor,1,NaN,0.0,NaN,NaN,NaN
A2_multiclassA_2refs_loadLow_N20,A2,f20off,LN,PS,Processor,1,NaN,1.0001063900185174,NaN,NaN,NaN
A2_multiclassA_2refs_loadLow_N20,A2,f20off,LN,R1,RefTask,1,18.709030829550805,0.0,NaN,0.0,1.032336012844806
A2_multiclassA_2refs_loadLow_N20,A2,f20off,LN,R2,RefTask,1,18.70903082955082,0.0,NaN,0.0,1.0323360128448063
A2_multiclassA_2refs_loadLow_N20,A2,f20off,LN,TS,Task,1,36.12472061275393,1.0001063900185174,NaN,18.060438855952643,2.0002127800370353
A2_multiclassA_2refs_loadLow_N20,A2,f20off,LN,ER1,Entry,1,18.709030829550805,NaN,18.123005103730105,NaN,1.032336012844806
A2_multiclassA_2refs_loadLow_N20,A2,f20off,LN,ER2,Entry,1,18.70903082955082,NaN,18.12300510373011,NaN,1.0323360128448063
A2_multiclassA_2refs_loadLow_N20,A2,f20off,LN,ES1,Entry,1,18.062360306376963,NaN,18.06043885595265,NaN,1.0001063900185172
A2_multiclassA_2refs_loadLow_N20,A2,f20off,LN,ES2,Entry,1,18.06236030637697,NaN,18.060438855952643,NaN,1.0001063900185179
A2_multiclassA_2refs_loadLow_N20,A2,f20off,LN,A1,Activity,1,18.709030849187396,0.0,18.12300512275161,0.0,1.0323360128448063
A2_multiclassA_2refs_loadLow_N20,A2,f20off,LN,A2,Activity,1,18.709030849187407,0.0,18.123005122751618,0.0,1.0323360128448065
A2_multiclassA_2refs_loadLow_N20,A2,f20off,LN,AS1,Activity,1,17.9997871615363,0.5000531950092585,17.99787236756185,9.03021942797632,1.000106390018517
A2_multiclassA_2refs_loadLow_N20,A2,f20off,LN,AS2,Activity,1,17.999787161536315,0.5000531950092589,17.997872367561847,9.030219427976323,1.0001063900185179
A2_multiclassA_2refs_loadHigh_N20,A2,f20off,LN,PR,Processor,1,NaN,0.0,NaN,NaN,NaN
A2_multiclassA_2refs_loadHigh_N20,A2,f20off,LN,PS,Processor,1,NaN,1.0000399935821673,NaN,NaN,NaN
A2_multiclassA_2refs_loadHigh_N20,A2,f20off,LN,R1,RefTask,1,21.775404318439513,0.0,NaN,0.0,0.3738401638066473
A2_multiclassA_2refs_loadHigh_N20,A2,f20off,LN,R2,RefTask,1,21.775404318439517,0.0,NaN,0.0,0.3738401638066474
A2_multiclassA_2refs_loadHigh_N20,A2,f20off,LN,TS,Task,1,38.75004993844157,1.0000399935821673,NaN,58.12275037066961,0.6666933290547783
A2_multiclassA_2refs_loadHigh_N20,A2,f20off,LN,ER1,Entry,1,21.775404318439513,NaN,58.24789957480839,NaN,0.3738401638066473
A2_multiclassA_2refs_loadHigh_N20,A2,f20off,LN,ER2,Entry,1,21.775404318439517,NaN,58.24789957480839,NaN,0.3738401638066474
A2_multiclassA_2refs_loadHigh_N20,A2,f20off,LN,ES1,Entry,1,19.37502496922078,NaN,58.12275037066963,NaN,0.333346664527389
A2_multiclassA_2refs_loadHigh_N20,A2,f20off,LN,ES2,Entry,1,19.37502496922079,NaN,58.12275037066961,NaN,0.3333466645273892
A2_multiclassA_2refs_loadHigh_N20,A2,f20off,LN,A1,Activity,1,21.775404331491146,0.0,58.24789960972071,0.0,0.3738401638066474
A2_multiclassA_2refs_loadHigh_N20,A2,f20off,LN,A2,Activity,1,21.775404331491156,0.0,58.24789960972071,0.0,0.3738401638066476
A2_multiclassA_2refs_loadHigh_N20,A2,f20off,LN,AS1,Activity,1,19.333306640801528,0.5000199967910834,57.997600390607886,29.061375185334796,0.3333466645273889
A2_multiclassA_2refs_loadHigh_N20,A2,f20off,LN,AS2,Activity,1,19.333306640801542,0.5000199967910839,57.99760039060787,29.06137518533481,0.33334666452738926
A2_multiclassA_2refs_loadLow_N50,A2,f20off,LN,PR,Processor,1,NaN,0.0,NaN,NaN,NaN
A2_multiclassA_2refs_loadLow_N50,A2,f20off,LN,PS,Processor,1,NaN,1.0000076303201215,NaN,NaN,NaN
A2_multiclassA_2refs_loadLow_N50,A2,f20off,LN,R1,RefTask,1,53.91047128266388,0.0,NaN,0.0,1.1173232024495139
A2_multiclassA_2refs_loadLow_N50,A2,f20off,LN,R2,RefTask,1,53.91047128266389,0.0,NaN,0.0,1.1173232024495139
A2_multiclassA_2refs_loadLow_N50,A2,f20off,LN,TS,Task,1,96.25001897679888,1.0000076303201215,NaN,48.12464228197309,2.0000152606402435
A2_multiclassA_2refs_loadLow_N50,A2,f20off,LN,ER1,Entry,1,53.91047128266388,NaN,48.24966595563007,NaN,1.1173232024495139
A2_multiclassA_2refs_loadLow_N50,A2,f20off,LN,ER2,Entry,1,53.91047128266389,NaN,48.249665955630086,NaN,1.1173232024495139
A2_multiclassA_2refs_loadLow_N50,A2,f20off,LN,ES1,Entry,1,48.12500948839942,NaN,48.12464228197309,NaN,1.0000076303201213
A2_multiclassA_2refs_loadLow_N50,A2,f20off,LN,ES2,Entry,1,48.12500948839946,NaN,48.124642281973095,NaN,1.000007630320122
A2_multiclassA_2refs_loadLow_N50,A2,f20off,LN,A1,Activity,1,53.910471299657885,0.0,48.24966597083964,0.0,1.117323202449514
A2_multiclassA_2refs_loadLow_N50,A2,f20off,LN,A2,Activity,1,53.9104712996579,0.0,48.24966597083965,0.0,1.117323202449514
A2_multiclassA_2refs_loadLow_N50,A2,f20off,LN,AS1,Activity,1,47.99998468774476,0.5000038151600605,47.99961843529041,24.062321140986533,1.000007630320121
A2_multiclassA_2refs_loadLow_N50,A2,f20off,LN,AS2,Activity,1,47.9999846877448,0.500003815160061,47.99961843529041,24.062321140986555,1.000007630320122
A2_multiclassA_2refs_loadHigh_N50,A2,f20off,LN,PR,Processor,1,NaN,0.0,NaN,NaN,NaN
A2_multiclassA_2refs_loadHigh_N50,A2,f20off,LN,PS,Processor,1,NaN,1.0000026283346297,NaN,NaN,NaN
A2_multiclassA_2refs_loadHigh_N50,A2,f20off,LN,R1,RefTask,1,65.13150553120471,0.0,NaN,0.0,0.4385968718777479
A2_multiclassA_2refs_loadHigh_N50,A2,f20off,LN,R2,RefTask,1,65.13150553120474,0.0,NaN,0.0,0.43859687187774804
A2_multiclassA_2refs_loadHigh_N50,A2,f20off,LN,TS,Task,1,98.83336308181322,1.0000026283346297,NaN,148.2496549730178,0.6666684188897533
A2_multiclassA_2refs_loadHigh_N50,A2,f20off,LN,ER1,Entry,1,65.13150553120471,NaN,148.499703731036,NaN,0.4385968718777479
A2_multiclassA_2refs_loadHigh_N50,A2,f20off,LN,ER2,Entry,1,65.13150553120474,NaN,148.499703731036,NaN,0.43859687187774804
A2_multiclassA_2refs_loadHigh_N50,A2,f20off,LN,ES1,Entry,1,49.41668154090659,NaN,148.2496549730178,NaN,0.33333420944487646
A2_multiclassA_2refs_loadHigh_N50,A2,f20off,LN,ES2,Entry,1,49.41668154090662,NaN,148.2496549730178,NaN,0.3333342094448767
A2_multiclassA_2refs_loadHigh_N50,A2,f20off,LN,A1,Activity,1,65.13150554141147,0.0,148.49970375430732,0.0,0.43859687187774804
A2_multiclassA_2refs_loadHigh_N50,A2,f20off,LN,A2,Activity,1,65.13150554141149,0.0,148.49970375430732,0.0,0.4385968718777482
A2_multiclassA_2refs_loadHigh_N50,A2,f20off,LN,AS1,Activity,1,49.333331558141204,0.5000013141673146,147.9996056819349,74.12482748650888,0.3333342094448764
A2_multiclassA_2refs_loadHigh_N50,A2,f20off,LN,AS2,Activity,1,49.333331558141246,0.5000013141673151,147.99960568193487,74.12482748650892,0.33333420944487674
A2_multiclassB_2refs_demands_3to1_N20,A2,f20off,LN,PR,Processor,1,NaN,0.0,NaN,NaN,NaN
A2_multiclassB_2refs_demands_3to1_N20,A2,f20off,LN,PS,Processor,1,NaN,1.000075049430567,NaN,NaN,NaN
A2_multiclassB_2refs_demands_3to1_N20,A2,f20off,LN,R1,RefTask,1,19.07882070465425,0.0,NaN,0.0,0.34074889193095476
A2_multiclassB_2refs_demands_3to1_N20,A2,f20off,LN,R2,RefTask,1,18.132565031713906,0.0,NaN,0.0,0.9700650089792566
A2_multiclassB_2refs_demands_3to1_N20,A2,f20off,LN,TS,Task,1,37.4256952427786,1.000075049430567,NaN,28.397034942318818,1.3179437683828312
A2_multiclassB_2refs_demands_3to1_N20,A2,f20off,LN,ER1,Entry,1,19.07882070465425,NaN,55.99085178689342,NaN,0.34074889193095476
A2_multiclassB_2refs_demands_3to1_N20,A2,f20off,LN,ER2,Entry,1,18.132565031713906,NaN,18.692113274752334,NaN,0.9700650089792566
A2_multiclassB_2refs_demands_3to1_N20,A2,f20off,LN,ES1,Entry,1,19.20450231302773,NaN,56.30115539843568,NaN,0.34110316523915113
A2_multiclassB_2refs_demands_3to1_N20,A2,f20off,LN,ES2,Entry,1,18.221192929750867,NaN,18.653189549155925,NaN,0.9768406031436802
A2_multiclassB_2refs_demands_3to1_N20,A2,f20off,LN,A1,Activity,1,19.078820717374974,0.0,55.99085182422506,0.0,0.34074889193095487
A2_multiclassB_2refs_demands_3to1_N20,A2,f20off,LN,A2,Activity,1,18.132565050727788,0.0,18.692113294352954,0.0,0.9700650089792571
A2_multiclassB_2refs_demands_3to1_N20,A2,f20off,LN,AS1,Activity,1,19.11609084372438,0.5116547478587272,56.04196264294956,14.571564260736565,0.3411031652391515
A2_multiclassB_2refs_demands_3to1_N20,A2,f20off,LN,AS2,Activity,1,18.248021529831465,0.48842030157183974,18.68065421431652,13.825470681582255,0.9768406031436795
A2_multiclassB_2refs_demands_5to1_N20,A2,f20off,LN,PR,Processor,1,NaN,0.0,NaN,NaN,NaN
A2_multiclassB_2refs_demands_5to1_N20,A2,f20off,LN,PS,Processor,1,NaN,1.0000677793722397,NaN,NaN,NaN
A2_multiclassB_2refs_demands_5to1_N20,A2,f20off,LN,R1,RefTask,1,19.17156805795132,0.0,NaN,0.0,0.20582414828895335
A2_multiclassB_2refs_demands_5to1_N20,A2,f20off,LN,R2,RefTask,1,18.157856287980984,0.0,NaN,0.0,0.9623367884220013
A2_multiclassB_2refs_demands_5to1_N20,A2,f20off,LN,TS,Task,1,37.66523122241433,1.0000677793722397,NaN,32.09600741305138,1.1735176508931857
A2_multiclassB_2refs_demands_5to1_N20,A2,f20off,LN,ER1,Entry,1,19.17156805795132,NaN,93.14537782533006,NaN,0.20582414828895335
A2_multiclassB_2refs_demands_5to1_N20,A2,f20off,LN,ER2,Entry,1,18.157856287980984,NaN,18.86850477550116,NaN,0.9623367884220013
A2_multiclassB_2refs_demands_5to1_N20,A2,f20off,LN,ES1,Entry,1,19.466439582167567,NaN,94.19800561915486,NaN,0.20665447696282363
A2_multiclassB_2refs_demands_5to1_N20,A2,f20off,LN,ES2,Entry,1,18.19879164024676,NaN,18.822509876208738,NaN,0.9668631739303617
A2_multiclassB_2refs_demands_5to1_N20,A2,f20off,LN,A1,Activity,1,19.171568069322795,0.0,93.14537788057852,0.0,0.2058241482889534
A2_multiclassB_2refs_demands_5to1_N20,A2,f20off,LN,A2,Activity,1,18.157856306917587,0.0,18.868504795178882,0.0,0.9623367884220018
A2_multiclassB_2refs_demands_5to1_N20,A2,f20off,LN,AS1,Activity,1,19.451565856267887,0.5166361924070589,94.1260317325095,16.5881097462414,0.2066544769628236
A2_multiclassB_2refs_demands_5to1_N20,A2,f20off,LN,AS2,Activity,1,18.201398758072816,0.4834315869651808,18.825206346501904,15.507897666809978,0.9668631739303616
A2_multiclassB_2refs_demands_3to1_N50,A2,f20off,LN,PR,Processor,1,NaN,0.0,NaN,NaN,NaN
A2_multiclassB_2refs_demands_3to1_N50,A2,f20off,LN,PS,Processor,1,NaN,1.0000051724108645,NaN,NaN,NaN
A2_multiclassB_2refs_demands_3to1_N50,A2,f20off,LN,R1,RefTask,1,48.5936532923229,0.0,NaN,0.0,0.3334039990681378
A2_multiclassB_2refs_demands_3to1_N50,A2,f20off,LN,R2,RefTask,1,48.25316781861697,0.0,NaN,0.0,0.9907731552978257
A2_multiclassB_2refs_demands_3to1_N50,A2,f20off,LN,TS,Task,1,97.53809886043129,1.0000051724108645,NaN,73.18201482435586,1.3328151608633962
A2_multiclassB_2refs_demands_3to1_N50,A2,f20off,LN,ER1,Entry,1,48.5936532923229,NaN,145.75006127143607,NaN,0.3334039990681378
A2_multiclassB_2refs_demands_3to1_N50,A2,f20off,LN,ER2,Entry,1,48.25316781861697,NaN,48.70253857868414,NaN,0.9907731552978257
A2_multiclassB_2refs_demands_3to1_N50,A2,f20off,LN,ES1,Entry,1,49.00575650018492,NaN,146.90081007312952,NaN,0.3335975919791667
A2_multiclassB_2refs_demands_3to1_N50,A2,f20off,LN,ES2,Entry,1,48.532342360246375,NaN,48.570345309720416,NaN,0.9992175688842295
A2_multiclassB_2refs_demands_3to1_N50,A2,f20off,LN,A1,Activity,1,48.593653301477715,0.0,145.75006129889465,0.0,0.3334039990681379
A2_multiclassB_2refs_demands_3to1_N50,A2,f20off,LN,A2,Activity,1,48.25316783434548,0.0,48.702538594559115,0.0,0.9907731552978261
A2_multiclassB_2refs_demands_3to1_N50,A2,f20off,LN,AS1,Activity,1,48.70551504894426,0.50039638796875,146.00079922635035,36.76860673496469,0.33359759197916666
A2_multiclassB_2refs_demands_3to1_N50,A2,f20off,LN,AS2,Activity,1,48.62885455270274,0.49960878444211454,48.66693307545012,36.41340808939116,0.9992175688842291
A2_multiclassB_2refs_demands_5to1_N50,A2,f20off,LN,PR,Processor,1,NaN,0.0,NaN,NaN,NaN
A2_multiclassB_2refs_demands_5to1_N50,A2,f20off,LN,PS,Processor,1,NaN,1.0000046490687033,NaN,NaN,NaN
A2_multiclassB_2refs_demands_5to1_N50,A2,f20off,LN,R1,RefTask,1,48.36737323234212,0.0,NaN,0.0,0.2006548725515221
A2_multiclassB_2refs_demands_5to1_N50,A2,f20off,LN,R2,RefTask,1,48.27005583121523,0.0,NaN,0.0,0.9864929094621451
A2_multiclassB_2refs_demands_5to1_N50,A2,f20off,LN,TS,Task,1,97.67675167256468,1.0000046490687033,NaN,81.81274816599496,1.1939062537586715
A2_multiclassB_2refs_demands_5to1_N50,A2,f20off,LN,ER1,Entry,1,48.36737323234212,NaN,241.0475889137596,NaN,0.2006548725515221
A2_multiclassB_2refs_demands_5to1_N50,A2,f20off,LN,ER2,Entry,1,48.27005583121523,NaN,48.930970885064944,NaN,0.9864929094621451
A2_multiclassB_2refs_demands_5to1_N50,A2,f20off,LN,ES1,Entry,1,49.257842508645,NaN,244.4245452347006,NaN,0.2015257610946838
A2_multiclassB_2refs_demands_5to1_N50,A2,f20off,LN,ES2,Entry,1,48.41890916391967,NaN,48.790670032158665,NaN,0.9923804926639876
A2_multiclassB_2refs_demands_5to1_N50,A2,f20off,LN,A1,Activity,1,48.36737324016946,0.0,241.04758895276845,0.0,0.20065487255152217
A2_multiclassB_2refs_demands_5to1_N50,A2,f20off,LN,A2,Activity,1,48.270055846900945,0.0,48.930970900965406,0.0,0.9864929094621455
A2_multiclassB_2refs_demands_5to1_N50,A2,f20off,LN,AS1,Activity,1,49.17819727273441,0.5038144027367095,244.02933404443903,41.2577137891445,0.20152576109468381
A2_multiclassB_2refs_demands_5to1_N50,A2,f20off,LN,AS2,Activity,1,48.43399014869704,0.4961902463319938,48.80586680888781,40.55503437685046,0.9923804926639876
A2_multiclassC_2refs_think_2to1_N20,A2,f20off,LN,PR,Processor,1,NaN,0.0,NaN,NaN,NaN
A2_multiclassC_2refs_think_2to1_N20,A2,f20off,LN,PS,Processor,1,NaN,1.000083376561717,NaN,NaN,NaN
A2_multiclassC_2refs_think_2to1_N20,A2,f20off,LN,R1,RefTask,1,17.91939712311193,0.0,NaN,0.0,0.4867280167472212
A2_multiclassC_2refs_think_2to1_N20,A2,f20off,LN,R2,RefTask,1,19.105178933966588,0.0,NaN,0.0,0.5132640598988821
A2_multiclassC_2refs_think_2to1_N20,A2,f20off,LN,TS,Task,1,37.02638116236455,1.000083376561717,NaN,37.02329428738342,1.0000833765617172
A2_multiclassC_2refs_think_2to1_N20,A2,f20off,LN,ER1,Entry,1,17.91939712311193,NaN,36.816037923738925,NaN,0.4867280167472212
A2_multiclassC_2refs_think_2to1_N20,A2,f20off,LN,ER2,Entry,1,19.105178933966588,NaN,37.22290420593737,NaN,0.5132640598988821
A2_multiclassC_2refs_think_2to1_N20,A2,f20off,LN,ES1,Entry,1,18.0219035131244,NaN,37.09232138357591,NaN,0.48586615344879197
A2_multiclassC_2refs_think_2to1_N20,A2,f20off,LN,ES2,Entry,1,19.00447764924015,NaN,36.95807296028016,NaN,0.5142172231129252
A2_multiclassC_2refs_think_2to1_N20,A2,f20off,LN,A1,Activity,1,17.919397137292442,0.0,36.81603795287328,0.0,0.4867280167472214
A2_multiclassC_2refs_think_2to1_N20,A2,f20off,LN,A2,Activity,1,19.10517894841246,0.0,37.22290423408246,0.0,0.5132640598988822
A2_multiclassC_2refs_think_2to1_N20,A2,f20off,LN,AS1,Activity,1,17.988321915467573,0.48586615344879186,37.023204410890216,18.020401034045417,0.48586615344879186
A2_multiclassC_2refs_think_2to1_N20,A2,f20off,LN,AS2,Activity,1,19.037969362910168,0.5142172231129252,37.023204410890216,19.00289325333801,0.5142172231129252
A2_multiclassC_2refs_think_4to1_N20,A2,f20off,LN,PR,Processor,1,NaN,0.0,NaN,NaN,NaN
A2_multiclassC_2refs_think_4to1_N20,A2,f20off,LN,PS,Processor,1,NaN,1.0001211746345477,NaN,NaN,NaN
A2_multiclassC_2refs_think_4to1_N20,A2,f20off,LN,R1,RefTask,1,16.212450052662806,0.0,NaN,0.0,0.4626662464153566
A2_multiclassC_2refs_think_4to1_N20,A2,f20off,LN,R2,RefTask,1,19.003023096294612,0.0,NaN,0.0,0.5371773417508394
A2_multiclassC_2refs_think_4to1_N20,A2,f20off,LN,TS,Task,1,35.22355189702667,1.0001211746345477,NaN,35.21928421313309,1.0001211746345482
A2_multiclassC_2refs_think_4to1_N20,A2,f20off,LN,ER1,Entry,1,16.212450052662806,NaN,35.0413503865336,NaN,0.4626662464153566
A2_multiclassC_2refs_think_4to1_N20,A2,f20off,LN,ER2,Entry,1,19.003023096294612,NaN,35.37569740815472,NaN,0.5371773417508394
A2_multiclassC_2refs_think_4to1_N20,A2,f20off,LN,ES1,Entry,1,16.299327797839936,NaN,35.29695935676505,NaN,0.4617771075716184
A2_multiclassC_2refs_think_4to1_N20,A2,f20off,LN,ES2,Entry,1,18.924224099186734,NaN,35.152656557417956,NaN,0.5383440670629294
A2_multiclassC_2refs_think_4to1_N20,A2,f20off,LN,A1,Activity,1,16.2124500666027,0.0,35.04135041666307,0.0,0.46266624641535675
A2_multiclassC_2refs_think_4to1_N20,A2,f20off,LN,A2,Activity,1,19.003023110979615,0.0,35.37569743549206,0.0,0.5371773417508395
A2_multiclassC_2refs_think_4to1_N20,A2,f20off,LN,AS1,Activity,1,16.263197006247697,0.4617771075716184,35.21871643176982,16.297352972049445,0.4617771075716184
A2_multiclassC_2refs_think_4to1_N20,A2,f20off,LN,AS2,Activity,1,18.959787040614987,0.5383440670629294,35.21871643176983,18.921931241083648,0.5383440670629294
A2_multiclassC_2refs_think_2to1_N50,A2,f20off,LN,PR,Processor,1,NaN,0.0,NaN,NaN,NaN
A2_multiclassC_2refs_think_2to1_N50,A2,f20off,LN,PS,Processor,1,NaN,1.0000057826430901,NaN,NaN,NaN
A2_multiclassC_2refs_think_2to1_N50,A2,f20off,LN,R1,RefTask,1,48.25336840188378,0.0,NaN,0.0,0.4960768275248942
A2_multiclassC_2refs_think_2to1_N50,A2,f20off,LN,R2,RefTask,1,48.75112918405954,0.0,NaN,0.0,0.5038604980279249
A2_multiclassC_2refs_think_2to1_N50,A2,f20off,LN,TS,Task,1,97.00881875934397,1.0000057826430901,NaN,97.00825779521232,1.0000057826430904
A2_multiclassC_2refs_think_2to1_N50,A2,f20off,LN,ER1,Entry,1,48.25336840188378,NaN,97.26995038780022,NaN,0.4960768275248942
A2_multiclassC_2refs_think_2to1_N50,A2,f20off,LN,ER2,Entry,1,48.75112918405954,NaN,96.75521175973924,NaN,0.5038604980279249
A2_multiclassC_2refs_think_2to1_N50,A2,f20off,LN,ES1,Entry,1,48.12684067279079,NaN,96.7862162260898,NaN,0.4972489115636867
A2_multiclassC_2refs_think_2to1_N50,A2,f20off,LN,ES2,Entry,1,48.881978086553175,NaN,97.22786678500299,NaN,0.5027568710794036
A2_multiclassC_2refs_think_2to1_N50,A2,f20off,LN,A1,Activity,1,48.25336841266534,0.0,97.26995040953382,0.0,0.49607682752489435
A2_multiclassC_2refs_think_2to1_N50,A2,f20off,LN,A2,Activity,1,48.75112919491894,0.0,96.75521178129158,0.0,0.5038604980279251
A2_multiclassC_2refs_think_2to1_N50,A2,f20off,LN,AS1,Activity,1,48.236727657045535,0.4972489115636866,97.00720612008313,48.126562374057414,0.4972489115636866
A2_multiclassC_2refs_think_2to1_N50,A2,f20off,LN,AS2,Activity,1,48.77103942108776,0.5027568710794036,97.00720612008311,48.8816954211549,0.5027568710794036
A2_multiclassC_2refs_think_4to1_N50,A2,f20off,LN,PR,Processor,1,NaN,0.0,NaN,NaN,NaN
A2_multiclassC_2refs_think_4to1_N50,A2,f20off,LN,PS,Processor,1,NaN,1.000009258184814,NaN,NaN,NaN
A2_multiclassC_2refs_think_4to1_N50,A2,f20off,LN,R1,RefTask,1,46.392497835887355,0.0,NaN,0.0,0.4859053623646764
A2_multiclassC_2refs_think_4to1_N50,A2,f20off,LN,R2,RefTask,1,48.68812613438947,0.0,NaN,0.0,0.5140084324482295
A2_multiclassC_2refs_think_4to1_N50,A2,f20off,LN,TS,Task,1,95.08585245220249,1.000009258184814,NaN,95.08497213795744,1.0000092581848137
A2_multiclassC_2refs_think_4to1_N50,A2,f20off,LN,ER1,Entry,1,46.392497835887355,NaN,95.47640637287176,NaN,0.4859053623646764
A2_multiclassC_2refs_think_4to1_N50,A2,f20off,LN,ER2,Entry,1,48.68812613438947,NaN,94.7224268335195,NaN,0.5140084324482295
A2_multiclassC_2refs_think_4to1_N50,A2,f20off,LN,ES1,Entry,1,46.206739619488474,NaN,94.8848676141594,NaN,0.48697690982068853
A2_multiclassC_2refs_think_4to1_N50,A2,f20off,LN,ES2,Entry,1,48.879112832714014,NaN,95.27491392808233,NaN,0.5130323483641256
A2_multiclassC_2refs_think_4to1_N50,A2,f20off,LN,A1,Activity,1,46.392497846567196,0.0,95.47640639485098,0.0,0.48590536236467663
A2_multiclassC_2refs_think_4to1_N50,A2,f20off,LN,A2,Activity,1,48.688126145350346,0.0,94.72242685484377,0.0,0.5140084324482297
A2_multiclassC_2refs_think_4to1_N50,A2,f20off,LN,AS1,Activity,1,46.30341453860019,0.4869769098206883,95.08338815417295,46.20631183291397,0.4869769098206883
A2_multiclassC_2refs_think_4to1_N50,A2,f20off,LN,AS2,Activity,1,48.78085391515304,0.5130323483641257,95.08338815417295,48.87866030504347,0.5130323483641257
A3_multiserver_c2_loadLow,A3,f20off,LN,PR,Processor,1,NaN,0.0,NaN,NaN,NaN
A3_multiserver_c2_loadLow,A3,f20off,LN,PS,Processor,1,NaN,0.3110845920235303,NaN,NaN,NaN
A3_multiserver_c2_loadLow,A3,f20off,LN,T1,RefTask,1,0.6694464411021204,0.0,NaN,0.0,0.6195888163085079
A3_multiserver_c2_loadLow,A3,f20off,LN,T2,Task,1,0.6698483312827958,0.3110845920235303,NaN,1.0766337331681934,0.6221691840470607
A3_multiserver_c2_loadLow,A3,f20off,LN,E1,Entry,1,0.6694464411021204,NaN,1.0804688907889957,NaN,0.6195888163085079
A3_multiserver_c2_loadLow,A3,f20off,LN,E2,Entry,1,0.6698483312827958,NaN,1.0766337331681934,NaN,0.6221691840470607
A3_multiserver_c2_loadLow,A3,f20off,LN,A1,Activity,1,0.6694464472980087,0.0,1.0804689007889956,0.0,0.6195888163085082
A3_multiserver_c2_loadLow,A3,f20off,LN,A2,Activity,1,0.6674622143951693,0.3110845920235303,1.0727985755473912,1.0766337331681934,0.6221691840470606
A3_multiserver_c2_loadMedium,A3,f20off,LN,PR,Processor,1,NaN,0.0,NaN,NaN,NaN
A3_multiserver_c2_loadMedium,A3,f20off,LN,PS,Processor,1,NaN,0.6014249138578158,NaN,NaN,NaN
A3_multiserver_c2_loadMedium,A3,f20off,LN,T1,RefTask,1,1.577792619133437,0.0,NaN,0.0,1.1978476552433317
A3_multiserver_c2_loadMedium,A3,f20off,LN,T2,Task,1,1.5822162935814028,0.6014249138578158,NaN,1.3153897162592916,1.2028498277156319
A3_multiserver_c2_loadMedium,A3,f20off,LN,E1,Entry,1,1.577792619133437,NaN,1.3171897212696242,NaN,1.1978476552433317
A3_multiserver_c2_loadMedium,A3,f20off,LN,E2,Entry,1,1.5822162935814028,NaN,1.3153897162592916,NaN,1.2028498277156319
A3_multiserver_c2_loadMedium,A3,f20off,LN,A1,Activity,1,1.5777926311119141,0.0,1.3171897312696241,0.0,1.1978476552433321
A3_multiserver_c2_loadMedium,A3,f20off,LN,A2,Activity,1,1.5800511578648373,0.6014249138578158,1.3135897112489596,1.3153897162592916,1.2028498277156316
A3_multiserver_c2_loadHigh,A3,f20off,LN,PR,Processor,1,NaN,0.0,NaN,NaN,NaN
A3_multiserver_c2_loadHigh,A3,f20off,LN,PS,Processor,1,NaN,0.8064509155295938,NaN,NaN,NaN
A3_multiserver_c2_loadHigh,A3,f20off,LN,T1,RefTask,1,2.7336624263476947,0.0,NaN,0.0,1.604989156251253
A3_multiserver_c2_loadHigh,A3,f20off,LN,T2,Task,1,2.744540605559506,0.8064509155295938,NaN,1.7016166469084943,1.6129018310591878
A3_multiserver_c2_loadHigh,A3,f20off,LN,E1,Entry,1,2.7336624263476947,NaN,1.7032279724136363,NaN,1.604989156251253
A3_multiserver_c2_loadHigh,A3,f20off,LN,E2,Entry,1,2.744540605559506,NaN,1.7016166469084943,NaN,1.6129018310591878
A3_multiserver_c2_loadHigh,A3,f20off,LN,A1,Activity,1,2.7336624263476956,0.0,1.7032279724136363,0.0,1.6049891562512537
A3_multiserver_c2_loadHigh,A3,f20off,LN,A2,Activity,1,2.7419416957018297,0.8064509155295938,1.7000053214033524,1.7016166469084943,1.6129018310591876
A3_multiserver_c4_loadLow,A3,f20off,LN,PR,Processor,1,NaN,0.0,NaN,NaN,NaN
A3_multiserver_c4_loadLow,A3,f20off,LN,PS,Processor,1,NaN,0.312277587163434,NaN,NaN,NaN
A3_multiserver_c4_loadLow,A3,f20off,LN,T1,RefTask,1,1.256804553266,0.0,NaN,0.0,1.2424727520921208
A3_multiserver_c4_loadLow,A3,f20off,LN,T2,Task,1,1.2598731116313617,0.312277587163434,NaN,1.0086163428148884,1.2491103486537363
A3_multiserver_c4_loadLow,A3,f20off,LN,E1,Entry,1,1.256804553266,NaN,1.0115349017914048,NaN,1.2424727520921208
A3_multiserver_c4_loadLow,A3,f20off,LN,E2,Entry,1,1.2598731116313617,NaN,1.0086163428148884,NaN,1.2491103486537363
A3_multiserver_c4_loadLow,A3,f20off,LN,A1,Activity,1,1.2568045656907278,0.0,1.0115349117914048,0.0,1.2424727520921213
A3_multiserver_c4_loadLow,A3,f20off,LN,A2,Activity,1,1.2562275094106388,0.312277587163434,1.0056977838383723,1.0086163428148884,1.249110348653736
A3_multiserver_c4_loadMedium,A3,f20off,LN,PR,Processor,1,NaN,0.0,NaN,NaN,NaN
A3_multiserver_c4_loadMedium,A3,f20off,LN,PS,Processor,1,NaN,0.6143642411219482,NaN,NaN,NaN
A3_multiserver_c4_loadMedium,A3,f20off,LN,T1,RefTask,1,2.619649935968605,0.0,NaN,0.0,2.443608355373469
A3_multiserver_c4_loadMedium,A3,f20off,LN,T2,Task,1,2.6310626149697454,0.6143642411219482,NaN,1.0706444316180066,2.4574569644877933
A3_multiserver_c4_loadMedium,A3,f20off,LN,E1,Entry,1,2.619649935968605,NaN,1.0720416511132083,NaN,2.443608355373469
A3_multiserver_c4_loadMedium,A3,f20off,LN,E2,Entry,1,2.6310626149697454,NaN,1.0706444316180066,NaN,2.4574569644877933
A3_multiserver_c4_loadMedium,A3,f20off,LN,A1,Activity,1,2.619649935968606,0.0,1.0720416511132083,0.0,2.44360835537347
A3_multiserver_c4_loadMedium,A3,f20off,LN,A2,Activity,1,2.6276290081903437,0.6143642411219482,1.0692472121228052,1.0706444316180066,2.457456964487793
A3_multiserver_c4_loadHigh,A3,f20off,LN,PR,Processor,1,NaN,0.0,NaN,NaN,NaN
A3_multiserver_c4_loadHigh,A3,f20off,LN,PS,Processor,1,NaN,0.7857422425844217,NaN,NaN,NaN
A3_multiserver_c4_loadHigh,A3,f20off,LN,T1,RefTask,1,3.697904164136481,0.0,NaN,0.0,3.122492161018693
A3_multiserver_c4_loadHigh,A3,f20off,LN,T2,Task,1,3.718108183915958,0.7857422425844217,NaN,1.1829923295477132,3.1429689703376873
A3_multiserver_c4_loadHigh,A3,f20off,LN,E1,Entry,1,3.697904164136481,NaN,1.1842797270402319,NaN,3.122492161018693
A3_multiserver_c4_loadHigh,A3,f20off,LN,E2,Entry,1,3.718108183915958,NaN,1.1829923295477132,NaN,3.1429689703376873
A3_multiserver_c4_loadHigh,A3,f20off,LN,A1,Activity,1,3.697904195361404,0.0,1.1842797370402318,0.0,3.1224921610186938
A3_multiserver_c4_loadHigh,A3,f20off,LN,A2,Activity,1,3.7140619335444813,0.7857422425844217,1.1817049320551947,1.1829923295477132,3.142968970337687
A3_multiserver_c8_loadLow,A3,f20off,LN,PR,Processor,1,NaN,0.0,NaN,NaN,NaN
A3_multiserver_c8_loadLow,A3,f20off,LN,PS,Processor,1,NaN,0.31249227518594747,NaN,NaN,NaN
A3_multiserver_c8_loadLow,A3,f20off,LN,T1,RefTask,1,2.5016445785092087,0.0,NaN,0.0,2.486585017305667
A3_multiserver_c8_loadLow,A3,f20off,LN,T2,Task,1,2.507755561687457,0.31249227518594747,NaN,1.0031270213780585,2.49993820148758
A3_multiserver_c8_loadLow,A3,f20off,LN,E1,Entry,1,2.5016445785092087,NaN,1.006056322666924,NaN,2.486585017305667
A3_multiserver_c8_loadLow,A3,f20off,LN,E2,Entry,1,2.507755561687457,NaN,1.0031270213780585,NaN,2.49993820148758
A3_multiserver_c8_loadLow,A3,f20off,LN,A1,Activity,1,2.501644603375059,0.0,1.0060563326669238,0.0,2.4865850173056674
A3_multiserver_c8_loadLow,A3,f20off,LN,A2,Activity,1,2.5004324894917564,0.31249227518594747,1.0001977200891936,1.0031270213780585,2.4999382014875797
A3_multiserver_c8_loadMedium,A3,f20off,LN,PR,Processor,1,NaN,0.0,NaN,NaN,NaN
A3_multiserver_c8_loadMedium,A3,f20off,LN,PS,Processor,1,NaN,0.62222535222896,NaN,NaN,NaN
A3_multiserver_c8_loadMedium,A3,f20off,LN,T1,RefTask,1,5.050748833853498,0.0,NaN,0.0,4.948164761527778
A3_multiserver_c8_loadMedium,A3,f20off,LN,T2,Task,1,5.073796342986214,0.62222535222896,NaN,1.0192843165283008,4.977802817831681
A3_multiserver_c8_loadMedium,A3,f20off,LN,E1,Entry,1,5.050748833853498,NaN,1.020731741417205,NaN,4.948164761527778
A3_multiserver_c8_loadMedium,A3,f20off,LN,E2,Entry,1,5.073796342986214,NaN,1.0192843165283008,NaN,4.977802817831681
A3_multiserver_c8_loadMedium,A3,f20off,LN,A1,Activity,1,5.050748883335147,0.0,1.020731751417205,0.0,4.94816476152778
A3_multiserver_c8_loadMedium,A3,f20off,LN,A2,Activity,1,5.066591347295628,0.62222535222896,1.0178368916393967,1.0192843165283008,4.97780281783168
A3_multiserver_c8_loadHigh,A3,f20off,LN,PR,Processor,1,NaN,0.0,NaN,NaN,NaN
A3_multiserver_c8_loadHigh,A3,f20off,LN,PS,Processor,1,NaN,0.8089860034991287,NaN,NaN,NaN
A3_multiserver_c8_loadHigh,A3,f20off,LN,T1,RefTask,1,7.022570332599957,0.0,NaN,0.0,6.424796792260736
A3_multiserver_c8_loadHigh,A3,f20off,LN,T2,Task,1,7.065133349243824,0.8089860034991287,NaN,1.0916649544437131,6.471888027993031
A3_multiserver_c8_loadHigh,A3,f20off,LN,E1,Entry,1,7.022570332599957,NaN,1.0930416260105371,NaN,6.424796792260736
A3_multiserver_c8_loadHigh,A3,f20off,LN,E2,Entry,1,7.065133349243824,NaN,1.0916649544437131,NaN,6.471888027993031
A3_multiserver_c8_loadHigh,A3,f20off,LN,A1,Activity,1,7.022570396847927,0.0,1.093041636010537,0.0,6.424796792260738
A3_multiserver_c8_loadHigh,A3,f20off,LN,A2,Activity,1,7.056223685012015,0.8089860034991287,1.090288282876889,1.0916649544437131,6.47188802799303
A4_threeTier_multiclass,A4,f20off,LN,PR,Processor,1,NaN,0.0,NaN,NaN,NaN
A4_threeTier_multiclass,A4,f20off,LN,PA,Processor,1,NaN,0.4997014532264614,NaN,NaN,NaN
A4_threeTier_multiclass,A4,f20off,LN,PD,Processor,1,NaN,0.9997647108147412,NaN,NaN,NaN
A4_threeTier_multiclass,A4,f20off,LN,R1,RefTask,1,15.929742898052101,0.0,NaN,0.0,2.1579233808260225
A4_threeTier_multiclass,A4,f20off,LN,R2,RefTask,1,14.481187836767377,0.0,NaN,0.0,1.9100991976408985
A4_threeTier_multiclass,A4,f20off,LN,TA,Task,1,30.344116558455582,0.4997014532264614,NaN,0.4941818890170974,4.046416906383456
A4_threeTier_multiclass,A4,f20off,LN,TD,Task,1,28.069578551340825,0.9997647108147412,NaN,7.0190461434836,3.999058843258965
A4_threeTier_multiclass,A4,f20off,LN,ER1,Entry,1,15.929742898052101,NaN,7.381977988465198,NaN,2.1579233808260225
A4_threeTier_multiclass,A4,f20off,LN,ER2,Entry,1,14.481187836767377,NaN,7.58137999044899,NaN,1.9100991976408985
A4_threeTier_multiclass,A4,f20off,LN,EA1,Entry,1,15.88594236606477,NaN,7.405268510060022,NaN,2.145221654621138
A4_threeTier_multiclass,A4,f20off,LN,EA2,Entry,1,14.458174192390814,NaN,7.604781349516191,NaN,1.9011952517623179
A4_threeTier_multiclass,A4,f20off,LN,ED,Entry,1,28.069578551340825,NaN,7.0190461434836,NaN,3.999058843258965
A4_threeTier_multiclass,A4,f20off,LN,A_R1,Activity,1,15.929742928944567,0.0,7.381978002781025,0.0,2.1579233808260234
A4_threeTier_multiclass,A4,f20off,LN,A_R2,Activity,1,14.481187865181601,0.0,7.581380005324771,0.0,1.9100991976408992
A4_threeTier_multiclass,A4,f20off,LN,A_A1,Activity,1,15.884995337591933,0.21452216546211386,7.404827050562911,0.21229539811623016,2.1452216546211385
A4_threeTier_multiclass,A4,f20off,LN,A_A2,Activity,1,14.458261078012843,0.2851792877643476,7.6048270500416635,0.28188649090086726,1.9011952517623174
A4_threeTier_multiclass,A4,f20off,LN,A_D,Activity,1,28.126441345074113,0.9997647108147412,7.033265187504205,7.0190461434836,3.9990588432589647
A4_multiclass_multiserver,A4,f20off,LN,PR,Processor,1,NaN,0.0,NaN,NaN,NaN
A4_multiclass_multiserver,A4,f20off,LN,PS,Processor,1,NaN,0.9999801417007967,NaN,NaN,NaN
A4_multiclass_multiserver,A4,f20off,LN,R1,RefTask,1,26.808068512782214,0.0,NaN,0.0,1.7613110303940855
A4_multiclass_multiserver,A4,f20off,LN,R2,RefTask,1,23.866275994024843,0.0,NaN,0.0,2.3651087661385075
A4_multiclass_multiserver,A4,f20off,LN,TS,Task,1,50.559816784508115,0.9999801417007967,NaN,12.274749560777686,4.119010048568748
A4_multiclass_multiserver,A4,f20off,LN,ER1,Entry,1,26.808068512782214,NaN,15.220519289420466,NaN,1.7613110303940855
A4_multiclass_multiserver,A4,f20off,LN,ER2,Entry,1,23.866275994024843,NaN,10.09098453978973,NaN,2.3651087661385075
A4_multiclass_multiserver,A4,f20off,LN,ES1,Entry,1,26.67999984871616,NaN,15.143763614588506,NaN,1.7617813198704715
A4_multiclass_multiserver,A4,f20off,LN,ES2,Entry,1,23.87981693579195,NaN,10.130462370946502,NaN,2.3572287286982765
A4_multiclass_multiserver,A4,f20off,LN,A1,Activity,1,26.808068537380255,0.0,15.220519303386215,0.0,1.7613110303940862
A4_multiclass_multiserver,A4,f20off,LN,A2,Activity,1,23.86627602466086,0.0,10.090984552743048,0.0,2.3651087661385084
A4_multiclass_multiserver,A4,f20off,LN,AS1,Activity,1,26.73467078557002,0.5285343959611415,15.174795239363524,6.47728447712498,1.7617813198704717
A4_multiclass_multiserver,A4,f20off,LN,AS2,Activity,1,23.846975526894365,0.47144574573965525,10.116530159575687,5.797465083652705,2.357228728698276
A4_multiclass_multientry,A4,f20off,LN,PR,Processor,1,NaN,0.0,NaN,NaN,NaN
A4_multiclass_multientry,A4,f20off,LN,PS,Processor,1,NaN,1.0000783455640225,NaN,NaN,NaN
A4_multiclass_multientry,A4,f20off,LN,R1,RefTask,1,13.87681312442949,0.0,NaN,0.0,0.8349121554589669
A4_multiclass_multientry,A4,f20off,LN,R2,RefTask,1,13.263659856436353,0.0,NaN,0.0,0.5511263460276381
A4_multiclass_multientry,A4,f20off,LN,R3,RefTask,1,13.625813833300892,0.0,NaN,0.0,0.6681492606340816
A4_multiclass_multientry,A4,f20off,LN,TS,Task,1,40.860976241118884,1.0000783455640225,NaN,19.88924569427349,2.0544256363067395
A4_multiclass_multientry,A4,f20off,LN,ER1,Entry,1,13.87681312442949,NaN,16.62068642035897,NaN,0.8349121554589669
A4_multiclass_multientry,A4,f20off,LN,ER2,Entry,1,13.263659856436353,NaN,24.066459446254093,NaN,0.5511263460276381
A4_multiclass_multientry,A4,f20off,LN,ER3,Entry,1,13.625813833300892,NaN,20.393368123119423,NaN,0.6681492606340816
A4_multiclass_multientry,A4,f20off,LN,ES1,Entry,1,13.642064319808775,NaN,16.46978018826741,NaN,0.8283088276750034
A4_multiclass_multientry,A4,f20off,LN,ES2,Entry,1,13.555256991527516,NaN,24.337757044249685,NaN,0.5569641017815253
A4_multiclass_multientry,A4,f20off,LN,ES3,Entry,1,13.663654929782597,NaN,20.41933745452397,NaN,0.6691527068502103
A4_multiclass_multientry,A4,f20off,LN,A1,Activity,1,13.876813139763536,0.0,16.620686438725023,0.0,0.8349121554589672
A4_multiclass_multientry,A4,f20off,LN,A2,Activity,1,13.263659868932539,0.0,24.06645946892799,0.0,0.5511263460276382
A4_multiclass_multientry,A4,f20off,LN,A3,Activity,1,13.625813846967308,0.0,20.393368143573554,0.0,0.6681492606340819
A4_multiclass_multientry,A4,f20off,LN,AS1,Activity,1,13.547138386754009,0.33132353107000123,16.355178085907582,6.640330065357462,0.828308827675003
A4_multiclass_multientry,A4,f20off,LN,AS2,Activity,1,13.663870608141611,0.33417846106891536,24.532767128861373,6.598076246700236,0.5569641017815256
A4_multiclass_multientry,A4,f20off,LN,AS3,Activity,1,13.680139609002902,0.33457635342510583,20.443972607384477,6.650839382215791,0.6691527068502117
A4_chainPlusFanout,A4,f20off,LN,PR,Processor,1,NaN,0.0,NaN,NaN,NaN
A4_chainPlusFanout,A4,f20off,LN,P2,Processor,1,NaN,0.5394729947713646,NaN,NaN,NaN
A4_chainPlusFanout,A4,f20off,LN,P3,Processor,1,NaN,0.3089233212638238,NaN,NaN,NaN
A4_chainPlusFanout,A4,f20off,LN,P4,Processor,1,NaN,0.46301017844848946,NaN,NaN,NaN
A4_chainPlusFanout,A4,f20off,LN,R1,RefTask,1,2.495458066218883,0.0,NaN,0.0,3.1129539967203983
A4_chainPlusFanout,A4,f20off,LN,R2,RefTask,1,2.749508896573921,0.0,NaN,0.0,3.049355080331099
A4_chainPlusFanout,A4,f20off,LN,T2,Task,1,5.2502436483417725,0.5394729947713646,NaN,0.34955364418298496,6.174498718809175
A4_chainPlusFanout,A4,f20off,LN,T3,Task,1,3.091572595883078,0.3089233212638238,NaN,0.20003967257046956,6.178466425276474
A4_chainPlusFanout,A4,f20off,LN,T4,Task,1,1.8530870006563023,0.46301017844848946,NaN,0.3001694811870848,6.173469045979861
A4_chainPlusFanout,A4,f20off,LN,ER1,Entry,1,2.495458066218883,NaN,0.8016366669240638,NaN,3.1129539967203983
A4_chainPlusFanout,A4,f20off,LN,ER2,Entry,1,2.749508896573921,NaN,0.9016689838152202,NaN,3.049355080331099
A4_chainPlusFanout,A4,f20off,LN,E2A,Entry,1,2.497812115205875,NaN,0.8008182065616078,NaN,3.1190750843821076
A4_chainPlusFanout,A4,f20off,LN,E2B,Entry,1,2.7524315331358977,NaN,0.9008346672856764,NaN,3.0554236344270653
A4_chainPlusFanout,A4,f20off,LN,E3,Entry,1,3.091572595883078,NaN,0.5003786349368624,NaN,6.178466425276474
A4_chainPlusFanout,A4,f20off,LN,E4,Entry,1,1.8530870006563023,NaN,0.3001694811870848,NaN,6.173469045979861
A4_chainPlusFanout,A4,f20off,LN,A_R1,Activity,1,2.4954581043333426,0.0,0.8016366791678872,0.0,3.112953996720399
A4_chainPlusFanout,A4,f20off,LN,A_R2,Activity,1,2.749508934052392,0.0,0.901668996105842,0.0,3.0493550803311
A4_chainPlusFanout,A4,f20off,LN,A_2A,Activity,1,2.497622042560928,0.23393063132865805,0.8007572677769346,0.151577097120376,3.119075084382107
A4_chainPlusFanout,A4,f20off,LN,A_2B,Activity,1,2.7521950428919992,0.3055423634427065,0.900757267136894,0.19797654706260892,3.055423634427065
A4_chainPlusFanout,A4,f20off,LN,A_3,Activity,1,3.091327478561373,0.3089233212638238,0.5003389620949572,0.20003967257046956,6.1784664252764765
A4_chainPlusFanout,A4,f20off,LN,A_4,Activity,1,1.852040707784799,0.46301017844848946,0.2999999990266155,0.3001694811870848,6.17346904597986
A4_webApplication,A4,f20off,LN,PC,Processor,1,NaN,0.0,NaN,NaN,NaN
A4_webApplication,A4,f20off,LN,PApp,Processor,1,NaN,0.2878279671726076,NaN,NaN,NaN
A4_webApplication,A4,f20off,LN,PDB,Processor,1,NaN,2.345694784477899,NaN,NaN,NaN
A4_webApplication,A4,f20off,LN,RBrowse,RefTask,1,1.8452502114352904,0.0,NaN,0.0,2.62003107735042
A4_webApplication,A4,f20off,LN,RShop,RefTask,1,1.6613867988671154,0.0,NaN,0.0,2.061778944996938
A4_webApplication,A4,f20off,LN,TApp,Task,1,3.5206143720457588,0.2878279671726076,NaN,0.24661741602362677,4.715419594920827
A4_webApplication,A4,f20off,LN,TDB,Task,1,2.3456947738954197,2.345694784477899,NaN,0.49999999774427606,4.691389568955799
A4_webApplication,A4,f20off,LN,ERB,Entry,1,1.8452502114352904,NaN,0.7042856198871319,NaN,2.62003107735042
A4_webApplication,A4,f20off,LN,ERS,Entry,1,1.6613867988671154,NaN,0.8058025827155698,NaN,2.061778944996938
A4_webApplication,A4,f20off,LN,EAppB,Entry,1,1.8490233471165793,NaN,0.7022122934592758,NaN,2.633140097858187
A4_webApplication,A4,f20off,LN,EAppS,Entry,1,1.6715910249291792,NaN,0.8027697661563679,NaN,2.0822794970626455
A4_webApplication,A4,f20off,LN,EDB,Entry,1,2.3456947738954197,NaN,0.49999999774427606,NaN,4.691389568955799
A4_webApplication,A4,f20off,LN,ARB,Activity,1,1.8452502446205208,0.0,0.7042856325530998,0.0,2.6200310773504207
A4_webApplication,A4,f20off,LN,ARS,Activity,1,1.6613868241415177,0.0,0.805802594974111,0.0,2.0617789449969384
A4_webApplication,A4,f20off,LN,AAppB,Activity,1,1.843198055552918,0.13165700489290932,0.6999999950827483,0.1129174826139557,2.6331400978581865
A4_webApplication,A4,f20off,LN,AAppS,Activity,1,1.6658235870123346,0.15617096227969832,0.7999999948912808,0.13369993340967107,2.0822794970626446
A4_webApplication,A4,f20off,LN,ADB,Activity,1,2.3456947739472156,2.345694784477899,0.4999999977553168,0.49999999774427606,4.691389568955798
A4_databaseBackend,A4,f20off,LN,P1,Processor,1,NaN,0.0,NaN,NaN,NaN
A4_databaseBackend,A4,f20off,LN,P2,Processor,1,NaN,0.0,NaN,NaN,NaN
A4_databaseBackend,A4,f20off,LN,P3,Processor,1,NaN,0.0,NaN,NaN,NaN
A4_databaseBackend,A4,f20off,LN,P4,Processor,1,NaN,0.45309752936722836,NaN,NaN,NaN
A4_databaseBackend,A4,f20off,LN,T1,RefTask,1,1.8808607604467387,0.0,NaN,0.0,3.617035923576748
A4_databaseBackend,A4,f20off,LN,T2,Task,1,1.8804904691129274,0.0,NaN,0.0,3.6201093359745173
A4_databaseBackend,A4,f20off,LN,T3,Task,1,1.8803761201794438,0.0,NaN,0.0,3.6218763441899346
A4_databaseBackend,A4,f20off,LN,T4,Task,1,1.8813417651846136,0.45309752936722836,NaN,0.5190222974212622,3.6247802349378273
A4_databaseBackend,A4,f20off,LN,E1,Entry,1,1.8808607604467387,NaN,0.5200005751081476,NaN,3.617035923576748
A4_databaseBackend,A4,f20off,LN,E2,Entry,1,1.8804904691129274,NaN,0.5194568159656724,NaN,3.6201093359745173
A4_databaseBackend,A4,f20off,LN,E3,Entry,1,1.8803761201794438,NaN,0.5191718163420642,NaN,3.6218763441899346
A4_databaseBackend,A4,f20off,LN,E4,Entry,1,1.8813417651846136,NaN,0.5190222974212622,NaN,3.6247802349378273
A4_databaseBackend,A4,f20off,LN,A1,Activity,1,1.8808607604467393,0.0,0.5200005751081476,0.0,3.6170359235767493
A4_databaseBackend,A4,f20off,LN,A2,Activity,1,1.880490469112928,0.0,0.5194568159656724,0.0,3.6201093359745187
A4_databaseBackend,A4,f20off,LN,A3,Activity,1,1.880376156398208,0.0,0.5191718263420643,0.0,3.621876344189936
A4_databaseBackend,A4,f20off,LN,A4,Activity,1,1.8807997919557407,0.45309752936722836,0.5188727785004601,0.5190222974212622,3.624780234937827
A4_threeTier_sequence,A4,f20off,LN,PC,Processor,1,NaN,0.0,NaN,NaN,NaN
A4_threeTier_sequence,A4,f20off,LN,PApp,Processor,1,NaN,0.4649167168514052,NaN,NaN,NaN
A4_threeTier_sequence,A4,f20off,LN,PDB,Processor,1,NaN,2.1190422030668246,NaN,NaN,NaN
A4_threeTier_sequence,A4,f20off,LN,RClient,RefTask,1,4.05551202256823,0.0,NaN,0.0,5.295071641941359
A4_threeTier_sequence,A4,f20off,LN,TApp,Task,1,4.065786368281722,0.4649167168514052,NaN,0.36520437818190105,5.313333906873202
A4_threeTier_sequence,A4,f20off,LN,TDB,Task,1,2.119042203066825,2.1190422030668246,NaN,0.4,5.297605507667062
A4_threeTier_sequence,A4,f20off,LN,EC,Entry,1,4.05551202256823,NaN,0.765903144812095,NaN,5.295071641941359
A4_threeTier_sequence,A4,f20off,LN,EApp,Entry,1,4.065786368281722,NaN,0.7652043781819015,NaN,5.313333906873202
A4_threeTier_sequence,A4,f20off,LN,EDB,Entry,1,2.119042203066825,NaN,0.4,NaN,5.297605507667062
A4_threeTier_sequence,A4,f20off,LN,A_client,Activity,1,4.055512075518948,0.0,0.765903154812095,0.0,5.295071641941361
A4_threeTier_sequence,A4,f20off,LN,A_validate,Activity,1,0.8300314393299594,0.1992500215077451,0.1562166906650174,0.1565161620779576,5.313333906873202
A4_threeTier_sequence,A4,f20off,LN,A_query,Activity,1,2.6786878556359213,0.13283334767183005,0.504144460443345,0.10434410805197174,5.313333906873202
A4_threeTier_sequence,A4,f20off,LN,A_format,Activity,1,0.5533542928866395,0.13283334767183003,0.10414446044334492,0.10434410805197171,5.3133339068732015
A4_threeTier_sequence,A4,f20off,LN,A_db,Activity,1,2.119042203066825,2.1190422030668246,0.4000000000000001,0.4,5.297605507667061
A4_parallelService_andFork,A4,f20off,LN,PC,Processor,1,NaN,0.0,NaN,NaN,NaN
A4_parallelService_andFork,A4,f20off,LN,PSvc,Processor,1,NaN,7.243206365649412,NaN,NaN,NaN
A4_parallelService_andFork,A4,f20off,LN,RClient,RefTask,1,6.699608769316937,0.0,NaN,0.0,6.7025444488361
A4_parallelService_andFork,A4,f20off,LN,TSvc,Task,1,7.243204549437136,7.243206365649412,NaN,0.9995622493593915,7.246376655460154
A4_parallelService_andFork,A4,f20off,LN,EC,Entry,1,6.699608769316937,NaN,0.9995620052143521,NaN,6.7025444488361
A4_parallelService_andFork,A4,f20off,LN,ESvc,Entry,1,7.243204549437136,NaN,0.9995622493593915,NaN,7.246376655460154
A4_parallelService_andFork,A4,f20off,LN,A_client,Activity,1,6.699608769316939,0.0,0.9995620052143521,0.0,6.702544448836102
A4_parallelService_andFork,A4,f20off,LN,A_fork,Activity,1,0.0,0.0,0.0,0.0,7.246376655460155
A4_parallelService_andFork,A4,f20off,LN,A_b1,Activity,1,4.345923791162431,4.345923819389647,0.5999999961029391,0.5997373496156349,7.243206365649412
A4_parallelService_andFork,A4,f20off,LN,A_b2,Activity,1,2.8972825274416203,2.897282546259765,0.3999999974019593,0.3998248997437567,7.243206365649413
A4_parallelService_andFork,A4,f20off,LN,A_join,Activity,1,0.0,0.0,0.0,0.0,7.246376655460155
A4_retryLoop,A4,f20off,LN,PC,Processor,1,NaN,0.0,NaN,NaN,NaN
A4_retryLoop,A4,f20off,LN,PSvc,Processor,1,NaN,0.0,NaN,NaN,NaN
A4_retryLoop,A4,f20off,LN,PDown,Processor,1,NaN,0.8101199961963643,NaN,NaN,NaN
A4_retryLoop,A4,f20off,LN,RClient,RefTask,1,4.191019479993606,0.0,NaN,0.0,5.38283974837907
A4_retryLoop,A4,f20off,LN,TSvc,Task,1,4.19418383389564,0.0,NaN,0.0,5.390620239360227
A4_retryLoop,A4,f20off,LN,TDown,Task,1,4.200581358488468,0.8101199961963643,NaN,0.2592567383974492,16.20239992392729
A4_retryLoop,A4,f20off,LN,EC,Entry,1,4.191019479993606,NaN,0.7785889374201866,NaN,5.38283974837907
A4_retryLoop,A4,f20off,LN,ESvc,Entry,1,4.19418383389564,NaN,0.7780521809478119,NaN,5.390620239360227
A4_retryLoop,A4,f20off,LN,EDown,Entry,1,4.200581358488468,NaN,0.2592567383974492,NaN,16.20239992392729
A4_retryLoop,A4,f20off,LN,A_client,Activity,1,4.191019533822004,0.0,0.7785889474201867,0.0,5.382839748379072
A4_retryLoop,A4,f20off,LN,A_head,Activity,1,0.0,0.0,0.0,0.0,5.390620239360229
A4_retryLoop,A4,f20off,LN,A_body,Activity,1,4.19418383389564,0.0,0.25935072698260386,0.0,16.171860718080687
A4_retryLoop,A4,f20off,LN,A_end,Activity,1,0.0,0.0,0.0,0.0,5.390620239360227
A4_retryLoop,A4,f20off,LN,A_down,Activity,1,4.1990585178435085,0.8101199961963643,0.25916274981229465,0.2592567383974492,16.202399923927285
A4_replyThenLog,A4,f20off,LN,PC,Processor,1,NaN,0.0,NaN,NaN,NaN
A4_replyThenLog,A4,f20off,LN,PSvc,Processor,1,NaN,0.9999999868109368,NaN,NaN,NaN
A4_replyThenLog,A4,f20off,LN,RClient,RefTask,1,12.89198608872909,0.0,NaN,0.0,1.114982567961283
A4_replyThenLog,A4,f20off,LN,TSvc,Task,1,12.812499980621002,0.9999999868109368,NaN,11.531250134645287,1.1111110964565967
A4_replyThenLog,A4,f20off,LN,EC,Entry,1,12.89198608872909,NaN,11.562500131550715,NaN,1.114982567961283
A4_replyThenLog,A4,f20off,LN,ESvc,Entry,1,12.812499980621002,NaN,8.771860767834841,NaN,1.1111110964565967
A4_replyThenLog,A4,f20off,LN,A_client,Activity,1,12.89198609987892,0.0,11.562500141550716,0.0,1.1149825679612835
A4_replyThenLog,A4,f20off,LN,A_handle,Activity,1,5.679012338797842,0.4444444385826386,5.111111172328826,5.12500005984235,1.1111110964565964
A4_replyThenLog,A4,f20off,LN,A_reply,Activity,1,2.839506169398921,0.2222222192913193,2.555555586164413,2.562500029921175,1.1111110964565964
A4_replyThenLog,A4,f20off,LN,A_log,Activity,1,4.25925925409838,0.3333333289369789,3.833333379246618,3.8437500448817614,1.1111110964565964
A5_orForkUneven,?,f20off,LN,PR,Processor,1,NaN,0.0,NaN,NaN,NaN
A5_orForkUneven,?,f20off,LN,PS,Processor,1,NaN,0.9894790201546961,NaN,NaN,NaN
A5_orForkUneven,?,f20off,LN,T1,RefTask,1,9.527822363130108,0.0,NaN,0.0,5.166281622365931
A5_orForkUneven,?,f20off,LN,T2,Task,1,9.594396998003617,0.9894790201546961,NaN,1.842318424634903,5.207784316603664
A5_orForkUneven,?,f20off,LN,E1,Entry,1,9.527822363130108,NaN,1.84423209177799,NaN,5.166281622365931
A5_orForkUneven,?,f20off,LN,E2,Entry,1,9.594396998003617,NaN,1.842318424634903,NaN,5.207784316603664
A5_orForkUneven,?,f20off,LN,A1,Activity,1,9.527822414792928,0.0,1.84423210177799,0.0,5.166281622365933
A5_orForkUneven,?,f20off,LN,A_or,Activity,1,0.0,0.0,0.0,0.0,5.207784316603664
A5_orForkUneven,?,f20off,LN,A_x,Activity,1,8.827765424457967,0.9113622554056412,2.421585207226074,1.696872233216358,3.645449021622565
A5_orForkUneven,?,f20off,LN,A_y,Activity,1,0.756665607810683,0.07811676474905498,0.48431704144521476,0.145446191418545,1.5623352949810996
A5_orForkThreeWay,?,f20off,LN,PR,Processor,1,NaN,0.0,NaN,NaN,NaN
A5_orForkThreeWay,?,f20off,LN,PS,Processor,1,NaN,0.7780918417694627,NaN,NaN,NaN
A5_orForkThreeWay,?,f20off,LN,T1,RefTask,1,3.8733495088836243,0.0,NaN,0.0,5.531156710971758
A5_orForkThreeWay,?,f20off,LN,T2,Task,1,3.888204202815402,0.7780918417694627,NaN,0.6995942627495622,5.557798869781877
A5_orForkThreeWay,?,f20off,LN,E1,Entry,1,3.8733495088836243,NaN,0.7002783886416271,NaN,5.531156710971758
A5_orForkThreeWay,?,f20off,LN,E2,Entry,1,3.888204202815402,NaN,0.6995942627495622,NaN,5.557798869781877
A5_orForkThreeWay,?,f20off,LN,A1,Activity,1,3.873349564195193,0.0,0.7002783986416271,0.0,5.53115671097176
A5_orForkThreeWay,?,f20off,LN,A_or,Activity,1,0.0,0.0,0.0,0.0,5.557798869781875
A5_orForkThreeWay,?,f20off,LN,A_b1,Activity,1,2.7745728347897822,0.5557798869781877,0.9984430526535675,0.4997101876782587,2.7788994348909384
A5_orForkThreeWay,?,f20off,LN,A_b2,Activity,1,0.8323718504369345,0.16673396609345628,0.49922152632678374,0.1499130563034776,1.6673396609345628
A5_orForkThreeWay,?,f20off,LN,A_b3,Activity,1,0.277457283478978,0.05557798869781873,0.2496107631633919,0.04997101876782584,1.1115597739563745
A5_andForkThreeWay,?,f20off,LN,PR,Processor,1,NaN,0.0,NaN,NaN,NaN
A5_andForkThreeWay,?,f20off,LN,PS,Processor,1,NaN,11.736370440007502,NaN,NaN,NaN
A5_andForkThreeWay,?,f20off,LN,T1,RefTask,1,9.084304099024907,0.0,NaN,0.0,3.0288126071896038
A5_andForkThreeWay,?,f20off,LN,T2,Task,1,11.736371991059428,11.736370440007502,NaN,2.9992951012275384,3.9130434301899863
A5_andForkThreeWay,?,f20off,LN,E1,Entry,1,9.084304099024907,NaN,2.999295525071825,NaN,3.0288126071896038
A5_andForkThreeWay,?,f20off,LN,E2,Entry,1,11.736371991059428,NaN,2.9992951012275384,NaN,3.9130434301899863
A5_andForkThreeWay,?,f20off,LN,A1,Activity,1,9.084304099024909,0.0,2.999295525071825,0.0,3.0288126071896047
A5_andForkThreeWay,?,f20off,LN,A_fork,Activity,1,0.0,0.0,0.0,0.0,3.9130434301899863
A5_andForkThreeWay,?,f20off,LN,A_p1,Activity,1,3.9121234441794432,3.9121234800025007,0.9999999908430658,0.9997650337425129,3.9121234800025007
A5_andForkThreeWay,?,f20off,LN,A_p2,Activity,1,3.9121234441794432,3.9121234800025007,0.9999999908430658,0.9997650337425129,3.9121234800025007
A5_andForkThreeWay,?,f20off,LN,A_p3,Activity,1,3.912123444179443,3.9121234800025,0.9999999908430658,0.9997650337425128,3.9121234800025
A5_andForkThreeWay,?,f20off,LN,A_join,Activity,1,0.0,0.0,0.0,0.0,3.9130434301899863
A5_andForkMultiAct,?,f20off,LN,PR,Processor,1,NaN,0.0,NaN,NaN,NaN
A5_andForkMultiAct,?,f20off,LN,PS,Processor,1,NaN,4.3459238200334305,NaN,NaN,NaN
A5_andForkMultiAct,?,f20off,LN,T1,RefTask,1,4.019765246488772,0.0,NaN,0.0,4.021526676806353
A5_andForkMultiAct,?,f20off,LN,T2,Task,1,4.34592270588514,4.3459238200334305,NaN,0.9995622437425081,4.347825993920465
A5_andForkMultiAct,?,f20off,LN,E1,Entry,1,4.019765246488772,NaN,0.9995619995939007,NaN,4.021526676806353
A5_andForkMultiAct,?,f20off,LN,E2,Entry,1,4.34592270588514,NaN,0.999562243742508,NaN,4.347825993920465
A5_andForkMultiAct,?,f20off,LN,A1,Activity,1,4.019765246488774,0.0,0.9995619995939007,0.0,4.021526676806355
A5_andForkMultiAct,?,f20off,LN,A_fork,Activity,1,0.0,0.0,0.0,0.0,4.347825993920468
A5_andForkMultiAct,?,f20off,LN,A_p1a,Activity,1,1.7383695069603213,1.7383695280133722,0.3999999951556788,0.3998248974970033,4.3459238200334305
A5_andForkMultiAct,?,f20off,LN,A_p1b,Activity,1,0.8691847534801607,0.8691847640066861,0.1999999975778394,0.19991244874850164,4.3459238200334305
A5_andForkMultiAct,?,f20off,LN,A_p2a,Activity,1,1.303777130220241,1.3037771460100291,0.2999999963667591,0.29986867312275245,4.3459238200334305
A5_andForkMultiAct,?,f20off,LN,A_p2b,Activity,1,0.43459237674008033,0.43459238200334305,0.0999999987889197,0.09995622437425082,4.3459238200334305
A5_andForkMultiAct,?,f20off,LN,A_join,Activity,1,0.0,0.0,0.0,0.0,4.347825993920467
A5_seqMultiEntry,?,f20off,LN,PR,Processor,1,NaN,0.0,NaN,NaN,NaN
A5_seqMultiEntry,?,f20off,LN,PS,Processor,1,NaN,0.99605220583042,NaN,NaN,NaN
A5_seqMultiEntry,?,f20off,LN,T1,RefTask,1,9.207832493167803,0.0,NaN,0.0,2.801909537625129
A5_seqMultiEntry,?,f20off,LN,T2,Task,1,9.330274929429994,0.99605220583042,NaN,1.6392696116655516,5.691726890459543
A5_seqMultiEntry,?,f20off,LN,E1,Entry,1,9.207832493167803,NaN,3.286270441469096,NaN,2.801909537625129
A5_seqMultiEntry,?,f20off,LN,E2A,Entry,1,3.9986892554699955,NaN,1.4050882385704726,NaN,2.845863445229771
A5_seqMultiEntry,?,f20off,LN,E2B,Entry,1,5.331585673959998,NaN,1.873450984760631,NaN,2.8458634452297713
A5_seqMultiEntry,?,f20off,LN,A1,Activity,1,9.207832493167802,0.0,3.286270441469096,0.0,2.8019095376251286
A5_seqMultiEntry,?,f20off,LN,A_a1,Activity,1,1.3297532769062832,0.14229317226148852,0.4672582864561589,0.23418137309507875,2.84586344522977
A5_seqMultiEntry,?,f20off,LN,A_a2,Activity,1,2.6595065538125664,0.28458634452297704,0.9345165729123178,0.4683627461901575,2.84586344522977
A5_seqMultiEntry,?,f20off,LN,A_b1,Activity,1,1.9946299153594256,0.21343975839223284,0.7008874296842383,0.3512720596426182,2.8458634452297713
A5_seqMultiEntry,?,f20off,LN,A_b2,Activity,1,3.324383192265712,0.35573293065372164,1.1681457161403974,0.5854534327376973,2.845863445229773
A5_replyAtBound,?,f20off,LN,PR,Processor,1,NaN,0.0,NaN,NaN,NaN
A5_replyAtBound,?,f20off,LN,PS,Processor,1,NaN,0.9999823402194026,NaN,NaN,NaN
A5_replyAtBound,?,f20off,LN,T1,RefTask,1,8.21535047785058,0.0,NaN,0.0,0.9065026118517411
A5_replyAtBound,?,f20off,LN,T2,Task,1,8.210256083449526,0.9999823402194026,NaN,9.031441185064285,0.9090748547449115
A5_replyAtBound,?,f20off,LN,E1,Entry,1,8.21535047785058,NaN,9.062688149423892,NaN,0.9065026118517411
A5_replyAtBound,?,f20off,LN,E2,Entry,1,8.210256083449526,NaN,6.550103743235722,NaN,0.9090748547449115
A5_replyAtBound,?,f20off,LN,A1,Activity,1,8.215350486915609,0.0,9.062688159423892,0.0,0.9065026118517414
A5_replyAtBound,?,f20off,LN,A_bound,Activity,1,1.4876091370660176,0.18181497094898227,1.6363989492190325,1.6420802154662333,0.9090748547449113
A5_replyAtBound,?,f20off,LN,A_bg1,Activity,1,2.975218274132035,0.36362994189796455,3.272797898438065,3.2841604309324666,0.9090748547449113
A5_replyAtBound,?,f20off,LN,A_bg2,Activity,1,3.7190228426650442,0.45453742737245567,4.090997373047582,4.105200538665584,0.9090748547449113
A5_combinedDag,?,f20off,LN,PR,Processor,1,NaN,0.0,NaN,NaN,NaN
A5_combinedDag,?,f20off,LN,PS,Processor,1,NaN,5.186180230152799,NaN,NaN,NaN
A5_combinedDag,?,f20off,LN,T1,RefTask,1,4.961549924251701,0.0,NaN,0.0,2.557986000302414
A5_combinedDag,?,f20off,LN,T2,Task,1,5.1861800531173,5.186180230152799,NaN,1.9396313779966645,2.673796738880257
A5_combinedDag,?,f20off,LN,E1,Entry,1,4.961549924251701,NaN,1.9396313833090286,NaN,2.557986000302414
A5_combinedDag,?,f20off,LN,E2,Entry,1,5.1861800531173,NaN,1.6571815311363691,NaN,2.673796738880257
A5_combinedDag,?,f20off,LN,A1,Activity,1,4.9615499498315625,0.0,1.9396313933090286,0.0,2.557986000302415
A5_combinedDag,?,f20off,LN,A_init,Activity,1,0.2673796623362034,0.26737967388802586,0.09999999567961834,0.09999999569751017,2.673796738880258
A5_combinedDag,?,f20off,LN,A_loop_head,Activity,1,0.0,0.0,0.0,0.0,2.673796738880258
A5_combinedDag,?,f20off,LN,A_loop_body,Activity,1,1.0695186493448146,1.0695186955521043,0.19999999135923668,0.39999998271903303,5.347593477760521
A5_combinedDag,?,f20off,LN,A_loop_end,Activity,1,0.0,0.0,0.0,0.0,2.6737967388802595
A5_combinedDag,?,f20off,LN,A_or_x,Activity,1,0.5614972909060275,0.5614973151648545,0.29999998703885505,0.20999999096477148,1.8716577172161817
A5_combinedDag,?,f20off,LN,A_or_y,Activity,1,0.08021389870086096,0.08021390216640768,0.09999999567961834,0.029999998709253024,0.8021390216640768
A5_combinedDag,?,f20off,LN,A_after_or,Activity,1,0.0,0.0,0.0,0.0,2.673796738880258
A5_combinedDag,?,f20off,LN,A_and_p1,Activity,1,1.069025948820709,1.0690259739146524,0.3999999906105394,0.3998157135938116,2.6725649347866303
A5_combinedDag,?,f20off,LN,A_and_p2,Activity,1,1.0690259488207086,1.069025973914652,0.3999999906105395,0.3998157135938114,2.672564934786629
A5_combinedDag,?,f20off,LN,A_join,Activity,1,0.26737966233620336,0.2673796738880258,0.09999999567961833,0.09999999567961837,2.6737967388802577
A5_combinedDag,?,f20off,LN,A_phase2,Activity,1,0.8021389870086102,0.8021390216640772,0.299999987038855,0.2999999870388552,2.673796738880258
C6_multiclassAndFork,C6,f20off,LN,PR,Processor,1,NaN,0.0,NaN,NaN,NaN
C6_multiclassAndFork,C6,f20off,LN,PS,Processor,1,NaN,10.058383486927658,NaN,NaN,NaN
C6_multiclassAndFork,C6,f20off,LN,R1,RefTask,1,4.895617300978041,0.0,NaN,0.0,5.1308294257339
C6_multiclassAndFork,C6,f20off,LN,R2,RefTask,1,4.490567011466561,0.0,NaN,0.0,4.258242230444448
C6_multiclassAndFork,C6,f20off,LN,T2,Task,1,10.05841265828139,10.058383486927658,NaN,0.9995601994385634,10.062838300215471
C6_multiclassAndFork,C6,f20off,LN,ER1,Entry,1,4.895617300978041,NaN,0.954157095229839,NaN,5.1308294257339
C6_multiclassAndFork,C6,f20off,LN,ER2,Entry,1,4.490567011466561,NaN,1.0545588457512114,NaN,4.258242230444448
C6_multiclassAndFork,C6,f20off,LN,E2a,Entry,1,5.259075449087159,NaN,0.9578103620470747,NaN,5.490727243592594
C6_multiclassAndFork,C6,f20off,LN,E2b,Entry,1,4.799337209194233,NaN,1.049698301234872,NaN,4.5721110566229
C6_multiclassAndFork,C6,f20off,LN,A1,Activity,1,4.895617359271256,0.0,0.9541571065912016,0.0,5.130829425733902
C6_multiclassAndFork,C6,f20off,LN,A2,Activity,1,4.490567061033903,0.0,1.0545588573915405,0.0,4.2582422304444485
C6_multiclassAndFork,C6,f20off,LN,Af_a,Activity,1,0.0,0.0,0.0,0.0,5.490727243592588
C6_multiclassAndFork,C6,f20off,LN,Aa1,Activity,1,2.6294228858631574,2.629422895103125,0.49999999824296665,0.2613117339356705,5.25884579020625
C6_multiclassAndFork,C6,f20off,LN,Aa2,Activity,1,2.629422885863157,2.6294228951031244,0.49999999824296665,0.2613117339356704,5.258845790206249
C6_multiclassAndFork,C6,f20off,LN,Aj_a,Activity,1,0.0,0.0,0.0,0.0,5.490727243592584
C6_multiclassAndFork,C6,f20off,LN,Af_b,Activity,1,0.0,0.0,0.0,0.0,4.572111056622901
C6_multiclassAndFork,C6,f20off,LN,Ab1,Activity,1,1.9198150724549632,1.919815078688563,0.39999999870120834,0.19077469262688906,4.799537696721407
C6_multiclassAndFork,C6,f20off,LN,Ab2,Activity,1,2.8797226086824455,2.8797226180328455,0.5999999980518125,0.2861620389403336,4.7995376967214085
C6_multiclassAndFork,C6,f20off,LN,Aj_b,Activity,1,0.0,0.0,0.0,0.0,4.572111056622902
B_scaleAxis_tasks5_chain,B,f20off,LN,P1,Processor,1,NaN,0.0,NaN,NaN,NaN
B_scaleAxis_tasks5_chain,B,f20off,LN,P2,Processor,1,NaN,0.0,NaN,NaN,NaN
B_scaleAxis_tasks5_chain,B,f20off,LN,P3,Processor,1,NaN,0.0,NaN,NaN,NaN
B_scaleAxis_tasks5_chain,B,f20off,LN,P4,Processor,1,NaN,0.0,NaN,NaN,NaN
B_scaleAxis_tasks5_chain,B,f20off,LN,P5,Processor,1,NaN,0.9999812490472832,NaN,NaN,NaN
B_scaleAxis_tasks5_chain,B,f20off,LN,T1,RefTask,1,27.104898755952473,0.0,NaN,0.0,4.8522772365066915
B_scaleAxis_tasks5_chain,B,f20off,LN,T2,Task,1,27.175200307154796,0.0,NaN,0.0,4.890501544846851
B_scaleAxis_tasks5_chain,B,f20off,LN,T3,Task,1,27.249384396435143,0.0,NaN,0.0,4.9216840994156215
B_scaleAxis_tasks5_chain,B,f20off,LN,T4,Task,1,27.318957404593803,0.0,NaN,0.0,4.946240791616331
B_scaleAxis_tasks5_chain,B,f20off,LN,T5,Task,1,27.571741815481023,0.9999812490472832,NaN,5.514451764320495,4.999906245236417
B_scaleAxis_tasks5_chain,B,f20off,LN,E1,Entry,1,27.104898755952473,NaN,5.586016098178708,NaN,4.8522772365066915
B_scaleAxis_tasks5_chain,B,f20off,LN,E2,Entry,1,27.175200307154796,NaN,5.556730747951498,NaN,4.890501544846851
B_scaleAxis_tasks5_chain,B,f20off,LN,E3,Entry,1,27.249384396435143,NaN,5.536597604805764,NaN,4.9216840994156215
B_scaleAxis_tasks5_chain,B,f20off,LN,E4,Entry,1,27.318957404593803,NaN,5.523175792593494,NaN,4.946240791616331
B_scaleAxis_tasks5_chain,B,f20off,LN,E5,Entry,1,27.571741815481023,NaN,5.514451764320495,NaN,4.999906245236417
B_scaleAxis_tasks5_chain,B,f20off,LN,AS1,Activity,1,27.10489881146017,0.0,5.586016109618221,0.0,4.852277236506693
B_scaleAxis_tasks5_chain,B,f20off,LN,AS2,Activity,1,27.17520036304474,0.0,5.55673075937976,0.0,4.8905015448468525
B_scaleAxis_tasks5_chain,B,f20off,LN,AS3,Activity,1,27.24938445263691,0.0,5.536597616224977,0.0,4.921684099415622
B_scaleAxis_tasks5_chain,B,f20off,LN,AS4,Activity,1,27.318957461041137,0.0,5.523175804005661,0.0,4.946240791616333
B_scaleAxis_tasks5_chain,B,f20off,LN,AS5,Activity,1,27.528122301382076,0.9999812490472832,5.50572769791615,5.514451764320495,4.999906245236416
B_scaleAxis_tasks10_chain,B,f20off,LN,P1,Processor,1,NaN,0.0,NaN,NaN,NaN
B_scaleAxis_tasks10_chain,B,f20off,LN,P2,Processor,1,NaN,0.0,NaN,NaN,NaN
B_scaleAxis_tasks10_chain,B,f20off,LN,P3,Processor,1,NaN,0.0,NaN,NaN,NaN
B_scaleAxis_tasks10_chain,B,f20off,LN,P4,Processor,1,NaN,0.0,NaN,NaN,NaN
B_scaleAxis_tasks10_chain,B,f20off,LN,P5,Processor,1,NaN,0.0,NaN,NaN,NaN
B_scaleAxis_tasks10_chain,B,f20off,LN,P6,Processor,1,NaN,0.0,NaN,NaN,NaN
B_scaleAxis_tasks10_chain,B,f20off,LN,P7,Processor,1,NaN,0.0,NaN,NaN,NaN
B_scaleAxis_tasks10_chain,B,f20off,LN,P8,Processor,1,NaN,0.0,NaN,NaN,NaN
B_scaleAxis_tasks10_chain,B,f20off,LN,P9,Processor,1,NaN,0.0,NaN,NaN,NaN
B_scaleAxis_tasks10_chain,B,f20off,LN,P10,Processor,1,NaN,0.999980944145422,NaN,NaN,NaN
B_scaleAxis_tasks10_chain,B,f20off,LN,T1,RefTask,1,27.226448674501388,0.0,NaN,0.0,4.865427739475461
B_scaleAxis_tasks10_chain,B,f20off,LN,T2,Task,1,27.263343040494448,0.0,NaN,0.0,4.8932242418831216
B_scaleAxis_tasks10_chain,B,f20off,LN,T3,Task,1,27.30209856551375,0.0,NaN,0.0,4.9169933051240875
B_scaleAxis_tasks10_chain,B,f20off,LN,T4,Task,1,27.339366627870884,0.0,NaN,0.0,4.936691024443501
B_scaleAxis_tasks10_chain,B,f20off,LN,T5,Task,1,27.373014615181468,0.0,NaN,0.0,4.952563199432591
B_scaleAxis_tasks10_chain,B,f20off,LN,T6,Task,1,27.401965979065906,0.0,NaN,0.0,4.965036864415581
B_scaleAxis_tasks10_chain,B,f20off,LN,T7,Task,1,27.4259943559156,0.0,NaN,0.0,4.974633971100928
B_scaleAxis_tasks10_chain,B,f20off,LN,T8,Task,1,27.44564872693922,0.0,NaN,0.0,4.981933851169741
B_scaleAxis_tasks10_chain,B,f20off,LN,T9,Task,1,27.46257472657651,0.0,NaN,0.0,4.987625607375029
B_scaleAxis_tasks10_chain,B,f20off,LN,T10,Task,1,27.520197216406004,0.999980944145422,NaN,5.5041443294551184,4.999904720727111
B_scaleAxis_tasks10_chain,B,f20off,LN,E1,Entry,1,27.226448674501388,NaN,5.595900326214003,NaN,4.865427739475461
B_scaleAxis_tasks10_chain,B,f20off,LN,E2,Entry,1,27.263343040494448,NaN,5.571652083126758,NaN,4.8932242418831216
B_scaleAxis_tasks10_chain,B,f20off,LN,E3,Entry,1,27.30209856551375,NaN,5.55260031309413,NaN,4.9169933051240875
B_scaleAxis_tasks10_chain,B,f20off,LN,E4,Entry,1,27.339366627870884,NaN,5.537994274404235,NaN,4.936691024443501
B_scaleAxis_tasks10_chain,B,f20off,LN,E5,Entry,1,27.373014615181468,NaN,5.527039941321205,NaN,4.952563199432591
B_scaleAxis_tasks10_chain,B,f20off,LN,E6,Entry,1,27.401965979065906,NaN,5.518985402798475,NaN,4.965036864415581
B_scaleAxis_tasks10_chain,B,f20off,LN,E7,Entry,1,27.4259943559156,NaN,5.513168308510947,NaN,4.974633971100928
B_scaleAxis_tasks10_chain,B,f20off,LN,E8,Entry,1,27.44564872693922,NaN,5.509035155192812,NaN,4.981933851169741
B_scaleAxis_tasks10_chain,B,f20off,LN,E9,Entry,1,27.46257472657651,NaN,5.506141977851857,NaN,4.987625607375029
B_scaleAxis_tasks10_chain,B,f20off,LN,E10,Entry,1,27.520197216406004,NaN,5.5041443294551184,NaN,4.999904720727111
B_scaleAxis_tasks10_chain,B,f20off,LN,AS1,Activity,1,27.226448730140593,0.0,5.595900337649626,0.0,4.865427739475462
B_scaleAxis_tasks10_chain,B,f20off,LN,AS2,Activity,1,27.263343096411614,0.0,5.571652094554226,0.0,4.893224241883122
B_scaleAxis_tasks10_chain,B,f20off,LN,AS3,Activity,1,27.302098621668605,0.0,5.552600324514697,0.0,4.916993305124088
B_scaleAxis_tasks10_chain,B,f20off,LN,AS4,Activity,1,27.33936668422272,0.0,5.537994285819134,0.0,4.936691024443502
B_scaleAxis_tasks10_chain,B,f20off,LN,AS5,Activity,1,27.373014671692026,0.0,5.5270399527315694,0.0,4.952563199432593
B_scaleAxis_tasks10_chain,B,f20off,LN,AS6,Activity,1,27.401966035701204,0.0,5.5189854142052965,0.0,4.965036864415583
B_scaleAxis_tasks10_chain,B,f20off,LN,AS7,Activity,1,27.42599441264686,0.0,5.513168319915054,0.0,4.974633971100929
B_scaleAxis_tasks10_chain,B,f20off,LN,AS8,Activity,1,27.445648783743486,0.0,5.509035166594862,0.0,4.981933851169742
B_scaleAxis_tasks10_chain,B,f20off,LN,AS9,Activity,1,27.462574783437695,0.0,5.506141989252306,0.0,4.987625607375031
B_scaleAxis_tasks10_chain,B,f20off,LN,AS10,Activity,1,27.51020897469416,0.999980944145422,5.502146643045129,5.5041443294551184,4.99990472072711
B_scaleAxis_tasks20_chain,B,f20off,LN,P1,Processor,1,NaN,0.0,NaN,NaN,NaN
B_scaleAxis_tasks20_chain,B,f20off,LN,P2,Processor,1,NaN,0.0,NaN,NaN,NaN
B_scaleAxis_tasks20_chain,B,f20off,LN,P3,Processor,1,NaN,0.0,NaN,NaN,NaN
B_scaleAxis_tasks20_chain,B,f20off,LN,P4,Processor,1,NaN,0.0,NaN,NaN,NaN
B_scaleAxis_tasks20_chain,B,f20off,LN,P5,Processor,1,NaN,0.0,NaN,NaN,NaN
B_scaleAxis_tasks20_chain,B,f20off,LN,P6,Processor,1,NaN,0.0,NaN,NaN,NaN
B_scaleAxis_tasks20_chain,B,f20off,LN,P7,Processor,1,NaN,0.0,NaN,NaN,NaN
B_scaleAxis_tasks20_chain,B,f20off,LN,P8,Processor,1,NaN,0.0,NaN,NaN,NaN
B_scaleAxis_tasks20_chain,B,f20off,LN,P9,Processor,1,NaN,0.0,NaN,NaN,NaN
B_scaleAxis_tasks20_chain,B,f20off,LN,P10,Processor,1,NaN,0.0,NaN,NaN,NaN
B_scaleAxis_tasks20_chain,B,f20off,LN,P11,Processor,1,NaN,0.0,NaN,NaN,NaN
B_scaleAxis_tasks20_chain,B,f20off,LN,P12,Processor,1,NaN,0.0,NaN,NaN,NaN
B_scaleAxis_tasks20_chain,B,f20off,LN,P13,Processor,1,NaN,0.0,NaN,NaN,NaN
B_scaleAxis_tasks20_chain,B,f20off,LN,P14,Processor,1,NaN,0.0,NaN,NaN,NaN
B_scaleAxis_tasks20_chain,B,f20off,LN,P15,Processor,1,NaN,0.0,NaN,NaN,NaN
B_scaleAxis_tasks20_chain,B,f20off,LN,P16,Processor,1,NaN,0.0,NaN,NaN,NaN
B_scaleAxis_tasks20_chain,B,f20off,LN,P17,Processor,1,NaN,0.0,NaN,NaN,NaN
B_scaleAxis_tasks20_chain,B,f20off,LN,P18,Processor,1,NaN,0.0,NaN,NaN,NaN
B_scaleAxis_tasks20_chain,B,f20off,LN,P19,Processor,1,NaN,0.0,NaN,NaN,NaN
B_scaleAxis_tasks20_chain,B,f20off,LN,P20,Processor,1,NaN,0.9999807927863684,NaN,NaN,NaN
B_scaleAxis_tasks20_chain,B,f20off,LN,T1,RefTask,1,27.318103796368067,0.0,NaN,0.0,4.869306741982028
B_scaleAxis_tasks20_chain,B,f20off,LN,T2,Task,1,27.332873130585106,0.0,NaN,0.0,4.889454719927093
B_scaleAxis_tasks20_chain,B,f20off,LN,T3,Task,1,27.349741751709335,0.0,NaN,0.0,4.907645606676159
B_scaleAxis_tasks20_chain,B,f20off,LN,T4,Task,1,27.367569668257612,0.0,NaN,0.0,4.923765548082426
B_scaleAxis_tasks20_chain,B,f20off,LN,T5,Task,1,27.38540652991527,0.0,NaN,0.0,4.937800939254723
B_scaleAxis_tasks20_chain,B,f20off,LN,T6,Task,1,27.40251600464447,0.0,NaN,0.0,4.949820053951312
B_scaleAxis_tasks20_chain,B,f20off,LN,T7,Task,1,27.418376663207436,0.0,NaN,0.0,4.959952603677434
B_scaleAxis_tasks20_chain,B,f20off,LN,T8,Task,1,27.432663334654503,0.0,NaN,0.0,4.968369455271976
B_scaleAxis_tasks20_chain,B,f20off,LN,T9,Task,1,27.445217061316804,0.0,NaN,0.0,4.975264340355514
B_scaleAxis_tasks20_chain,B,f20off,LN,T10,Task,1,27.45601000007611,0.0,NaN,0.0,4.980838616106545
B_scaleAxis_tasks20_chain,B,f20off,LN,T11,Task,1,27.465110137517826,0.0,NaN,0.0,4.985289516550914
B_scaleAxis_tasks20_chain,B,f20off,LN,T12,Task,1,27.472649231633213,0.0,NaN,0.0,4.988801858685825
B_scaleAxis_tasks20_chain,B,f20off,LN,T13,Task,1,27.478795866334867,0.0,NaN,0.0,4.991542846047649
B_scaleAxis_tasks20_chain,B,f20off,LN,T14,Task,1,27.483734484891947,0.0,NaN,0.0,4.993659458829615
B_scaleAxis_tasks20_chain,B,f20off,LN,T15,Task,1,27.48765071566616,0.0,NaN,0.0,4.995277914899194
B_scaleAxis_tasks20_chain,B,f20off,LN,T16,Task,1,27.490723572561272,0.0,NaN,0.0,4.9965048536604835
B_scaleAxis_tasks20_chain,B,f20off,LN,T17,Task,1,27.493126676347703,0.0,NaN,0.0,4.997430299015086
B_scaleAxis_tasks20_chain,B,f20off,LN,T18,Task,1,27.49504417851652,0.0,NaN,0.0,4.99813320789184
B_scaleAxis_tasks20_chain,B,f20off,LN,T19,Task,1,27.496713028052124,0.0,NaN,0.0,4.998691582338012
B_scaleAxis_tasks20_chain,B,f20off,LN,T20,Task,1,27.502379885234905,0.9999807927863684,NaN,5.500581627893405,4.9999039639318426
B_scaleAxis_tasks20_chain,B,f20off,LN,E1,Entry,1,27.318103796368067,NaN,5.610265535509962,NaN,4.869306741982028
B_scaleAxis_tasks20_chain,B,f20off,LN,E2,Entry,1,27.332873130585106,NaN,5.590167962736071,NaN,4.889454719927093
B_scaleAxis_tasks20_chain,B,f20off,LN,E3,Entry,1,27.349741751709335,NaN,5.572884422319304,NaN,4.907645606676159
B_scaleAxis_tasks20_chain,B,f20off,LN,E4,Entry,1,27.367569668257612,NaN,5.558260116368861,NaN,4.923765548082426
B_scaleAxis_tasks20_chain,B,f20off,LN,E5,Entry,1,27.38540652991527,NaN,5.54607341746114,NaN,4.937800939254723
B_scaleAxis_tasks20_chain,B,f20off,LN,E6,Entry,1,27.40251600464447,NaN,5.536063070165501,NaN,4.949820053951312
B_scaleAxis_tasks20_chain,B,f20off,LN,E7,Entry,1,27.418376663207436,NaN,5.527951344308968,NaN,4.959952603677434
B_scaleAxis_tasks20_chain,B,f20off,LN,E8,Entry,1,27.432663334654503,NaN,5.5214620373179955,NaN,4.968369455271976
B_scaleAxis_tasks20_chain,B,f20off,LN,E9,Entry,1,27.445217061316804,NaN,5.5163334415625584,NaN,4.975264340355514
B_scaleAxis_tasks20_chain,B,f20off,LN,E10,Entry,1,27.45601000007611,NaN,5.51232676186126,NaN,4.980838616106545
B_scaleAxis_tasks20_chain,B,f20off,LN,E11,Entry,1,27.465110137517826,NaN,5.509230716959371,NaN,4.985289516550914
B_scaleAxis_tasks20_chain,B,f20off,LN,E12,Entry,1,27.472649231633213,NaN,5.506863172727849,NaN,4.988801858685825
B_scaleAxis_tasks20_chain,B,f20off,LN,E13,Entry,1,27.478795866334867,NaN,5.505070619216029,NaN,4.991542846047649
B_scaleAxis_tasks20_chain,B,f20off,LN,E14,Entry,1,27.483734484891947,NaN,5.503726217512923,NaN,4.993659458829615
B_scaleAxis_tasks20_chain,B,f20off,LN,E15,Entry,1,27.48765071566616,NaN,5.502727012180836,NaN,4.995277914899194
B_scaleAxis_tasks20_chain,B,f20off,LN,E16,Entry,1,27.490723572561272,NaN,5.501990767090184,NaN,4.9965048536604835
B_scaleAxis_tasks20_chain,B,f20off,LN,E17,Entry,1,27.493126676347703,NaN,5.501452752981099,NaN,4.997430299015086
B_scaleAxis_tasks20_chain,B,f20off,LN,E18,Entry,1,27.49504417851652,NaN,5.50106270379169,NaN,4.99813320789184
B_scaleAxis_tasks20_chain,B,f20off,LN,E19,Entry,1,27.496713028052124,NaN,5.500782069693372,NaN,4.998691582338012
B_scaleAxis_tasks20_chain,B,f20off,LN,E20,Entry,1,27.502379885234905,NaN,5.500581627893405,NaN,4.9999039639318426
B_scaleAxis_tasks20_chain,B,f20off,LN,AS1,Activity,1,27.318103852046065,0.0,5.610265546944441,0.0,4.8693067419820295
B_scaleAxis_tasks20_chain,B,f20off,LN,AS2,Activity,1,27.33287318646458,0.0,5.59016797416464,0.0,4.889454719927095
B_scaleAxis_tasks20_chain,B,f20off,LN,AS3,Activity,1,27.349741807770716,0.0,5.572884433742577,0.0,4.90764560667616
B_scaleAxis_tasks20_chain,B,f20off,LN,AS4,Activity,1,27.3675697244802,0.0,5.558260127787475,0.0,4.923765548082428
B_scaleAxis_tasks20_chain,B,f20off,LN,AS5,Activity,1,27.385406586278204,0.0,5.546073428875721,0.0,4.937800939254724
B_scaleAxis_tasks20_chain,B,f20off,LN,AS6,Activity,1,27.402516061127596,0.0,5.536063081576647,0.0,4.9498200539513135
B_scaleAxis_tasks20_chain,B,f20off,LN,AS7,Activity,1,27.41837671979189,0.0,5.5279513557172315,0.0,4.9599526036774355
B_scaleAxis_tasks20_chain,B,f20off,LN,AS8,Activity,1,27.432663391323118,0.0,5.521462048723873,0.0,4.968369455271977
B_scaleAxis_tasks20_chain,B,f20off,LN,AS9,Activity,1,27.445217118054376,0.0,5.516333452966488,0.0,4.9752643403555155
B_scaleAxis_tasks20_chain,B,f20off,LN,AS10,Activity,1,27.456010056869427,0.0,5.512326773263618,0.0,4.9808386161065465
B_scaleAxis_tasks20_chain,B,f20off,LN,AS11,Activity,1,27.465110194355645,0.0,5.5092307283604764,0.0,4.985289516550915
B_scaleAxis_tasks20_chain,B,f20off,LN,AS12,Activity,1,27.47264928850616,0.0,5.506863184127969,0.0,4.988801858685827
B_scaleAxis_tasks20_chain,B,f20off,LN,AS13,Activity,1,27.47879592323522,0.0,5.505070630615379,0.0,4.99154284604765
B_scaleAxis_tasks20_chain,B,f20off,LN,AS14,Activity,1,27.483734541813465,0.0,5.50372622891168,0.0,4.993659458829616
B_scaleAxis_tasks20_chain,B,f20off,LN,AS15,Activity,1,27.487650772603864,0.0,5.502727023579141,0.0,4.995277914899195
B_scaleAxis_tasks20_chain,B,f20off,LN,AS16,Activity,1,27.490723629511248,0.0,5.501990778488145,0.0,4.996504853660485
B_scaleAxis_tasks20_chain,B,f20off,LN,AS17,Activity,1,27.49312673330693,0.0,5.501452764378802,0.0,4.997430299015087
B_scaleAxis_tasks20_chain,B,f20off,LN,AS18,Activity,1,27.495044235482773,0.0,5.501062715189195,0.0,4.998133207891841
B_scaleAxis_tasks20_chain,B,f20off,LN,AS19,Activity,1,27.496713085023966,0.0,5.500782081090722,0.0,4.9986915823380125
B_scaleAxis_tasks20_chain,B,f20off,LN,AS20,Activity,1,27.50137750560844,0.9999807927863684,5.500381148117455,5.500581627893405,4.999903963931842
B_scaleAxis_tasks40_chain,B,f20off,LN,P1,Processor,1,NaN,0.0,NaN,NaN,NaN
B_scaleAxis_tasks40_chain,B,f20off,LN,P2,Processor,1,NaN,0.0,NaN,NaN,NaN
B_scaleAxis_tasks40_chain,B,f20off,LN,P3,Processor,1,NaN,0.0,NaN,NaN,NaN
B_scaleAxis_tasks40_chain,B,f20off,LN,P4,Processor,1,NaN,0.0,NaN,NaN,NaN
B_scaleAxis_tasks40_chain,B,f20off,LN,P5,Processor,1,NaN,0.0,NaN,NaN,NaN
B_scaleAxis_tasks40_chain,B,f20off,LN,P6,Processor,1,NaN,0.0,NaN,NaN,NaN
B_scaleAxis_tasks40_chain,B,f20off,LN,P7,Processor,1,NaN,0.0,NaN,NaN,NaN
B_scaleAxis_tasks40_chain,B,f20off,LN,P8,Processor,1,NaN,0.0,NaN,NaN,NaN
B_scaleAxis_tasks40_chain,B,f20off,LN,P9,Processor,1,NaN,0.0,NaN,NaN,NaN
B_scaleAxis_tasks40_chain,B,f20off,LN,P10,Processor,1,NaN,0.0,NaN,NaN,NaN
B_scaleAxis_tasks40_chain,B,f20off,LN,P11,Processor,1,NaN,0.0,NaN,NaN,NaN
B_scaleAxis_tasks40_chain,B,f20off,LN,P12,Processor,1,NaN,0.0,NaN,NaN,NaN
B_scaleAxis_tasks40_chain,B,f20off,LN,P13,Processor,1,NaN,0.0,NaN,NaN,NaN
B_scaleAxis_tasks40_chain,B,f20off,LN,P14,Processor,1,NaN,0.0,NaN,NaN,NaN
B_scaleAxis_tasks40_chain,B,f20off,LN,P15,Processor,1,NaN,0.0,NaN,NaN,NaN
B_scaleAxis_tasks40_chain,B,f20off,LN,P16,Processor,1,NaN,0.0,NaN,NaN,NaN
B_scaleAxis_tasks40_chain,B,f20off,LN,P17,Processor,1,NaN,0.0,NaN,NaN,NaN
B_scaleAxis_tasks40_chain,B,f20off,LN,P18,Processor,1,NaN,0.0,NaN,NaN,NaN
B_scaleAxis_tasks40_chain,B,f20off,LN,P19,Processor,1,NaN,0.0,NaN,NaN,NaN
B_scaleAxis_tasks40_chain,B,f20off,LN,P20,Processor,1,NaN,0.0,NaN,NaN,NaN
B_scaleAxis_tasks40_chain,B,f20off,LN,P21,Processor,1,NaN,0.0,NaN,NaN,NaN
B_scaleAxis_tasks40_chain,B,f20off,LN,P22,Processor,1,NaN,0.0,NaN,NaN,NaN
B_scaleAxis_tasks40_chain,B,f20off,LN,P23,Processor,1,NaN,0.0,NaN,NaN,NaN
B_scaleAxis_tasks40_chain,B,f20off,LN,P24,Processor,1,NaN,0.0,NaN,NaN,NaN
B_scaleAxis_tasks40_chain,B,f20off,LN,P25,Processor,1,NaN,0.0,NaN,NaN,NaN
B_scaleAxis_tasks40_chain,B,f20off,LN,P26,Processor,1,NaN,0.0,NaN,NaN,NaN
B_scaleAxis_tasks40_chain,B,f20off,LN,P27,Processor,1,NaN,0.0,NaN,NaN,NaN
B_scaleAxis_tasks40_chain,B,f20off,LN,P28,Processor,1,NaN,0.0,NaN,NaN,NaN
B_scaleAxis_tasks40_chain,B,f20off,LN,P29,Processor,1,NaN,0.0,NaN,NaN,NaN
B_scaleAxis_tasks40_chain,B,f20off,LN,P30,Processor,1,NaN,0.0,NaN,NaN,NaN
B_scaleAxis_tasks40_chain,B,f20off,LN,P31,Processor,1,NaN,0.0,NaN,NaN,NaN
B_scaleAxis_tasks40_chain,B,f20off,LN,P32,Processor,1,NaN,0.0,NaN,NaN,NaN
B_scaleAxis_tasks40_chain,B,f20off,LN,P33,Processor,1,NaN,0.0,NaN,NaN,NaN
B_scaleAxis_tasks40_chain,B,f20off,LN,P34,Processor,1,NaN,0.0,NaN,NaN,NaN
B_scaleAxis_tasks40_chain,B,f20off,LN,P35,Processor,1,NaN,0.0,NaN,NaN,NaN
B_scaleAxis_tasks40_chain,B,f20off,LN,P36,Processor,1,NaN,0.0,NaN,NaN,NaN
B_scaleAxis_tasks40_chain,B,f20off,LN,P37,Processor,1,NaN,0.0,NaN,NaN,NaN
B_scaleAxis_tasks40_chain,B,f20off,LN,P38,Processor,1,NaN,0.0,NaN,NaN,NaN
B_scaleAxis_tasks40_chain,B,f20off,LN,P39,Processor,1,NaN,0.0,NaN,NaN,NaN
B_scaleAxis_tasks40_chain,B,f20off,LN,P40,Processor,1,NaN,0.9999807705359555,NaN,NaN,NaN
B_scaleAxis_tasks40_chain,B,f20off,LN,T1,RefTask,1,27.38146468640497,0.0,NaN,0.0,4.850286152600505
B_scaleAxis_tasks40_chain,B,f20off,LN,T2,Task,1,27.384025031636305,0.0,NaN,0.0,4.865970101099788
B_scaleAxis_tasks40_chain,B,f20off,LN,T3,Task,1,27.388262020593537,0.0,NaN,0.0,4.880855812270106
B_scaleAxis_tasks40_chain,B,f20off,LN,T4,Task,1,27.39385804007555,0.0,NaN,0.0,4.89483128501281
B_scaleAxis_tasks40_chain,B,f20off,LN,T5,Task,1,27.400491991285467,0.0,NaN,0.0,4.907814501103932
B_scaleAxis_tasks40_chain,B,f20off,LN,T6,Task,1,27.407853587703105,0.0,NaN,0.0,4.919753044346991
B_scaleAxis_tasks40_chain,B,f20off,LN,T7,Task,1,27.41565483968914,0.0,NaN,0.0,4.930622459099638
B_scaleAxis_tasks40_chain,B,f20off,LN,T8,Task,1,27.423638265656884,0.0,NaN,0.0,4.940423612518969
B_scaleAxis_tasks40_chain,B,f20off,LN,T9,Task,1,27.431583413933854,0.0,NaN,0.0,4.949179368560452
B_scaleAxis_tasks40_chain,B,f20off,LN,T10,Task,1,27.439308095909897,0.0,NaN,0.0,4.956930751001339
B_scaleAxis_tasks40_chain,B,f20off,LN,T11,Task,1,27.446669477907072,0.0,NaN,0.0,4.963733070882377
B_scaleAxis_tasks40_chain,B,f20off,LN,T12,Task,1,27.45356232213588,0.0,NaN,0.0,4.969652053595955
B_scaleAxis_tasks40_chain,B,f20off,LN,T13,Task,1,27.45991579992362,0.0,NaN,0.0,4.9747602230440275
B_scaleAxis_tasks40_chain,B,f20off,LN,T14,Task,1,27.465689335668145,0.0,NaN,0.0,4.979133670364421
B_scaleAxis_tasks40_chain,B,f20off,LN,T15,Task,1,27.470867935150732,0.0,NaN,0.0,4.982849287976383
B_scaleAxis_tasks40_chain,B,f20off,LN,T16,Task,1,27.475457322250698,0.0,NaN,0.0,4.9859825046985
B_scaleAxis_tasks40_chain,B,f20off,LN,T17,Task,1,27.479479243633406,0.0,NaN,0.0,4.988605525397446
B_scaleAxis_tasks40_chain,B,f20off,LN,T18,Task,1,27.482967118328776,0.0,NaN,0.0,4.990786045217826
B_scaleAxis_tasks40_chain,B,f20off,LN,T19,Task,1,27.48596218686747,0.0,NaN,0.0,4.992586392298641
B_scaleAxis_tasks40_chain,B,f20off,LN,T20,Task,1,27.48851023628915,0.0,NaN,0.0,4.99406304001003
B_scaleAxis_tasks40_chain,B,f20off,LN,T21,Task,1,27.49065892373804,0.0,NaN,0.0,4.99526642459732
B_scaleAxis_tasks40_chain,B,f20off,LN,T22,Task,1,27.49245568060783,0.0,NaN,0.0,4.996241004197845
B_scaleAxis_tasks40_chain,B,f20off,LN,T23,Task,1,27.493946150764284,0.0,NaN,0.0,4.997025499072252
B_scaleAxis_tasks40_chain,B,f20off,LN,T24,Task,1,27.495173098835227,0.0,NaN,0.0,4.9976532592499705
B_scaleAxis_tasks40_chain,B,f20off,LN,T25,Task,1,27.49617571601244,0.0,NaN,0.0,4.998152713507714
B_scaleAxis_tasks40_chain,B,f20off,LN,T26,Task,1,27.49698924921979,0.0,NaN,0.0,4.998547861791654
B_scaleAxis_tasks40_chain,B,f20off,LN,T27,Task,1,27.49764488290454,0.0,NaN,0.0,4.998858781202225
B_scaleAxis_tasks40_chain,B,f20off,LN,T28,Task,1,27.49816980938568,0.0,NaN,0.0,4.999102123042853
B_scaleAxis_tasks40_chain,B,f20off,LN,T29,Task,1,27.498587432215835,0.0,NaN,0.0,4.999291584926874
B_scaleAxis_tasks40_chain,B,f20off,LN,T30,Task,1,27.498917656301543,0.0,NaN,0.0,4.999438347423819
B_scaleAxis_tasks40_chain,B,f20off,LN,T31,Task,1,27.499177227849007,0.0,NaN,0.0,4.999551469203911
B_scaleAxis_tasks40_chain,B,f20off,LN,T32,Task,1,27.49938009621835,0.0,NaN,0.0,4.999638238201116
B_scaleAxis_tasks40_chain,B,f20off,LN,T33,Task,1,27.499537778643088,0.0,NaN,0.0,4.9997044791486545
B_scaleAxis_tasks40_chain,B,f20off,LN,T34,Task,1,27.4996597184291,0.0,NaN,0.0,4.999754820267315
B_scaleAxis_tasks40_chain,B,f20off,LN,T35,Task,1,27.49975363990228,0.0,NaN,0.0,4.999792924444428
B_scaleAxis_tasks40_chain,B,f20off,LN,T36,Task,1,27.499825923413876,0.0,NaN,0.0,4.999821693844184
B_scaleAxis_tasks40_chain,B,f20off,LN,T37,Task,1,27.499882058971412,0.0,NaN,0.0,4.9998434630592925
B_scaleAxis_tasks40_chain,B,f20off,LN,T38,Task,1,27.49992730032869,0.0,NaN,0.0,4.9998602070502445
B_scaleAxis_tasks40_chain,B,f20off,LN,T39,Task,1,27.499967751366068,0.0,NaN,0.0,4.999873809685525
B_scaleAxis_tasks40_chain,B,f20off,LN,T40,Task,1,27.50010789822725,0.9999807705359555,NaN,5.5001273441464535,4.999903852679778
B_scaleAxis_tasks40_chain,B,f20off,LN,E1,Entry,1,27.38146468640497,NaN,5.645329744457296,NaN,4.850286152600505
B_scaleAxis_tasks40_chain,B,f20off,LN,E2,Entry,1,27.384025031636305,NaN,5.627659945022488,NaN,4.865970101099788
B_scaleAxis_tasks40_chain,B,f20off,LN,E3,Entry,1,27.388262020593537,NaN,5.611364702014245,NaN,4.880855812270106
B_scaleAxis_tasks40_chain,B,f20off,LN,E4,Entry,1,27.39385804007555,NaN,5.596486670327364,NaN,4.89483128501281
B_scaleAxis_tasks40_chain,B,f20off,LN,E5,Entry,1,27.400491991285467,NaN,5.583033341036459,NaN,4.907814501103932
B_scaleAxis_tasks40_chain,B,f20off,LN,E6,Entry,1,27.407853587703105,NaN,5.570981579897778,NaN,4.919753044346991
B_scaleAxis_tasks40_chain,B,f20off,LN,E7,Entry,1,27.41565483968914,NaN,5.560282716250679,NaN,4.930622459099638
B_scaleAxis_tasks40_chain,B,f20off,LN,E8,Entry,1,27.423638265656884,NaN,5.550867783111906,NaN,4.940423612518969
B_scaleAxis_tasks40_chain,B,f20off,LN,E9,Entry,1,27.431583413933854,NaN,5.542652906902577,NaN,4.949179368560452
B_scaleAxis_tasks40_chain,B,f20off,LN,E10,Entry,1,27.439308095909897,NaN,5.5355439634428905,NaN,4.956930751001339
B_scaleAxis_tasks40_chain,B,f20off,LN,E11,Entry,1,27.446669477907072,NaN,5.529441065014405,NaN,4.963733070882377
B_scaleAxis_tasks40_chain,B,f20off,LN,E12,Entry,1,27.45356232213588,NaN,5.524242346558438,NaN,4.969652053595955
B_scaleAxis_tasks40_chain,B,f20off,LN,E13,Entry,1,27.45991579992362,NaN,5.519847101921438,NaN,4.9747602230440275
B_scaleAxis_tasks40_chain,B,f20off,LN,E14,Entry,1,27.465689335668145,NaN,5.516158262458927,NaN,4.979133670364421
B_scaleAxis_tasks40_chain,B,f20off,LN,E15,Entry,1,27.470867935150732,NaN,5.5130842511006595,NaN,4.982849287976383
B_scaleAxis_tasks40_chain,B,f20off,LN,E16,Entry,1,27.475457322250698,NaN,5.510540258887676,NaN,4.9859825046985
B_scaleAxis_tasks40_chain,B,f20off,LN,E17,Entry,1,27.479479243633406,NaN,5.5084490252301705,NaN,4.988605525397446
B_scaleAxis_tasks40_chain,B,f20off,LN,E18,Entry,1,27.482967118328776,NaN,5.50674119654217,NaN,4.990786045217826
B_scaleAxis_tasks40_chain,B,f20off,LN,E19,Entry,1,27.48596218686747,NaN,5.505355346332352,NaN,4.992586392298641
B_scaleAxis_tasks40_chain,B,f20off,LN,E20,Entry,1,27.48851023628915,NaN,5.504237735099545,NaN,4.99406304001003
B_scaleAxis_tasks40_chain,B,f20off,LN,E21,Entry,1,27.49065892373804,NaN,5.50334188150017,NaN,4.99526642459732
B_scaleAxis_tasks40_chain,B,f20off,LN,E22,Entry,1,27.49245568060783,NaN,5.502628007237571,NaN,4.996241004197845
B_scaleAxis_tasks40_chain,B,f20off,LN,E23,Entry,1,27.493946150764284,NaN,5.5020624081003415,NaN,4.997025499072252
B_scaleAxis_tasks40_chain,B,f20off,LN,E24,Entry,1,27.495173098835227,NaN,5.501616793431084,NaN,4.9976532592499705
B_scaleAxis_tasks40_chain,B,f20off,LN,E25,Entry,1,27.49617571601244,NaN,5.50126762667793,NaN,4.998152713507714
B_scaleAxis_tasks40_chain,B,f20off,LN,E26,Entry,1,27.49698924921979,NaN,5.500995490991239,NaN,4.998547861791654
B_scaleAxis_tasks40_chain,B,f20off,LN,E27,Entry,1,27.49764488290454,NaN,5.500784496314849,NaN,4.998858781202225
B_scaleAxis_tasks40_chain,B,f20off,LN,E28,Entry,1,27.49816980938568,NaN,5.500621738178874,NaN,4.999102123042853
B_scaleAxis_tasks40_chain,B,f20off,LN,E29,Entry,1,27.498587432215835,NaN,5.500496813413627,NaN,4.999291584926874
B_scaleAxis_tasks40_chain,B,f20off,LN,E30,Entry,1,27.498917656301543,NaN,5.500401394182923,NaN,4.999438347423819
B_scaleAxis_tasks40_chain,B,f20off,LN,E31,Entry,1,27.499177227849007,NaN,5.5003288589461725,NaN,4.999551469203911
B_scaleAxis_tasks40_chain,B,f20off,LN,E32,Entry,1,27.49938009621835,NaN,5.500273977045328,NaN,4.999638238201116
B_scaleAxis_tasks40_chain,B,f20off,LN,E33,Entry,1,27.499537778643088,NaN,5.500232642415234,NaN,4.9997044791486545
B_scaleAxis_tasks40_chain,B,f20off,LN,E34,Entry,1,27.4996597184291,NaN,5.500201651279935,NaN,4.999754820267315
B_scaleAxis_tasks40_chain,B,f20off,LN,E35,Entry,1,27.49975363990228,NaN,5.500178518484948,NaN,4.999792924444428
B_scaleAxis_tasks40_chain,B,f20off,LN,E36,Entry,1,27.499825923413876,NaN,5.5001613272073,NaN,4.999821693844184
B_scaleAxis_tasks40_chain,B,f20off,LN,E37,Entry,1,27.499882058971412,NaN,5.50014860708156,NaN,4.9998434630592925
B_scaleAxis_tasks40_chain,B,f20off,LN,E38,Entry,1,27.49992730032869,NaN,5.500139236203317,NaN,4.9998602070502445
B_scaleAxis_tasks40_chain,B,f20off,LN,E39,Entry,1,27.499967751366068,NaN,5.500132362959721,NaN,4.999873809685525
B_scaleAxis_tasks40_chain,B,f20off,LN,E40,Entry,1,27.50010789822725,NaN,5.5001273441464535,NaN,4.999903852679778
B_scaleAxis_tasks40_chain,B,f20off,LN,AS1,Activity,1,27.381464741892763,0.0,5.645329755897401,0.0,4.850286152600507
B_scaleAxis_tasks40_chain,B,f20off,LN,AS2,Activity,1,27.384025087280932,0.0,5.627659956457951,0.0,4.86597010109979
B_scaleAxis_tasks40_chain,B,f20off,LN,AS3,Activity,1,27.38826207638702,0.0,5.6113647134453295,0.0,4.880855812270107
B_scaleAxis_tasks40_chain,B,f20off,LN,AS4,Activity,1,27.39385809600879,0.0,5.596486681754363,0.0,4.894831285012811
B_scaleAxis_tasks40_chain,B,f20off,LN,AS5,Activity,1,27.400492047348543,0.0,5.583033352459683,0.0,4.907814501103934
B_scaleAxis_tasks40_chain,B,f20off,LN,AS6,Activity,1,27.407853643885563,0.0,5.570981591317548,0.0,4.919753044346993
B_scaleAxis_tasks40_chain,B,f20off,LN,AS7,Activity,1,27.415654895980285,0.0,5.560282727667319,0.0,4.930622459099639
B_scaleAxis_tasks40_chain,B,f20off,LN,AS8,Activity,1,27.42363832204605,0.0,5.550867794525736,0.0,4.940423612518971
B_scaleAxis_tasks40_chain,B,f20off,LN,AS9,Activity,1,27.431583470410573,0.0,5.542652918313906,0.0,4.949179368560453
B_scaleAxis_tasks40_chain,B,f20off,LN,AS10,Activity,1,27.439308152464132,0.0,5.535543974852012,0.0,4.956930751001341
B_scaleAxis_tasks40_chain,B,f20off,LN,AS11,Activity,1,27.446669534529327,0.0,5.5294410764215955,0.0,4.963733070882378
B_scaleAxis_tasks40_chain,B,f20off,LN,AS12,Activity,1,27.45356237881733,0.0,5.524242357963953,0.0,4.969652053595957
B_scaleAxis_tasks40_chain,B,f20off,LN,AS13,Activity,1,27.459915856656153,0.0,5.519847113325509,0.0,4.974760223044029
B_scaleAxis_tasks40_chain,B,f20off,LN,AS14,Activity,1,27.46568939244441,0.0,5.516158273861765,0.0,4.979133670364423
B_scaleAxis_tasks40_chain,B,f20off,LN,AS15,Activity,1,27.470867991964155,0.0,5.513084262502452,0.0,4.982849287976385
B_scaleAxis_tasks40_chain,B,f20off,LN,AS16,Activity,1,27.47545737909545,0.0,5.510540270288588,0.0,4.985982504698502
B_scaleAxis_tasks40_chain,B,f20off,LN,AS17,Activity,1,27.479479300504387,0.0,5.508449036630346,0.0,4.988605525397447
B_scaleAxis_tasks40_chain,B,f20off,LN,AS18,Activity,1,27.482967175221564,0.0,5.506741207941733,0.0,4.990786045217828
B_scaleAxis_tasks40_chain,B,f20off,LN,AS19,Activity,1,27.48596224377826,0.0,5.5053553577314105,0.0,4.992586392298642
B_scaleAxis_tasks40_chain,B,f20off,LN,AS20,Activity,1,27.488510293214706,0.0,5.504237746498189,0.0,4.9940630400100305
B_scaleAxis_tasks40_chain,B,f20off,LN,AS21,Activity,1,27.49065898067563,0.0,5.503341892898477,0.0,4.995266424597322
B_scaleAxis_tasks40_chain,B,f20off,LN,AS22,Activity,1,27.49245573755516,0.0,5.502628018635606,0.0,4.996241004197846
B_scaleAxis_tasks40_chain,B,f20off,LN,AS23,Activity,1,27.493946207719468,0.0,5.502062419498157,0.0,4.997025499072254
B_scaleAxis_tasks40_chain,B,f20off,LN,AS24,Activity,1,27.495173155796692,0.0,5.501616804828724,0.0,4.997653259249972
B_scaleAxis_tasks40_chain,B,f20off,LN,AS25,Activity,1,27.49617577297889,0.0,5.50126763807543,0.0,4.998152713507715
B_scaleAxis_tasks40_chain,B,f20off,LN,AS26,Activity,1,27.496989306190198,0.0,5.500995502388629,0.0,4.998547861791656
B_scaleAxis_tasks40_chain,B,f20off,LN,AS27,Activity,1,27.497644939878057,0.0,5.500784507712152,0.0,4.998858781202227
B_scaleAxis_tasks40_chain,B,f20off,LN,AS28,Activity,1,27.49816986636162,0.0,5.5006217495761085,0.0,4.999102123042854
B_scaleAxis_tasks40_chain,B,f20off,LN,AS29,Activity,1,27.498587489193678,0.0,5.500496824810809,0.0,4.999291584926876
B_scaleAxis_tasks40_chain,B,f20off,LN,AS30,Activity,1,27.49891771328085,0.0,5.500401405580064,0.0,4.99943834742382
B_scaleAxis_tasks40_chain,B,f20off,LN,AS31,Activity,1,27.49917728482945,0.0,5.5003288703432816,0.0,4.9995514692039125
B_scaleAxis_tasks40_chain,B,f20off,LN,AS32,Activity,1,27.49938015319966,0.0,5.500273988442413,0.0,4.9996382382011175
B_scaleAxis_tasks40_chain,B,f20off,LN,AS33,Activity,1,27.499537835625055,0.0,5.500232653812301,0.0,4.999704479148655
B_scaleAxis_tasks40_chain,B,f20off,LN,AS34,Activity,1,27.499659775411576,0.0,5.500201662676988,0.0,4.9997548202673165
B_scaleAxis_tasks40_chain,B,f20off,LN,AS35,Activity,1,27.499753696885133,0.0,5.50017852988199,0.0,4.999792924444429
B_scaleAxis_tasks40_chain,B,f20off,LN,AS36,Activity,1,27.49982598039702,0.0,5.500161338604333,0.0,4.9998216938441855
B_scaleAxis_tasks40_chain,B,f20off,LN,AS37,Activity,1,27.499882115954776,0.0,5.500148618478588,0.0,4.999843463059294
B_scaleAxis_tasks40_chain,B,f20off,LN,AS38,Activity,1,27.499927357312224,0.0,5.50013924760034,0.0,4.999860207050246
B_scaleAxis_tasks40_chain,B,f20off,LN,AS39,Activity,1,27.49996780834973,0.0,5.50013237435674,0.0,4.999873809685526
B_scaleAxis_tasks40_chain,B,f20off,LN,AS40,Activity,1,27.50008261478983,0.9999807705359555,5.500122287361731,5.5001273441464535,4.999903852679777
B_scaleAxis_tasks60_chain,B,f20off,LN,P1,Processor,1,NaN,0.0,NaN,NaN,NaN
B_scaleAxis_tasks60_chain,B,f20off,LN,P2,Processor,1,NaN,0.0,NaN,NaN,NaN
B_scaleAxis_tasks60_chain,B,f20off,LN,P3,Processor,1,NaN,0.0,NaN,NaN,NaN
B_scaleAxis_tasks60_chain,B,f20off,LN,P4,Processor,1,NaN,0.0,NaN,NaN,NaN
B_scaleAxis_tasks60_chain,B,f20off,LN,P5,Processor,1,NaN,0.0,NaN,NaN,NaN
B_scaleAxis_tasks60_chain,B,f20off,LN,P6,Processor,1,NaN,0.0,NaN,NaN,NaN
B_scaleAxis_tasks60_chain,B,f20off,LN,P7,Processor,1,NaN,0.0,NaN,NaN,NaN
B_scaleAxis_tasks60_chain,B,f20off,LN,P8,Processor,1,NaN,0.0,NaN,NaN,NaN
B_scaleAxis_tasks60_chain,B,f20off,LN,P9,Processor,1,NaN,0.0,NaN,NaN,NaN
B_scaleAxis_tasks60_chain,B,f20off,LN,P10,Processor,1,NaN,0.0,NaN,NaN,NaN
B_scaleAxis_tasks60_chain,B,f20off,LN,P11,Processor,1,NaN,0.0,NaN,NaN,NaN
B_scaleAxis_tasks60_chain,B,f20off,LN,P12,Processor,1,NaN,0.0,NaN,NaN,NaN
B_scaleAxis_tasks60_chain,B,f20off,LN,P13,Processor,1,NaN,0.0,NaN,NaN,NaN
B_scaleAxis_tasks60_chain,B,f20off,LN,P14,Processor,1,NaN,0.0,NaN,NaN,NaN
B_scaleAxis_tasks60_chain,B,f20off,LN,P15,Processor,1,NaN,0.0,NaN,NaN,NaN
B_scaleAxis_tasks60_chain,B,f20off,LN,P16,Processor,1,NaN,0.0,NaN,NaN,NaN
B_scaleAxis_tasks60_chain,B,f20off,LN,P17,Processor,1,NaN,0.0,NaN,NaN,NaN
B_scaleAxis_tasks60_chain,B,f20off,LN,P18,Processor,1,NaN,0.0,NaN,NaN,NaN
B_scaleAxis_tasks60_chain,B,f20off,LN,P19,Processor,1,NaN,0.0,NaN,NaN,NaN
B_scaleAxis_tasks60_chain,B,f20off,LN,P20,Processor,1,NaN,0.0,NaN,NaN,NaN
B_scaleAxis_tasks60_chain,B,f20off,LN,P21,Processor,1,NaN,0.0,NaN,NaN,NaN
B_scaleAxis_tasks60_chain,B,f20off,LN,P22,Processor,1,NaN,0.0,NaN,NaN,NaN
B_scaleAxis_tasks60_chain,B,f20off,LN,P23,Processor,1,NaN,0.0,NaN,NaN,NaN
B_scaleAxis_tasks60_chain,B,f20off,LN,P24,Processor,1,NaN,0.0,NaN,NaN,NaN
B_scaleAxis_tasks60_chain,B,f20off,LN,P25,Processor,1,NaN,0.0,NaN,NaN,NaN
B_scaleAxis_tasks60_chain,B,f20off,LN,P26,Processor,1,NaN,0.0,NaN,NaN,NaN
B_scaleAxis_tasks60_chain,B,f20off,LN,P27,Processor,1,NaN,0.0,NaN,NaN,NaN
B_scaleAxis_tasks60_chain,B,f20off,LN,P28,Processor,1,NaN,0.0,NaN,NaN,NaN
B_scaleAxis_tasks60_chain,B,f20off,LN,P29,Processor,1,NaN,0.0,NaN,NaN,NaN
B_scaleAxis_tasks60_chain,B,f20off,LN,P30,Processor,1,NaN,0.0,NaN,NaN,NaN
B_scaleAxis_tasks60_chain,B,f20off,LN,P31,Processor,1,NaN,0.0,NaN,NaN,NaN
B_scaleAxis_tasks60_chain,B,f20off,LN,P32,Processor,1,NaN,0.0,NaN,NaN,NaN
B_scaleAxis_tasks60_chain,B,f20off,LN,P33,Processor,1,NaN,0.0,NaN,NaN,NaN
B_scaleAxis_tasks60_chain,B,f20off,LN,P34,Processor,1,NaN,0.0,NaN,NaN,NaN
B_scaleAxis_tasks60_chain,B,f20off,LN,P35,Processor,1,NaN,0.0,NaN,NaN,NaN
B_scaleAxis_tasks60_chain,B,f20off,LN,P36,Processor,1,NaN,0.0,NaN,NaN,NaN
B_scaleAxis_tasks60_chain,B,f20off,LN,P37,Processor,1,NaN,0.0,NaN,NaN,NaN
B_scaleAxis_tasks60_chain,B,f20off,LN,P38,Processor,1,NaN,0.0,NaN,NaN,NaN
B_scaleAxis_tasks60_chain,B,f20off,LN,P39,Processor,1,NaN,0.0,NaN,NaN,NaN
B_scaleAxis_tasks60_chain,B,f20off,LN,P40,Processor,1,NaN,0.0,NaN,NaN,NaN
B_scaleAxis_tasks60_chain,B,f20off,LN,P41,Processor,1,NaN,0.0,NaN,NaN,NaN
B_scaleAxis_tasks60_chain,B,f20off,LN,P42,Processor,1,NaN,0.0,NaN,NaN,NaN
B_scaleAxis_tasks60_chain,B,f20off,LN,P43,Processor,1,NaN,0.0,NaN,NaN,NaN
B_scaleAxis_tasks60_chain,B,f20off,LN,P44,Processor,1,NaN,0.0,NaN,NaN,NaN
B_scaleAxis_tasks60_chain,B,f20off,LN,P45,Processor,1,NaN,0.0,NaN,NaN,NaN
B_scaleAxis_tasks60_chain,B,f20off,LN,P46,Processor,1,NaN,0.0,NaN,NaN,NaN
B_scaleAxis_tasks60_chain,B,f20off,LN,P47,Processor,1,NaN,0.0,NaN,NaN,NaN
B_scaleAxis_tasks60_chain,B,f20off,LN,P48,Processor,1,NaN,0.0,NaN,NaN,NaN
B_scaleAxis_tasks60_chain,B,f20off,LN,P49,Processor,1,NaN,0.0,NaN,NaN,NaN
B_scaleAxis_tasks60_chain,B,f20off,LN,P50,Processor,1,NaN,0.0,NaN,NaN,NaN
B_scaleAxis_tasks60_chain,B,f20off,LN,P51,Processor,1,NaN,0.0,NaN,NaN,NaN
B_scaleAxis_tasks60_chain,B,f20off,LN,P52,Processor,1,NaN,0.0,NaN,NaN,NaN
B_scaleAxis_tasks60_chain,B,f20off,LN,P53,Processor,1,NaN,0.0,NaN,NaN,NaN
B_scaleAxis_tasks60_chain,B,f20off,LN,P54,Processor,1,NaN,0.0,NaN,NaN,NaN
B_scaleAxis_tasks60_chain,B,f20off,LN,P55,Processor,1,NaN,0.0,NaN,NaN,NaN
B_scaleAxis_tasks60_chain,B,f20off,LN,P56,Processor,1,NaN,0.0,NaN,NaN,NaN
B_scaleAxis_tasks60_chain,B,f20off,LN,P57,Processor,1,NaN,0.0,NaN,NaN,NaN
B_scaleAxis_tasks60_chain,B,f20off,LN,P58,Processor,1,NaN,0.0,NaN,NaN,NaN
B_scaleAxis_tasks60_chain,B,f20off,LN,P59,Processor,1,NaN,0.0,NaN,NaN,NaN
B_scaleAxis_tasks60_chain,B,f20off,LN,P60,Processor,1,NaN,0.9999807697975979,NaN,NaN,NaN
B_scaleAxis_tasks60_chain,B,f20off,LN,T1,RefTask,1,27.415175639967003,0.0,NaN,0.0,4.854631366965234
B_scaleAxis_tasks60_chain,B,f20off,LN,T2,Task,1,27.41566383260218,0.0,NaN,0.0,4.867408953699077
B_scaleAxis_tasks60_chain,B,f20off,LN,T3,Task,1,27.417169627229015,0.0,NaN,0.0,4.879659397200175
B_scaleAxis_tasks60_chain,B,f20off,LN,T4,Task,1,27.419558602811428,0.0,NaN,0.0,4.891316998719654
B_scaleAxis_tasks60_chain,B,f20off,LN,T5,Task,1,27.42268995951232,0.0,NaN,0.0,4.9023293956399625
B_scaleAxis_tasks60_chain,B,f20off,LN,T6,Task,1,27.42642153812248,0.0,NaN,0.0,4.9126577578722
B_scaleAxis_tasks60_chain,B,f20off,LN,T7,Task,1,27.430614204860095,0.0,NaN,0.0,4.922276539344816
B_scaleAxis_tasks60_chain,B,f20off,LN,T8,Task,1,27.435135555594382,0.0,NaN,0.0,4.931172846849052
B_scaleAxis_tasks60_chain,B,f20off,LN,T9,Task,1,27.439862893943822,0.0,NaN,0.0,4.939345493661645
B_scaleAxis_tasks60_chain,B,f20off,LN,T10,Task,1,27.44468519866198,0.0,NaN,0.0,4.94680380980157
B_scaleAxis_tasks60_chain,B,f20off,LN,T11,Task,1,27.449505667396675,0.0,NaN,0.0,4.953566304155618
B_scaleAxis_tasks60_chain,B,f20off,LN,T12,Task,1,27.454241053024994,0.0,NaN,0.0,4.959659140692661
B_scaleAxis_tasks60_chain,B,f20off,LN,T13,Task,1,27.4588226775372,0.0,NaN,0.0,4.965114706404449
B_scaleAxis_tasks60_chain,B,f20off,LN,T14,Task,1,27.463196027372955,0.0,NaN,0.0,4.969970134477157
B_scaleAxis_tasks60_chain,B,f20off,LN,T15,Task,1,27.467319966528997,0.0,NaN,0.0,4.974265907221794
B_scaleAxis_tasks60_chain,B,f20off,LN,T16,Task,1,27.47116564471608,0.0,NaN,0.0,4.978044572329309
B_scaleAxis_tasks60_chain,B,f20off,LN,T17,Task,1,27.474715185910465,0.0,NaN,0.0,4.981349597498454
B_scaleAxis_tasks60_chain,B,f20off,LN,T18,Task,1,27.477960264805713,0.0,NaN,0.0,4.984224379521717
B_scaleAxis_tasks60_chain,B,f20off,LN,T19,Task,1,27.480900600548477,0.0,NaN,0.0,4.986711413451712
B_scaleAxis_tasks60_chain,B,f20off,LN,T20,Task,1,27.483542496291264,0.0,NaN,0.0,4.98885162398143
B_scaleAxis_tasks60_chain,B,f20off,LN,T21,Task,1,27.48589743629199,0.0,NaN,0.0,4.990683849691415
B_scaleAxis_tasks60_chain,B,f20off,LN,T22,Task,1,27.48798079182218,0.0,NaN,0.0,4.9922444696441755
B_scaleAxis_tasks60_chain,B,f20off,LN,T23,Task,1,27.48981066187308,0.0,NaN,0.0,4.993567157537006
B_scaleAxis_tasks60_chain,B,f20off,LN,T24,Task,1,27.491406863480687,0.0,NaN,0.0,4.994682746760145
B_scaleAxis_tasks60_chain,B,f20off,LN,T25,Task,1,27.492790076990296,0.0,NaN,0.0,4.9956191889611326
B_scaleAxis_tasks60_chain,B,f20off,LN,T26,Task,1,27.493981143938548,0.0,NaN,0.0,4.996401588882073
B_scaleAxis_tasks60_chain,B,f20off,LN,T27,Task,1,27.49500050943663,0.0,NaN,0.0,4.997052299100197
B_scaleAxis_tasks60_chain,B,f20off,LN,T28,Task,1,27.495867796863955,0.0,NaN,0.0,4.997591059660621
B_scaleAxis_tasks60_chain,B,f20off,LN,T29,Task,1,27.496601500129564,0.0,NaN,0.0,4.998035169262881
B_scaleAxis_tasks60_chain,B,f20off,LN,T30,Task,1,27.497218777486456,0.0,NaN,0.0,4.998399676495954
B_scaleAxis_tasks60_chain,B,f20off,LN,T31,Task,1,27.497735330635237,0.0,NaN,0.0,4.998697581487055
B_scaleAxis_tasks60_chain,B,f20off,LN,T32,Task,1,27.498165353393517,0.0,NaN,0.0,4.998940040143406
B_scaleAxis_tasks60_chain,B,f20off,LN,T33,Task,1,27.49852153529603,0.0,NaN,0.0,4.999136564855985
B_scaleAxis_tasks60_chain,B,f20off,LN,T34,Task,1,27.49881510695092,0.0,NaN,0.0,4.999295217056681
B_scaleAxis_tasks60_chain,B,f20off,LN,T35,Task,1,27.499055915628478,0.0,NaN,0.0,4.999422788350603
B_scaleAxis_tasks60_chain,B,f20off,LN,T36,Task,1,27.499252521284344,0.0,NaN,0.0,4.99952496807537
B_scaleAxis_tasks60_chain,B,f20off,LN,T37,Task,1,27.499412304911857,0.0,NaN,0.0,4.999606496071761
B_scaleAxis_tasks60_chain,B,f20off,LN,T38,Task,1,27.49954158271256,0.0,NaN,0.0,4.999671300196958
B_scaleAxis_tasks60_chain,B,f20off,LN,T39,Task,1,27.499645721019213,0.0,NaN,0.0,4.999722618689594
B_scaleAxis_tasks60_chain,B,f20off,LN,T40,Task,1,27.499729248180188,0.0,NaN,0.0,4.999763107925318
B_scaleAxis_tasks60_chain,B,f20off,LN,T41,Task,1,27.49979596070424,0.0,NaN,0.0,4.999794936403815
B_scaleAxis_tasks60_chain,B,f20off,LN,T42,Task,1,27.499849021871135,0.0,NaN,0.0,4.999819866004662
B_scaleAxis_tasks60_chain,B,f20off,LN,T43,Task,1,27.499891051751145,0.0,NaN,0.0,4.999839321660255
B_scaleAxis_tasks60_chain,B,f20off,LN,T44,Task,1,27.499924208152475,0.0,NaN,0.0,4.999854450637501
B_scaleAxis_tasks60_chain,B,f20off,LN,T45,Task,1,27.49995025845752,0.0,NaN,0.0,4.999866172612603
B_scaleAxis_tasks60_chain,B,f20off,LN,T46,Task,1,27.49997064262806,0.0,NaN,0.0,4.999875221678721
B_scaleAxis_tasks60_chain,B,f20off,LN,T47,Task,1,27.49998652788284,0.0,NaN,0.0,4.999882181356533
B_scaleAxis_tasks60_chain,B,f20off,LN,T48,Task,1,27.499998855691434,0.0,NaN,0.0,4.999887513591936
B_scaleAxis_tasks60_chain,B,f20off,LN,T49,Task,1,27.500008381808083,0.0,NaN,0.0,4.999891582631125
B_scaleAxis_tasks60_chain,B,f20off,LN,T50,Task,1,27.500015710099472,0.0,NaN,0.0,4.99989467456672
B_scaleAxis_tasks60_chain,B,f20off,LN,T51,Task,1,27.500021320919707,0.0,NaN,0.0,4.999897013254274
B_scaleAxis_tasks60_chain,B,f20off,LN,T52,Task,1,27.500025594767195,0.0,NaN,0.0,4.999898773209818
B_scaleAxis_tasks60_chain,B,f20off,LN,T53,Task,1,27.50002883193773,0.0,NaN,0.0,4.99990009001999
B_scaleAxis_tasks60_chain,B,f20off,LN,T54,Task,1,27.500031268897317,0.0,NaN,0.0,4.999901068731253
B_scaleAxis_tasks60_chain,B,f20off,LN,T55,Task,1,27.500033092175194,0.0,NaN,0.0,4.999901790641485
B_scaleAxis_tasks60_chain,B,f20off,LN,T56,Task,1,27.500034450809974,0.0,NaN,0.0,4.999902318910065
B_scaleAxis_tasks60_chain,B,f20off,LN,T57,Task,1,27.500035468912497,0.0,NaN,0.0,4.999902703457438
B_scaleAxis_tasks60_chain,B,f20off,LN,T58,Task,1,27.5000362610065,0.0,NaN,0.0,4.999902985789526
B_scaleAxis_tasks60_chain,B,f20off,LN,T59,Task,1,27.500036954921484,0.0,NaN,0.0,4.999903204737426
B_scaleAxis_tasks60_chain,B,f20off,LN,T60,Task,1,27.500040174064186,0.9999807697975979,NaN,5.500113803114505,4.99990384898799
B_scaleAxis_tasks60_chain,B,f20off,LN,E1,Entry,1,27.415175639967003,NaN,5.647220884065807,NaN,4.854631366965234
B_scaleAxis_tasks60_chain,B,f20off,LN,E2,Entry,1,27.41566383260218,NaN,5.6324964870205,NaN,4.867408953699077
B_scaleAxis_tasks60_chain,B,f20off,LN,E3,Entry,1,27.417169627229015,NaN,5.618664622977639,NaN,4.879659397200175
B_scaleAxis_tasks60_chain,B,f20off,LN,E4,Entry,1,27.419558602811428,NaN,5.605761926693514,NaN,4.891316998719654
B_scaleAxis_tasks60_chain,B,f20off,LN,E5,Entry,1,27.42268995951232,NaN,5.593808115770746,NaN,4.9023293956399625
B_scaleAxis_tasks60_chain,B,f20off,LN,E6,Entry,1,27.42642153812248,NaN,5.5828072888190725,NaN,4.9126577578722
B_scaleAxis_tasks60_chain,B,f20off,LN,E7,Entry,1,27.430614204860095,NaN,5.57274951652986,NaN,4.922276539344816
B_scaleAxis_tasks60_chain,B,f20off,LN,E8,Entry,1,27.435135555594382,NaN,5.563612634897808,NaN,4.931172846849052
B_scaleAxis_tasks60_chain,B,f20off,LN,E9,Entry,1,27.439862893943822,NaN,5.555364152832737,NaN,4.939345493661645
B_scaleAxis_tasks60_chain,B,f20off,LN,E10,Entry,1,27.44468519866198,NaN,5.547963140216564,NaN,4.94680380980157
B_scaleAxis_tasks60_chain,B,f20off,LN,E11,Entry,1,27.449505667396675,NaN,5.541362319985278,NaN,4.953566304155618
B_scaleAxis_tasks60_chain,B,f20off,LN,E12,Entry,1,27.454241053024994,NaN,5.5355096538329365,NaN,4.959659140692661
B_scaleAxis_tasks60_chain,B,f20off,LN,E13,Entry,1,27.4588226775372,NaN,5.530350112982959,NaN,4.965114706404449
B_scaleAxis_tasks60_chain,B,f20off,LN,E14,Entry,1,27.463196027372955,NaN,5.525827174867338,NaN,4.969970134477157
B_scaleAxis_tasks60_chain,B,f20off,LN,E15,Entry,1,27.467319966528997,NaN,5.521884129003054,NaN,4.974265907221794
B_scaleAxis_tasks60_chain,B,f20off,LN,E16,Entry,1,27.47116564471608,NaN,5.518465181572665,NaN,4.978044572329309
B_scaleAxis_tasks60_chain,B,f20off,LN,E17,Entry,1,27.474715185910465,NaN,5.515516357195203,NaN,4.981349597498454
B_scaleAxis_tasks60_chain,B,f20off,LN,E18,Entry,1,27.477960264805713,NaN,5.512986208586877,NaN,4.984224379521717
B_scaleAxis_tasks60_chain,B,f20off,LN,E19,Entry,1,27.480900600548477,NaN,5.510826338660471,NaN,4.986711413451712
B_scaleAxis_tasks60_chain,B,f20off,LN,E20,Entry,1,27.483542496291264,NaN,5.508991761586527,NaN,4.98885162398143
B_scaleAxis_tasks60_chain,B,f20off,LN,E21,Entry,1,27.48589743629199,NaN,5.507441117110935,NaN,4.990683849691415
B_scaleAxis_tasks60_chain,B,f20off,LN,E22,Entry,1,27.48798079182218,NaN,5.506136760522347,NaN,4.9922444696441755
B_scaleAxis_tasks60_chain,B,f20off,LN,E23,Entry,1,27.48981066187308,NaN,5.505044749499668,NaN,4.993567157537006
B_scaleAxis_tasks60_chain,B,f20off,LN,E24,Entry,1,27.491406863480687,NaN,5.504134748360801,NaN,4.994682746760145
B_scaleAxis_tasks60_chain,B,f20off,LN,E25,Entry,1,27.492790076990296,NaN,5.503379868854171,NaN,4.9956191889611326
B_scaleAxis_tasks60_chain,B,f20off,LN,E26,Entry,1,27.493981143938548,NaN,5.502756464796143,NaN,4.996401588882073
B_scaleAxis_tasks60_chain,B,f20off,LN,E27,Entry,1,27.49500050943663,NaN,5.50224389574381,NaN,4.997052299100197
B_scaleAxis_tasks60_chain,B,f20off,LN,E28,Entry,1,27.495867796863955,NaN,5.501824272658907,NaN,4.997591059660621
B_scaleAxis_tasks60_chain,B,f20off,LN,E29,Entry,1,27.496601500129564,NaN,5.50148219628971,NaN,4.998035169262881
B_scaleAxis_tasks60_chain,B,f20off,LN,E30,Entry,1,27.497218777486456,NaN,5.501204496868671,NaN,4.998399676495954
B_scaleAxis_tasks60_chain,B,f20off,LN,E31,Entry,1,27.497735330635237,NaN,5.5009799817605645,NaN,4.998697581487055
B_scaleAxis_tasks60_chain,B,f20off,LN,E32,Entry,1,27.498165353393517,NaN,5.50079919594408,NaN,4.998940040143406
B_scaleAxis_tasks60_chain,B,f20off,LN,E33,Entry,1,27.49852153529603,NaN,5.500654198689251,NaN,4.999136564855985
B_scaleAxis_tasks60_chain,B,f20off,LN,E34,Entry,1,27.49881510695092,NaN,5.5005383585130145,NaN,4.999295217056681
B_scaleAxis_tasks60_chain,B,f20off,LN,E35,Entry,1,27.499055915628478,NaN,5.5004461674466425,NaN,4.999422788350603
B_scaleAxis_tasks60_chain,B,f20off,LN,E36,Entry,1,27.499252521284344,NaN,5.500373074818452,NaN,4.99952496807537
B_scaleAxis_tasks60_chain,B,f20off,LN,E37,Entry,1,27.499412304911857,NaN,5.500315340120949,NaN,4.999606496071761
B_scaleAxis_tasks60_chain,B,f20off,LN,E38,Entry,1,27.49954158271256,NaN,5.500269904069341,NaN,4.999671300196958
B_scaleAxis_tasks60_chain,B,f20off,LN,E39,Entry,1,27.499645721019213,NaN,5.5002342766420815,NaN,4.999722618689594
B_scaleAxis_tasks60_chain,B,f20off,LN,E40,Entry,1,27.499729248180188,NaN,5.500206440699021,NaN,4.999763107925318
B_scaleAxis_tasks60_chain,B,f20off,LN,E41,Entry,1,27.49979596070424,NaN,5.500184769674559,NaN,4.999794936403815
B_scaleAxis_tasks60_chain,B,f20off,LN,E42,Entry,1,27.499849021871135,NaN,5.500167957820081,NaN,4.999819866004662
B_scaleAxis_tasks60_chain,B,f20off,LN,E43,Entry,1,27.499891051751145,NaN,5.500154961503741,NaN,4.999839321660255
B_scaleAxis_tasks60_chain,B,f20off,LN,E44,Entry,1,27.499924208152475,NaN,5.500144950148725,NaN,4.999854450637501
B_scaleAxis_tasks60_chain,B,f20off,LN,E45,Entry,1,27.49995025845752,NaN,5.500137265491617,NaN,4.999866172612603
B_scaleAxis_tasks60_chain,B,f20off,LN,E46,Entry,1,27.49997064262806,NaN,5.500131387957893,NaN,4.999875221678721
B_scaleAxis_tasks60_chain,B,f20off,LN,E47,Entry,1,27.49998652788284,NaN,5.500126909074833,NaN,4.999882181356533
B_scaleAxis_tasks60_chain,B,f20off,LN,E48,Entry,1,27.499998855691434,NaN,5.500123508965773,NaN,4.999887513591936
B_scaleAxis_tasks60_chain,B,f20off,LN,E49,Entry,1,27.500008381808083,NaN,5.5001209380897365,NaN,4.999891582631125
B_scaleAxis_tasks60_chain,B,f20off,LN,E50,Entry,1,27.500015710099472,NaN,5.5001190025033,NaN,4.99989467456672
B_scaleAxis_tasks60_chain,B,f20off,LN,E51,Entry,1,27.500021320919707,NaN,5.5001175520255,NaN,4.999897013254274
B_scaleAxis_tasks60_chain,B,f20off,LN,E52,Entry,1,27.500025594767195,NaN,5.500116470780632,NaN,4.999898773209818
B_scaleAxis_tasks60_chain,B,f20off,LN,E53,Entry,1,27.50002883193773,NaN,5.500115669676868,NaN,4.99990009001999
B_scaleAxis_tasks60_chain,B,f20off,LN,E54,Entry,1,27.500031268897317,NaN,5.500115080452096,NaN,4.999901068731253
B_scaleAxis_tasks60_chain,B,f20off,LN,E55,Entry,1,27.500033092175194,NaN,5.500114650981365,NaN,4.999901790641485
B_scaleAxis_tasks60_chain,B,f20off,LN,E56,Entry,1,27.500034450809974,NaN,5.500114341594726,NaN,4.999902318910065
B_scaleAxis_tasks60_chain,B,f20off,LN,E57,Entry,1,27.500035468912497,NaN,5.500114122200057,NaN,4.999902703457438
B_scaleAxis_tasks60_chain,B,f20off,LN,E58,Entry,1,27.5000362610065,NaN,5.500113970044164,NaN,4.999902985789526
B_scaleAxis_tasks60_chain,B,f20off,LN,E59,Entry,1,27.500036954921484,NaN,5.500113867977505,NaN,4.999903204737426
B_scaleAxis_tasks60_chain,B,f20off,LN,E60,Entry,1,27.500040174064186,NaN,5.500113803114505,NaN,4.99990384898799
B_scaleAxis_tasks60_chain,B,f20off,LN,AS1,Activity,1,27.415175695498245,0.0,5.647220895504622,0.0,4.8546313669652355
B_scaleAxis_tasks60_chain,B,f20off,LN,AS2,Activity,1,27.4156638882612,0.0,5.632496498455539,0.0,4.867408953699079
B_scaleAxis_tasks60_chain,B,f20off,LN,AS3,Activity,1,27.41716968301053,0.0,5.6186646344090745,0.0,4.879659397200176
B_scaleAxis_tasks60_chain,B,f20off,LN,AS4,Activity,1,27.419558658709523,0.0,5.605761938121538,0.0,4.891316998719656
B_scaleAxis_tasks60_chain,B,f20off,LN,AS5,Activity,1,27.422690015520544,0.0,5.593808127195563,0.0,4.902329395639964
B_scaleAxis_tasks60_chain,B,f20off,LN,AS6,Activity,1,27.426421594233982,0.0,5.582807300240893,0.0,4.912657757872201
B_scaleAxis_tasks60_chain,B,f20off,LN,AS7,Activity,1,27.430614261067785,0.0,5.572749527948902,0.0,4.922276539344817
B_scaleAxis_tasks60_chain,B,f20off,LN,AS8,Activity,1,27.435135611891038,0.0,5.56361264631429,0.0,4.931172846849054
B_scaleAxis_tasks60_chain,B,f20off,LN,AS9,Activity,1,27.43986295032221,0.0,5.555364164246876,0.0,4.939345493661647
B_scaleAxis_tasks60_chain,B,f20off,LN,AS10,Activity,1,27.444685255114948,0.0,5.54796315162857,0.0,4.946803809801572
B_scaleAxis_tasks60_chain,B,f20off,LN,AS11,Activity,1,27.449505723917262,0.0,5.541362331395357,0.0,4.953566304155619
B_scaleAxis_tasks60_chain,B,f20off,LN,AS12,Activity,1,27.454241109606507,0.0,5.535509665241283,0.0,4.959659140692662
B_scaleAxis_tasks60_chain,B,f20off,LN,AS13,Activity,1,27.45882273417327,0.0,5.530350124389758,0.0,4.96511470640445
B_scaleAxis_tasks60_chain,B,f20off,LN,AS14,Activity,1,27.463196084057586,0.0,5.525827186272763,0.0,4.969970134477159
B_scaleAxis_tasks60_chain,B,f20off,LN,AS15,Activity,1,27.467320023256587,0.0,5.5218841404072645,0.0,4.974265907221795
B_scaleAxis_tasks60_chain,B,f20off,LN,AS16,Activity,1,27.471165701481457,0.0,5.51846519297581,0.0,4.978044572329311
B_scaleAxis_tasks60_chain,B,f20off,LN,AS17,Activity,1,27.474715242708886,0.0,5.515516368597417,0.0,4.981349597498455
B_scaleAxis_tasks60_chain,B,f20off,LN,AS18,Activity,1,27.477960321632885,0.0,5.512986219988282,0.0,4.984224379521719
B_scaleAxis_tasks60_chain,B,f20off,LN,AS19,Activity,1,27.480900657400515,0.0,5.510826350061177,0.0,4.9867114134517125
B_scaleAxis_tasks60_chain,B,f20off,LN,AS20,Activity,1,27.483542553164707,0.0,5.508991772986633,0.0,4.988851623981431
B_scaleAxis_tasks60_chain,B,f20off,LN,AS21,Activity,1,27.48589749318375,0.0,5.507441128510527,0.0,4.990683849691416
B_scaleAxis_tasks60_chain,B,f20off,LN,AS22,Activity,1,27.487980848729553,0.0,5.506136771921501,0.0,4.992244469644177
B_scaleAxis_tasks60_chain,B,f20off,LN,AS23,Activity,1,27.489810718793677,0.0,5.505044760898452,0.0,4.993567157537008
B_scaleAxis_tasks60_chain,B,f20off,LN,AS24,Activity,1,27.491406920412444,0.0,5.504134759759272,0.0,4.994682746760147
B_scaleAxis_tasks60_chain,B,f20off,LN,AS25,Activity,1,27.49279013393141,0.0,5.503379880252379,0.0,4.995619188961133
B_scaleAxis_tasks60_chain,B,f20off,LN,AS26,Activity,1,27.493981200887493,0.0,5.502756476194133,0.0,4.996401588882075
B_scaleAxis_tasks60_chain,B,f20off,LN,AS27,Activity,1,27.49500056639208,0.0,5.502243907141618,0.0,4.997052299100198
B_scaleAxis_tasks60_chain,B,f20off,LN,AS28,Activity,1,27.49586785382479,0.0,5.501824284056564,0.0,4.997591059660623
B_scaleAxis_tasks60_chain,B,f20off,LN,AS29,Activity,1,27.49660155709484,0.0,5.501482207687243,0.0,4.998035169262882
B_scaleAxis_tasks60_chain,B,f20off,LN,AS30,Activity,1,27.49721883445538,0.0,5.5012045082661025,0.0,4.998399676495956
B_scaleAxis_tasks60_chain,B,f20off,LN,AS31,Activity,1,27.497735387607143,0.0,5.500979993157912,0.0,4.998697581487057
B_scaleAxis_tasks60_chain,B,f20off,LN,AS32,Activity,1,27.49816541036784,0.0,5.50079920734136,0.0,4.998940040143407
B_scaleAxis_tasks60_chain,B,f20off,LN,AS33,Activity,1,27.49852159227233,0.0,5.500654210086476,0.0,4.999136564855987
B_scaleAxis_tasks60_chain,B,f20off,LN,AS34,Activity,1,27.498815163928803,0.0,5.5005383699101955,0.0,4.999295217056683
B_scaleAxis_tasks60_chain,B,f20off,LN,AS35,Activity,1,27.49905597260764,0.0,5.500446178843788,0.0,4.999422788350604
B_scaleAxis_tasks60_chain,B,f20off,LN,AS36,Activity,1,27.49925257826452,0.0,5.500373086215568,0.0,4.999524968075372
B_scaleAxis_tasks60_chain,B,f20off,LN,AS37,Activity,1,27.49941236189285,0.0,5.500315351518043,0.0,4.999606496071763
B_scaleAxis_tasks60_chain,B,f20off,LN,AS38,Activity,1,27.499541639694193,0.0,5.500269915466416,0.0,4.999671300196959
B_scaleAxis_tasks60_chain,B,f20off,LN,AS39,Activity,1,27.499645778001362,0.0,5.500234288039143,0.0,4.999722618689595
B_scaleAxis_tasks60_chain,B,f20off,LN,AS40,Activity,1,27.499729305162745,0.0,5.500206452096071,0.0,4.999763107925319
B_scaleAxis_tasks60_chain,B,f20off,LN,AS41,Activity,1,27.499796017687114,0.0,5.500184781071599,0.0,4.999794936403816
B_scaleAxis_tasks60_chain,B,f20off,LN,AS42,Activity,1,27.49984907885426,0.0,5.500167969217116,0.0,4.999819866004663
B_scaleAxis_tasks60_chain,B,f20off,LN,AS43,Activity,1,27.49989110873447,0.0,5.50015497290077,0.0,4.999839321660256
B_scaleAxis_tasks60_chain,B,f20off,LN,AS44,Activity,1,27.49992426513595,0.0,5.500144961545749,0.0,4.9998544506375024
B_scaleAxis_tasks60_chain,B,f20off,LN,AS45,Activity,1,27.499950315441108,0.0,5.500137276888638,0.0,4.999866172612605
B_scaleAxis_tasks60_chain,B,f20off,LN,AS46,Activity,1,27.499970699611737,0.0,5.5001313993549115,0.0,4.999875221678722
B_scaleAxis_tasks60_chain,B,f20off,LN,AS47,Activity,1,27.499986584866587,0.0,5.50012692047185,0.0,4.999882181356534
B_scaleAxis_tasks60_chain,B,f20off,LN,AS48,Activity,1,27.49999891267523,0.0,5.500123520362788,0.0,4.999887513591937
B_scaleAxis_tasks60_chain,B,f20off,LN,AS49,Activity,1,27.500008438791923,0.0,5.5001209494867505,0.0,4.999891582631126
B_scaleAxis_tasks60_chain,B,f20off,LN,AS50,Activity,1,27.500015767083347,0.0,5.5001190139003135,0.0,4.999894674566722
B_scaleAxis_tasks60_chain,B,f20off,LN,AS51,Activity,1,27.500021377903604,0.0,5.500117563422513,0.0,4.999897013254276
B_scaleAxis_tasks60_chain,B,f20off,LN,AS52,Activity,1,27.500025651751105,0.0,5.500116482177644,0.0,4.999898773209819
B_scaleAxis_tasks60_chain,B,f20off,LN,AS53,Activity,1,27.500028888921655,0.0,5.500115681073879,0.0,4.999900090019992
B_scaleAxis_tasks60_chain,B,f20off,LN,AS54,Activity,1,27.50003132588125,0.0,5.500115091849107,0.0,4.999901068731254
B_scaleAxis_tasks60_chain,B,f20off,LN,AS55,Activity,1,27.50003314915914,0.0,5.500114662378376,0.0,4.999901790641487
B_scaleAxis_tasks60_chain,B,f20off,LN,AS56,Activity,1,27.500034507793927,0.0,5.500114352991737,0.0,4.999902318910067
B_scaleAxis_tasks60_chain,B,f20off,LN,AS57,Activity,1,27.500035525896454,0.0,5.5001141335970685,0.0,4.9999027034574395
B_scaleAxis_tasks60_chain,B,f20off,LN,AS58,Activity,1,27.50003631799046,0.0,5.500113981441175,0.0,4.999902985789528
B_scaleAxis_tasks60_chain,B,f20off,LN,AS59,Activity,1,27.500037011905444,0.0,5.500113879374515,0.0,4.999903204737428
B_scaleAxis_tasks60_chain,B,f20off,LN,AS60,Activity,1,27.50003965990244,0.9999807697975979,5.500113700280179,5.500113803114505,4.999903848987989
B_scaleAxis_tasks5_fanout,B,f20off,LN,P0,Processor,1,NaN,0.0,NaN,NaN,NaN
B_scaleAxis_tasks5_fanout,B,f20off,LN,P1,Processor,1,NaN,0.4072635507113845,NaN,NaN,NaN
B_scaleAxis_tasks5_fanout,B,f20off,LN,P2,Processor,1,NaN,0.4752292746201702,NaN,NaN,NaN
B_scaleAxis_tasks5_fanout,B,f20off,LN,P3,Processor,1,NaN,0.5432203046153401,NaN,NaN,NaN
B_scaleAxis_tasks5_fanout,B,f20off,LN,P4,Processor,1,NaN,0.6112362156174105,NaN,NaN,NaN
B_scaleAxis_tasks5_fanout,B,f20off,LN,T0,RefTask,1,8.176873714990126,0.0,NaN,0.0,5.450168820091545
B_scaleAxis_tasks5_fanout,B,f20off,LN,T1,Task,1,1.629215770789465,0.4072635507113845,NaN,0.3000297536957907,5.430180676151794
B_scaleAxis_tasks5_fanout,B,f20off,LN,T2,Task,1,1.9011056282828804,0.4752292746201702,NaN,0.35003471241898054,5.4311917099448035
B_scaleAxis_tasks5_fanout,B,f20off,LN,T3,Task,1,2.173096711562598,0.5432203046153401,NaN,0.40003966955936776,5.432203046153401
B_scaleAxis_tasks5_fanout,B,f20off,LN,T4,Task,1,2.4451861444658434,0.6112362156174105,NaN,0.4500444087308295,5.433210805488095
B_scaleAxis_tasks5_fanout,B,f20off,LN,E0,Entry,1,8.176873714990126,NaN,1.5002973274601763,NaN,5.450168820091545
B_scaleAxis_tasks5_fanout,B,f20off,LN,E1,Entry,1,1.629215770789465,NaN,0.3000297536957907,NaN,5.430180676151794
B_scaleAxis_tasks5_fanout,B,f20off,LN,E2,Entry,1,1.9011056282828804,NaN,0.35003471241898054,NaN,5.4311917099448035
B_scaleAxis_tasks5_fanout,B,f20off,LN,E3,Entry,1,2.173096711562598,NaN,0.4000396695593678,NaN,5.432203046153401
B_scaleAxis_tasks5_fanout,B,f20off,LN,E4,Entry,1,2.4451861444658434,NaN,0.45004440873082946,NaN,5.433210805488095
B_scaleAxis_tasks5_fanout,B,f20off,LN,AS1,Activity,1,1.62905419841983,0.4072635507113845,0.2999999991849796,0.3000297536957907,5.430180676151793
B_scaleAxis_tasks5_fanout,B,f20off,LN,AS2,Activity,1,1.9009170920998861,0.4752292746201702,0.34999999882515753,0.35003471241898054,5.431191709944803
B_scaleAxis_tasks5_fanout,B,f20off,LN,AS3,Activity,1,2.1728812027771305,0.5432203046153401,0.3999999971127313,0.40003966955936776,5.4322030461534005
B_scaleAxis_tasks5_fanout,B,f20off,LN,AS4,Activity,1,2.444943562639785,0.6112362156174105,0.44999976076211584,0.4500444087308295,5.433210805488094
B_scaleAxis_tasks5_fanout,B,f20off,LN,A0,Activity,1,11.991991937587814,0.0,2.200297336365149,0.0,5.4501688200915455
B_scaleAxis_tasks10_fanout,B,f20off,LN,P0,Processor,1,NaN,0.0,NaN,NaN,NaN
B_scaleAxis_tasks10_fanout,B,f20off,LN,P1,Processor,1,NaN,0.2637971175724016,NaN,NaN,NaN
B_scaleAxis_tasks10_fanout,B,f20off,LN,P2,Processor,1,NaN,0.3077753276204515,NaN,NaN,NaN
B_scaleAxis_tasks10_fanout,B,f20off,LN,P3,Processor,1,NaN,0.3517569730698298,NaN,NaN,NaN
B_scaleAxis_tasks10_fanout,B,f20off,LN,P4,Processor,1,NaN,0.3957419904794469,NaN,NaN,NaN
B_scaleAxis_tasks10_fanout,B,f20off,LN,P5,Processor,1,NaN,0.4397304958038896,NaN,NaN,NaN
B_scaleAxis_tasks10_fanout,B,f20off,LN,P6,Processor,1,NaN,0.48372633350485894,NaN,NaN,NaN
B_scaleAxis_tasks10_fanout,B,f20off,LN,P7,Processor,1,NaN,0.5277312470365607,NaN,NaN,NaN
B_scaleAxis_tasks10_fanout,B,f20off,LN,P8,Processor,1,NaN,0.5717431769710082,NaN,NaN,NaN
B_scaleAxis_tasks10_fanout,B,f20off,LN,P9,Processor,1,NaN,0.6157637978229322,NaN,NaN,NaN
B_scaleAxis_tasks10_fanout,B,f20off,LN,T0,RefTask,1,15.875834166892538,0.0,NaN,0.0,3.5277800856466137
B_scaleAxis_tasks10_fanout,B,f20off,LN,T1,Task,1,1.0552146337746995,0.2637971175724016,NaN,0.30000743852472694,3.5172949009653554
B_scaleAxis_tasks10_fanout,B,f20off,LN,T2,Task,1,1.2311318345646247,0.3077753276204515,NaN,0.3500086779446139,3.5174323156623037
B_scaleAxis_tasks10_fanout,B,f20off,LN,T3,Task,1,1.4070627769305668,0.3517569730698298,NaN,0.40000991725933477,3.5175697306982983
B_scaleAxis_tasks10_fanout,B,f20off,LN,T4,Task,1,1.5830071870591207,0.3957419904794469,NaN,0.4500111507712249,3.517706582039529
B_scaleAxis_tasks10_fanout,B,f20off,LN,T5,Task,1,1.7589655677506042,0.4397304958038896,NaN,0.5000123895589064,3.5178439664311174
B_scaleAxis_tasks10_fanout,B,f20off,LN,T6,Task,1,1.9349542854513395,0.48372633350485894,NaN,0.5500139145244336,3.5180096982171563
B_scaleAxis_tasks10_fanout,B,f20off,LN,T7,Task,1,2.110980473345285,0.5277312470365607,NaN,0.6000157708680375,3.5182083135770714
B_scaleAxis_tasks10_fanout,B,f20off,LN,T8,Task,1,2.2870351266285955,0.5717431769710082,NaN,0.6500177405632459,3.51841955059082
B_scaleAxis_tasks10_fanout,B,f20off,LN,T9,Task,1,2.4631237828596615,0.6157637978229322,NaN,0.7000194937156594,3.518650273273899
B_scaleAxis_tasks10_fanout,B,f20off,LN,E0,Entry,1,15.875834166892538,NaN,4.500233512708496,NaN,3.5277800856466137
B_scaleAxis_tasks10_fanout,B,f20off,LN,E1,Entry,1,1.0552146337746995,NaN,0.30000743852472694,NaN,3.5172949009653554
B_scaleAxis_tasks10_fanout,B,f20off,LN,E2,Entry,1,1.2311318345646247,NaN,0.3500086779446139,NaN,3.5174323156623037
B_scaleAxis_tasks10_fanout,B,f20off,LN,E3,Entry,1,1.4070627769305668,NaN,0.40000991725933477,NaN,3.5175697306982983
B_scaleAxis_tasks10_fanout,B,f20off,LN,E4,Entry,1,1.5830071870591207,NaN,0.4500111507712249,NaN,3.517706582039529
B_scaleAxis_tasks10_fanout,B,f20off,LN,E5,Entry,1,1.7589655677506042,NaN,0.5000123895589064,NaN,3.5178439664311174
B_scaleAxis_tasks10_fanout,B,f20off,LN,E6,Entry,1,1.9349542854513395,NaN,0.5500139145244336,NaN,3.5180096982171563
B_scaleAxis_tasks10_fanout,B,f20off,LN,E7,Entry,1,2.110980473345285,NaN,0.6000157708680375,NaN,3.5182083135770714
B_scaleAxis_tasks10_fanout,B,f20off,LN,E8,Entry,1,2.2870351266285955,NaN,0.6500177405632458,NaN,3.51841955059082
B_scaleAxis_tasks10_fanout,B,f20off,LN,E9,Entry,1,2.4631237828596615,NaN,0.7000194937156594,NaN,3.518650273273899
B_scaleAxis_tasks10_fanout,B,f20off,LN,AS1,Activity,1,1.0551884698878602,0.2637971175724016,0.29999999988577974,0.30000743852472694,3.517294900965355
B_scaleAxis_tasks10_fanout,B,f20off,LN,AS2,Activity,1,1.2311013088471048,0.3077753276204515,0.3499999995352572,0.3500086779446139,3.5174323156623033
B_scaleAxis_tasks10_fanout,B,f20off,LN,AS3,Activity,1,1.4070278894111508,0.3517569730698298,0.3999999991846165,0.40000991725933477,3.517569730698298
B_scaleAxis_tasks10_fanout,B,f20off,LN,AS4,Activity,1,1.582967957815541,0.3957419904794469,0.44999999883382913,0.4500111507712249,3.5177065820395286
B_scaleAxis_tasks10_fanout,B,f20off,LN,AS5,Activity,1,1.7589219778756464,0.4397304958038896,0.4999999984820498,0.5000123895589064,3.517843966431117
B_scaleAxis_tasks10_fanout,B,f20off,LN,AS6,Activity,1,1.9349053273577559,0.48372633350485894,0.5499999981064067,0.5500139145244336,3.518009698217156
B_scaleAxis_tasks10_fanout,B,f20off,LN,AS7,Activity,1,2.1109249779670756,0.5277312470365607,0.5999999971067185,0.6000157708680375,3.518208313577071
B_scaleAxis_tasks10_fanout,B,f20off,LN,AS8,Activity,1,2.2869726385273093,0.5717431769710082,0.6499999802875347,0.6500177405632459,3.5184195505908193
B_scaleAxis_tasks10_fanout,B,f20off,LN,AS9,Activity,1,2.4630533942189254,0.6157637978229322,0.6999994892721174,0.7000194937156594,3.5186502732738987
B_scaleAxis_tasks10_fanout,B,f20off,LN,A0,Activity,1,30.516121523811254,0.0,8.650233513129507,0.0,3.5277800856466177
B_scaleAxis_tasks20_fanout,B,f20off,LN,P0,Processor,1,NaN,0.0,NaN,NaN,NaN
B_scaleAxis_tasks20_fanout,B,f20off,LN,P1,Processor,1,NaN,0.12284780507149103,NaN,NaN,NaN
B_scaleAxis_tasks20_fanout,B,f20off,LN,P2,Processor,1,NaN,0.143323906429783,NaN,NaN,NaN
B_scaleAxis_tasks20_fanout,B,f20off,LN,P3,Processor,1,NaN,0.16380042688883698,NaN,NaN,NaN
B_scaleAxis_tasks20_fanout,B,f20off,LN,P4,Processor,1,NaN,0.1842773586170262,NaN,NaN,NaN
B_scaleAxis_tasks20_fanout,B,f20off,LN,P5,Processor,1,NaN,0.20475471582566743,NaN,NaN,NaN
B_scaleAxis_tasks20_fanout,B,f20off,LN,P6,Processor,1,NaN,0.22523297079014418,NaN,NaN,NaN
B_scaleAxis_tasks20_fanout,B,f20off,LN,P7,Processor,1,NaN,0.24571233754706756,NaN,NaN,NaN
B_scaleAxis_tasks20_fanout,B,f20off,LN,P8,Processor,1,NaN,0.266192562828079,NaN,NaN,NaN
B_scaleAxis_tasks20_fanout,B,f20off,LN,P9,Processor,1,NaN,0.2866738486828021,NaN,NaN,NaN
B_scaleAxis_tasks20_fanout,B,f20off,LN,P10,Processor,1,NaN,0.3071561467413749,NaN,NaN,NaN
B_scaleAxis_tasks20_fanout,B,f20off,LN,P11,Processor,1,NaN,0.327639368349758,NaN,NaN,NaN
B_scaleAxis_tasks20_fanout,B,f20off,LN,P12,Processor,1,NaN,0.34812345446454707,NaN,NaN,NaN
B_scaleAxis_tasks20_fanout,B,f20off,LN,P13,Processor,1,NaN,0.3686083744789038,NaN,NaN,NaN
B_scaleAxis_tasks20_fanout,B,f20off,LN,P14,Processor,1,NaN,0.3890941129840044,NaN,NaN,NaN
B_scaleAxis_tasks20_fanout,B,f20off,LN,P15,Processor,1,NaN,0.40958066181801006,NaN,NaN,NaN
B_scaleAxis_tasks20_fanout,B,f20off,LN,P16,Processor,1,NaN,0.4300680164121569,NaN,NaN,NaN
B_scaleAxis_tasks20_fanout,B,f20off,LN,P17,Processor,1,NaN,0.45055617404300435,NaN,NaN,NaN
B_scaleAxis_tasks20_fanout,B,f20off,LN,P18,Processor,1,NaN,0.4710451329870498,NaN,NaN,NaN
B_scaleAxis_tasks20_fanout,B,f20off,LN,P19,Processor,1,NaN,0.4915348921400063,NaN,NaN,NaN
B_scaleAxis_tasks20_fanout,B,f20off,LN,T0,RefTask,1,23.41521493980724,0.0,NaN,0.0,1.6431211887696937
B_scaleAxis_tasks20_fanout,B,f20off,LN,T1,Task,1,0.4913973160115636,0.12284780507149103,NaN,0.30000372151069116,1.6379707342865473
B_scaleAxis_tasks20_fanout,B,f20off,LN,T2,Task,1,0.5733027362979187,0.143323906429783,NaN,0.35000434104581246,1.637987502054663
B_scaleAxis_tasks20_fanout,B,f20off,LN,T3,Task,1,0.6552098329219643,0.16380042688883698,NaN,0.40000496052835194,1.6380042688883698
B_scaleAxis_tasks20_fanout,B,f20off,LN,T4,Task,1,0.7371185698903775,0.1842773586170262,NaN,0.45000557710949063,1.6380209654846778
B_scaleAxis_tasks20_fanout,B,f20off,LN,T5,Task,1,0.819029013123197,0.20475471582566743,NaN,0.5000061963289137,1.6380377266053396
B_scaleAxis_tasks20_fanout,B,f20off,LN,T6,Task,1,0.9009432818288813,0.22523297079014418,NaN,0.5500069586476899,1.6380579693828667
B_scaleAxis_tasks20_fanout,B,f20off,LN,T7,Task,1,0.9828622696271329,0.24571233754706756,NaN,0.6000078869292798,1.6380822503137837
B_scaleAxis_tasks20_fanout,B,f20off,LN,T8,Task,1,1.0647847957387262,0.266192562828079,NaN,0.6500088787953597,1.6381080789420248
B_scaleAxis_tasks20_fanout,B,f20off,LN,T9,Task,1,1.146711723776416,0.2866738486828021,NaN,0.700009968062746,1.638136278187441
B_scaleAxis_tasks20_fanout,B,f20off,LN,T10,Task,1,1.22864281096171,0.3071561467413749,NaN,0.7500111246326198,1.6381661159539997
B_scaleAxis_tasks20_fanout,B,f20off,LN,T11,Task,1,1.3105776521407837,0.327639368349758,NaN,0.8000123176539213,1.63819684174879
B_scaleAxis_tasks20_fanout,B,f20off,LN,T12,Task,1,1.3925159818769512,0.34812345446454707,NaN,0.8500135292636182,1.6382280210096334
B_scaleAxis_tasks20_fanout,B,f20off,LN,T13,Task,1,1.4744576634933453,0.3686083744789038,NaN,0.9000147507635899,1.6382594421284615
B_scaleAxis_tasks20_fanout,B,f20off,LN,T14,Task,1,1.5564026284141737,0.3890941129840044,NaN,0.9500159779173072,1.6382910020379136
B_scaleAxis_tasks20_fanout,B,f20off,LN,T15,Task,1,1.6383508403915832,0.40958066181801006,NaN,1.0000172085270198,1.6383226472720405
B_scaleAxis_tasks20_fanout,B,f20off,LN,T16,Task,1,1.7203022791569875,0.4300680164121569,NaN,1.0500184413758795,1.6383543482367884
B_scaleAxis_tasks20_fanout,B,f20off,LN,T17,Task,1,1.8022569326347648,0.45055617404300435,NaN,1.1000196757424852,1.6383860874291067
B_scaleAxis_tasks20_fanout,B,f20off,LN,T18,Task,1,1.884214793176595,0.4710451329870498,NaN,1.1500209111664126,1.6384178538679994
B_scaleAxis_tasks20_fanout,B,f20off,LN,T19,Task,1,1.966175855819965,0.4915348921400063,NaN,1.2000221473147805,1.638449640466688
B_scaleAxis_tasks20_fanout,B,f20off,LN,E0,Entry,1,23.41521493980724,NaN,14.25044914510515,NaN,1.6431211887696937
B_scaleAxis_tasks20_fanout,B,f20off,LN,E1,Entry,1,0.4913973160115636,NaN,0.30000372151069116,NaN,1.6379707342865473
B_scaleAxis_tasks20_fanout,B,f20off,LN,E2,Entry,1,0.5733027362979187,NaN,0.35000434104581246,NaN,1.637987502054663
B_scaleAxis_tasks20_fanout,B,f20off,LN,E3,Entry,1,0.6552098329219643,NaN,0.40000496052835194,NaN,1.6380042688883698
B_scaleAxis_tasks20_fanout,B,f20off,LN,E4,Entry,1,0.7371185698903775,NaN,0.45000557710949063,NaN,1.6380209654846778
B_scaleAxis_tasks20_fanout,B,f20off,LN,E5,Entry,1,0.819029013123197,NaN,0.5000061963289137,NaN,1.6380377266053396
B_scaleAxis_tasks20_fanout,B,f20off,LN,E6,Entry,1,0.9009432818288813,NaN,0.5500069586476899,NaN,1.6380579693828667
B_scaleAxis_tasks20_fanout,B,f20off,LN,E7,Entry,1,0.9828622696271329,NaN,0.6000078869292798,NaN,1.6380822503137837
B_scaleAxis_tasks20_fanout,B,f20off,LN,E8,Entry,1,1.0647847957387262,NaN,0.6500088787953597,NaN,1.6381080789420248
B_scaleAxis_tasks20_fanout,B,f20off,LN,E9,Entry,1,1.146711723776416,NaN,0.700009968062746,NaN,1.638136278187441
B_scaleAxis_tasks20_fanout,B,f20off,LN,E10,Entry,1,1.22864281096171,NaN,0.7500111246326198,NaN,1.6381661159539997
B_scaleAxis_tasks20_fanout,B,f20off,LN,E11,Entry,1,1.3105776521407837,NaN,0.8000123176539213,NaN,1.63819684174879
B_scaleAxis_tasks20_fanout,B,f20off,LN,E12,Entry,1,1.3925159818769512,NaN,0.8500135292636182,NaN,1.6382280210096334
B_scaleAxis_tasks20_fanout,B,f20off,LN,E13,Entry,1,1.4744576634933453,NaN,0.9000147507635899,NaN,1.6382594421284615
B_scaleAxis_tasks20_fanout,B,f20off,LN,E14,Entry,1,1.5564026284141737,NaN,0.9500159779173073,NaN,1.6382910020379136
B_scaleAxis_tasks20_fanout,B,f20off,LN,E15,Entry,1,1.6383508403915832,NaN,1.0000172085270198,NaN,1.6383226472720405
B_scaleAxis_tasks20_fanout,B,f20off,LN,E16,Entry,1,1.7203022791569875,NaN,1.0500184413758795,NaN,1.6383543482367884
B_scaleAxis_tasks20_fanout,B,f20off,LN,E17,Entry,1,1.8022569326347648,NaN,1.1000196757424852,NaN,1.6383860874291067
B_scaleAxis_tasks20_fanout,B,f20off,LN,E18,Entry,1,1.884214793176595,NaN,1.1500209111664126,NaN,1.6384178538679994
B_scaleAxis_tasks20_fanout,B,f20off,LN,E19,Entry,1,1.966175855819965,NaN,1.2000221473147805,NaN,1.638449640466688
B_scaleAxis_tasks20_fanout,B,f20off,LN,AS1,Activity,1,0.49139122383295925,0.12284780507149103,0.3000000021654814,0.30000372151069116,1.637970734286547
B_scaleAxis_tasks20_fanout,B,f20off,LN,AS2,Activity,1,0.5732956286927586,0.143323906429783,0.35000000181541474,0.35000434104581246,1.6379875020546628
B_scaleAxis_tasks20_fanout,B,f20off,LN,AS3,Activity,1,0.6552017099554992,0.16380042688883698,0.4000000014652901,0.40000496052835194,1.6380042688883696
B_scaleAxis_tasks20_fanout,B,f20off,LN,AS4,Activity,1,0.7371094362946751,0.1842773586170262,0.4500000011151079,0.45000557710949063,1.6380209654846776
B_scaleAxis_tasks20_fanout,B,f20off,LN,AS5,Activity,1,0.8190188645555532,0.20475471582566743,0.5000000007648685,0.5000061963289137,1.6380377266053394
B_scaleAxis_tasks20_fanout,B,f20off,LN,AS6,Activity,1,0.9009318838396555,0.22523297079014418,0.5500000004145634,0.5500069586476899,1.6380579693828665
B_scaleAxis_tasks20_fanout,B,f20off,LN,AS7,Activity,1,0.9828493502934209,0.24571233754706756,0.6000000000641914,0.6000078869292798,1.6380822503137835
B_scaleAxis_tasks20_fanout,B,f20off,LN,AS8,Activity,1,1.0647702508434236,0.266192562828079,0.6499999997137598,0.6500088787953597,1.6381080789420246
B_scaleAxis_tasks20_fanout,B,f20off,LN,AS9,Activity,1,1.1466953936881514,0.2866738486828021,0.6999999993632661,0.700009968062746,1.6381362781874407
B_scaleAxis_tasks20_fanout,B,f20off,LN,AS10,Activity,1,1.2286245853481608,0.3071561467413749,0.7499999990127137,0.7500111246326198,1.6381661159539995
B_scaleAxis_tasks20_fanout,B,f20off,LN,AS11,Activity,1,1.3105574712072945,0.327639368349758,0.7999999986621038,0.8000123176539213,1.6381968417487898
B_scaleAxis_tasks20_fanout,B,f20off,LN,AS12,Activity,1,1.3924938150919381,0.34812345446454707,0.8499999983114377,0.8500135292636182,1.6382280210096332
B_scaleAxis_tasks20_fanout,B,f20off,LN,AS13,Activity,1,1.4744334945747315,0.3686083744789038,0.8999999979607115,0.9000147507635899,1.6382594421284613
B_scaleAxis_tasks20_fanout,B,f20off,LN,AS14,Activity,1,1.556376448020345,0.3890941129840044,0.9499999976099041,0.9500159779173072,1.6382910020379133
B_scaleAxis_tasks20_fanout,B,f20off,LN,AS15,Activity,1,1.6383226427812567,0.40958066181801006,0.9999999972589139,1.0000172085270198,1.6383226472720402
B_scaleAxis_tasks20_fanout,B,f20off,LN,AS16,Activity,1,1.7202720605816293,0.4300680164121569,1.0499999969072635,1.0500184413758795,1.6383543482367882
B_scaleAxis_tasks20_fanout,B,f20off,LN,AS17,Activity,1,1.8022246905240613,0.45055617404300435,1.099999996552732,1.1000196757424852,1.6383860874291065
B_scaleAxis_tasks20_fanout,B,f20off,LN,AS18,Activity,1,1.8841805256976976,0.4710451329870498,1.1499999961850382,1.1500209111664126,1.6384178538679992
B_scaleAxis_tasks20_fanout,B,f20off,LN,AS19,Activity,1,1.9661395616079,0.4915348921400063,1.199999995756888,1.2000221473147805,1.6384496404666877
B_scaleAxis_tasks20_fanout,B,f20off,LN,A0,Activity,1,58.00291596500829,0.0,35.30044914607832,0.0,1.6431211887696926
B_scaleAxis_tasks40_fanout,B,f20off,LN,P0,Processor,1,NaN,0.0,NaN,NaN,NaN
B_scaleAxis_tasks40_fanout,B,f20off,LN,P1,Processor,1,NaN,0.04253225485991357,NaN,NaN,NaN
B_scaleAxis_tasks40_fanout,B,f20off,LN,P2,Processor,1,NaN,0.04962106231252504,NaN,NaN,NaN
B_scaleAxis_tasks40_fanout,B,f20off,LN,P3,Processor,1,NaN,0.05670989784533703,NaN,NaN,NaN
B_scaleAxis_tasks40_fanout,B,f20off,LN,P4,Processor,1,NaN,0.06379876092962349,NaN,NaN,NaN
B_scaleAxis_tasks40_fanout,B,f20off,LN,P5,Processor,1,NaN,0.07088765252285212,NaN,NaN,NaN
B_scaleAxis_tasks40_fanout,B,f20off,LN,P6,Processor,1,NaN,0.07797660446503367,NaN,NaN,NaN
B_scaleAxis_tasks40_fanout,B,f20off,LN,P7,Processor,1,NaN,0.08506563118355365,NaN,NaN,NaN
B_scaleAxis_tasks40_fanout,B,f20off,LN,P8,Processor,1,NaN,0.0921547156000915,NaN,NaN,NaN
B_scaleAxis_tasks40_fanout,B,f20off,LN,P9,Processor,1,NaN,0.09924387133298701,NaN,NaN,NaN
B_scaleAxis_tasks40_fanout,B,f20off,LN,P10,Processor,1,NaN,0.10633309511753794,NaN,NaN,NaN
B_scaleAxis_tasks40_fanout,B,f20off,LN,P11,Processor,1,NaN,0.11342238097373332,NaN,NaN,NaN
B_scaleAxis_tasks40_fanout,B,f20off,LN,P12,Processor,1,NaN,0.12051172491824697,NaN,NaN,NaN
B_scaleAxis_tasks40_fanout,B,f20off,LN,P13,Processor,1,NaN,0.12760112488503458,NaN,NaN,NaN
B_scaleAxis_tasks40_fanout,B,f20off,LN,P14,Processor,1,NaN,0.13469057983271557,NaN,NaN,NaN
B_scaleAxis_tasks40_fanout,B,f20off,LN,P15,Processor,1,NaN,0.14178008920850016,NaN,NaN,NaN
B_scaleAxis_tasks40_fanout,B,f20off,LN,P16,Processor,1,NaN,0.1488696527018403,NaN,NaN,NaN
B_scaleAxis_tasks40_fanout,B,f20off,LN,P17,Processor,1,NaN,0.15595927012659427,NaN,NaN,NaN
B_scaleAxis_tasks40_fanout,B,f20off,LN,P18,Processor,1,NaN,0.16304894136402498,NaN,NaN,NaN
B_scaleAxis_tasks40_fanout,B,f20off,LN,P19,Processor,1,NaN,0.17013866633708438,NaN,NaN,NaN
B_scaleAxis_tasks40_fanout,B,f20off,LN,P20,Processor,1,NaN,0.17722844499276133,NaN,NaN,NaN
B_scaleAxis_tasks40_fanout,B,f20off,LN,P21,Processor,1,NaN,0.18431827729406777,NaN,NaN,NaN
B_scaleAxis_tasks40_fanout,B,f20off,LN,P22,Processor,1,NaN,0.191408163214284,NaN,NaN,NaN
B_scaleAxis_tasks40_fanout,B,f20off,LN,P23,Processor,1,NaN,0.1984981027334681,NaN,NaN,NaN
B_scaleAxis_tasks40_fanout,B,f20off,LN,P24,Processor,1,NaN,0.2055880958371904,NaN,NaN,NaN
B_scaleAxis_tasks40_fanout,B,f20off,LN,P25,Processor,1,NaN,0.2126781425143352,NaN,NaN,NaN
B_scaleAxis_tasks40_fanout,B,f20off,LN,P26,Processor,1,NaN,0.21976824275625284,NaN,NaN,NaN
B_scaleAxis_tasks40_fanout,B,f20off,LN,P27,Processor,1,NaN,0.22685839655662662,NaN,NaN,NaN
B_scaleAxis_tasks40_fanout,B,f20off,LN,P28,Processor,1,NaN,0.23394860390996045,NaN,NaN,NaN
B_scaleAxis_tasks40_fanout,B,f20off,LN,P29,Processor,1,NaN,0.2410388648127806,NaN,NaN,NaN
B_scaleAxis_tasks40_fanout,B,f20off,LN,P30,Processor,1,NaN,0.2481291792611994,NaN,NaN,NaN
B_scaleAxis_tasks40_fanout,B,f20off,LN,P31,Processor,1,NaN,0.25521954725313567,NaN,NaN,NaN
B_scaleAxis_tasks40_fanout,B,f20off,LN,P32,Processor,1,NaN,0.26230996878675084,NaN,NaN,NaN
B_scaleAxis_tasks40_fanout,B,f20off,LN,P33,Processor,1,NaN,0.2694004438601393,NaN,NaN,NaN
B_scaleAxis_tasks40_fanout,B,f20off,LN,P34,Processor,1,NaN,0.2764909724724014,NaN,NaN,NaN
B_scaleAxis_tasks40_fanout,B,f20off,LN,P35,Processor,1,NaN,0.2835815546225348,NaN,NaN,NaN
B_scaleAxis_tasks40_fanout,B,f20off,LN,P36,Processor,1,NaN,0.2906721903096981,NaN,NaN,NaN
B_scaleAxis_tasks40_fanout,B,f20off,LN,P37,Processor,1,NaN,0.2977628795335061,NaN,NaN,NaN
B_scaleAxis_tasks40_fanout,B,f20off,LN,P38,Processor,1,NaN,0.3048536222935098,NaN,NaN,NaN
B_scaleAxis_tasks40_fanout,B,f20off,LN,P39,Processor,1,NaN,0.3119444185895484,NaN,NaN,NaN
B_scaleAxis_tasks40_fanout,B,f20off,LN,T0,RefTask,1,27.716603266324853,0.0,NaN,0.0,0.5685348855999306
B_scaleAxis_tasks40_fanout,B,f20off,LN,T1,Task,1,0.1701300798852532,0.04253225485991357,NaN,0.30000186995540623,0.5670967314655144
B_scaleAxis_tasks40_fanout,B,f20off,LN,T2,Task,1,0.1984854852672063,0.04962106231252504,NaN,0.35000217954819474,0.5670978550002863
B_scaleAxis_tasks40_fanout,B,f20off,LN,T3,Task,1,0.22684100295575205,0.05670989784533703,NaN,0.40000248911470043,0.5670989784533704
B_scaleAxis_tasks40_fanout,B,f20off,LN,T4,Task,1,0.25519663002819015,0.06379876092962349,NaN,0.45000279723051384,0.5671000971522089
B_scaleAxis_tasks40_fanout,B,f20off,LN,T5,Task,1,0.2835523718851908,0.07088765252285212,NaN,0.5000031066654762,0.5671012201828171
B_scaleAxis_tasks40_fanout,B,f20off,LN,T6,Task,1,0.3119083957154874,0.07797660446503367,NaN,0.5500034876500826,0.5671025779275176
B_scaleAxis_tasks40_fanout,B,f20off,LN,T7,Task,1,0.34026476571232883,0.08506563118355365,NaN,0.6000039516160929,0.5671042078903576
B_scaleAxis_tasks40_fanout,B,f20off,LN,T8,Task,1,0.3686213845327969,0.0921547156000915,NaN,0.6500044473743676,0.5671059421544093
B_scaleAxis_tasks40_fanout,B,f20off,LN,T9,Task,1,0.39697831623973234,0.09924387133298701,NaN,0.700004991833305,0.5671078361884974
B_scaleAxis_tasks40_fanout,B,f20off,LN,T10,Task,1,0.4253355392399238,0.10633309511753794,NaN,0.7500055699435024,0.5671098406268691
B_scaleAxis_tasks40_fanout,B,f20off,LN,T11,Task,1,0.45369302086540586,0.11342238097373332,NaN,0.8000061662794282,0.5671119048686667
B_scaleAxis_tasks40_fanout,B,f20off,LN,T12,Task,1,0.4820507401177052,0.12051172491824697,NaN,0.8500067719095631,0.5671139996152799
B_scaleAxis_tasks40_fanout,B,f20off,LN,T13,Task,1,0.510408686266231,0.12760112488503458,NaN,0.9000073824848465,0.5671161106001538
B_scaleAxis_tasks40_fanout,B,f20off,LN,T14,Task,1,0.5387668539441648,0.13469057983271557,NaN,0.9500079958870224,0.5671182308745919
B_scaleAxis_tasks40_fanout,B,f20off,LN,T15,Task,1,0.5671252403171823,0.14178008920850016,NaN,1.0000086110172606,0.5671203568340007
B_scaleAxis_tasks40_fanout,B,f20off,LN,T16,Task,1,0.5954838437981632,0.1488696527018403,NaN,1.0500092272673482,0.5671224864832012
B_scaleAxis_tasks40_fanout,B,f20off,LN,T17,Task,1,0.623842663438536,0.15595927012659427,NaN,1.1000098442775632,0.567124618642161
B_scaleAxis_tasks40_fanout,B,f20off,LN,T18,Task,1,0.6522016986353582,0.16304894136402498,NaN,1.150010461822214,0.5671267525705217
B_scaleAxis_tasks40_fanout,B,f20off,LN,T19,Task,1,0.6805609489978006,0.17013866633708438,NaN,1.200011079755587,0.5671288877902814
B_scaleAxis_tasks40_fanout,B,f20off,LN,T20,Task,1,0.7089204142577012,0.17722844499276133,NaN,1.2500116979787304,0.5671310239768363
B_scaleAxis_tasks40_fanout,B,f20off,LN,T21,Task,1,0.737280094228147,0.18431827729406777,NaN,1.300012316422945,0.567133160904824
B_scaleAxis_tasks40_fanout,B,f20off,LN,T22,Task,1,0.7656399887743295,0.191408163214284,NaN,1.3500129350389827,0.5671352984126934
B_scaleAxis_tasks40_fanout,B,f20off,LN,T23,Task,1,0.7940000977958904,0.1984981027334681,NaN,1.400013553790536,0.5671374363813375
B_scaleAxis_tasks40_fanout,B,f20off,LN,T24,Task,1,0.8223604212199885,0.2055880958371904,NaN,1.4500141726509401,0.5671395747232839
B_scaleAxis_tasks40_fanout,B,f20off,LN,T25,Task,1,0.850720958990583,0.2126781425143352,NaN,1.500014791599779,0.5671417133715605
B_scaleAxis_tasks40_fanout,B,f20off,LN,T26,Task,1,0.8790817110640906,0.21976824275625284,NaN,1.5500154106212103,0.5671438522742009
B_scaleAxis_tasks40_fanout,B,f20off,LN,T27,Task,1,0.9074426774083931,0.22685839655662662,NaN,1.6000160297031532,0.5671459913915666
B_scaleAxis_tasks40_fanout,B,f20off,LN,T28,Task,1,0.9358038579958271,0.23394860390996045,NaN,1.650016648835594,0.5671481306908132
B_scaleAxis_tasks40_fanout,B,f20off,LN,T29,Task,1,0.9641652528083107,0.2410388648127806,NaN,1.7000172680111492,0.5671502701477191
B_scaleAxis_tasks40_fanout,B,f20off,LN,T30,Task,1,0.9925268618264206,0.2481291792611994,NaN,1.7500178872229908,0.5671524097398845
B_scaleAxis_tasks40_fanout,B,f20off,LN,T31,Task,1,1.0208886850390835,0.25521954725313567,NaN,1.8000185064662722,0.5671545494514127
B_scaleAxis_tasks40_fanout,B,f20off,LN,T32,Task,1,1.0492507224365855,0.26230996878675084,NaN,1.850019125736833,0.5671566892686505
B_scaleAxis_tasks40_fanout,B,f20off,LN,T33,Task,1,1.0776129740091673,0.2694004438601393,NaN,1.9000197450309049,0.5671588291792407
B_scaleAxis_tasks40_fanout,B,f20off,LN,T34,Task,1,1.1059754397516703,0.2764909724724014,NaN,1.9500203643457366,0.5671609691741568
B_scaleAxis_tasks40_fanout,B,f20off,LN,T35,Task,1,1.1343381196586453,0.2835815546225348,NaN,2.0000209836787897,0.5671631092450697
B_scaleAxis_tasks40_fanout,B,f20off,LN,T36,Task,1,1.1627010137254805,0.2906721903096981,NaN,2.0500216030278673,0.567165249384777
B_scaleAxis_tasks40_fanout,B,f20off,LN,T37,Task,1,1.19106412194966,0.2977628795335061,NaN,2.1000222223912495,0.5671673895876308
B_scaleAxis_tasks40_fanout,B,f20off,LN,T38,Task,1,1.2194274443284814,0.3048536222935098,NaN,2.1500228417673375,0.5671695298483905
B_scaleAxis_tasks40_fanout,B,f20off,LN,T39,Task,1,1.247790980860568,0.3119444185895484,NaN,2.2000234611548395,0.5671716701628153
B_scaleAxis_tasks40_fanout,B,f20off,LN,E0,Entry,1,27.716603266324853,NaN,48.75092798760745,NaN,0.5685348855999306
B_scaleAxis_tasks40_fanout,B,f20off,LN,E1,Entry,1,0.1701300798852532,NaN,0.30000186995540623,NaN,0.5670967314655144
B_scaleAxis_tasks40_fanout,B,f20off,LN,E2,Entry,1,0.1984854852672063,NaN,0.35000217954819474,NaN,0.5670978550002863
B_scaleAxis_tasks40_fanout,B,f20off,LN,E3,Entry,1,0.22684100295575205,NaN,0.40000248911470043,NaN,0.5670989784533704
B_scaleAxis_tasks40_fanout,B,f20off,LN,E4,Entry,1,0.25519663002819015,NaN,0.45000279723051384,NaN,0.5671000971522089
B_scaleAxis_tasks40_fanout,B,f20off,LN,E5,Entry,1,0.2835523718851908,NaN,0.5000031066654762,NaN,0.5671012201828171
B_scaleAxis_tasks40_fanout,B,f20off,LN,E6,Entry,1,0.3119083957154874,NaN,0.5500034876500826,NaN,0.5671025779275176
B_scaleAxis_tasks40_fanout,B,f20off,LN,E7,Entry,1,0.34026476571232883,NaN,0.6000039516160929,NaN,0.5671042078903576
B_scaleAxis_tasks40_fanout,B,f20off,LN,E8,Entry,1,0.3686213845327969,NaN,0.6500044473743676,NaN,0.5671059421544093
B_scaleAxis_tasks40_fanout,B,f20off,LN,E9,Entry,1,0.39697831623973234,NaN,0.700004991833305,NaN,0.5671078361884974
B_scaleAxis_tasks40_fanout,B,f20off,LN,E10,Entry,1,0.4253355392399238,NaN,0.7500055699435024,NaN,0.5671098406268691
B_scaleAxis_tasks40_fanout,B,f20off,LN,E11,Entry,1,0.45369302086540586,NaN,0.8000061662794282,NaN,0.5671119048686667
B_scaleAxis_tasks40_fanout,B,f20off,LN,E12,Entry,1,0.4820507401177052,NaN,0.8500067719095631,NaN,0.5671139996152799
B_scaleAxis_tasks40_fanout,B,f20off,LN,E13,Entry,1,0.510408686266231,NaN,0.9000073824848464,NaN,0.5671161106001538
B_scaleAxis_tasks40_fanout,B,f20off,LN,E14,Entry,1,0.5387668539441648,NaN,0.9500079958870226,NaN,0.5671182308745919
B_scaleAxis_tasks40_fanout,B,f20off,LN,E15,Entry,1,0.5671252403171823,NaN,1.0000086110172606,NaN,0.5671203568340007
B_scaleAxis_tasks40_fanout,B,f20off,LN,E16,Entry,1,0.5954838437981632,NaN,1.0500092272673482,NaN,0.5671224864832012
B_scaleAxis_tasks40_fanout,B,f20off,LN,E17,Entry,1,0.623842663438536,NaN,1.1000098442775632,NaN,0.567124618642161
B_scaleAxis_tasks40_fanout,B,f20off,LN,E18,Entry,1,0.6522016986353582,NaN,1.150010461822214,NaN,0.5671267525705217
B_scaleAxis_tasks40_fanout,B,f20off,LN,E19,Entry,1,0.6805609489978006,NaN,1.200011079755587,NaN,0.5671288877902814
B_scaleAxis_tasks40_fanout,B,f20off,LN,E20,Entry,1,0.7089204142577012,NaN,1.2500116979787304,NaN,0.5671310239768363
B_scaleAxis_tasks40_fanout,B,f20off,LN,E21,Entry,1,0.737280094228147,NaN,1.300012316422945,NaN,0.567133160904824
B_scaleAxis_tasks40_fanout,B,f20off,LN,E22,Entry,1,0.7656399887743295,NaN,1.3500129350389827,NaN,0.5671352984126934
B_scaleAxis_tasks40_fanout,B,f20off,LN,E23,Entry,1,0.7940000977958904,NaN,1.400013553790536,NaN,0.5671374363813375
B_scaleAxis_tasks40_fanout,B,f20off,LN,E24,Entry,1,0.8223604212199885,NaN,1.4500141726509401,NaN,0.5671395747232839
B_scaleAxis_tasks40_fanout,B,f20off,LN,E25,Entry,1,0.850720958990583,NaN,1.500014791599779,NaN,0.5671417133715605
B_scaleAxis_tasks40_fanout,B,f20off,LN,E26,Entry,1,0.8790817110640906,NaN,1.5500154106212103,NaN,0.5671438522742009
B_scaleAxis_tasks40_fanout,B,f20off,LN,E27,Entry,1,0.9074426774083931,NaN,1.6000160297031532,NaN,0.5671459913915666
B_scaleAxis_tasks40_fanout,B,f20off,LN,E28,Entry,1,0.9358038579958271,NaN,1.650016648835594,NaN,0.5671481306908132
B_scaleAxis_tasks40_fanout,B,f20off,LN,E29,Entry,1,0.9641652528083107,NaN,1.7000172680111492,NaN,0.5671502701477191
B_scaleAxis_tasks40_fanout,B,f20off,LN,E30,Entry,1,0.9925268618264206,NaN,1.7500178872229908,NaN,0.5671524097398845
B_scaleAxis_tasks40_fanout,B,f20off,LN,E31,Entry,1,1.0208886850390835,NaN,1.8000185064662722,NaN,0.5671545494514127
B_scaleAxis_tasks40_fanout,B,f20off,LN,E32,Entry,1,1.0492507224365855,NaN,1.850019125736833,NaN,0.5671566892686505
B_scaleAxis_tasks40_fanout,B,f20off,LN,E33,Entry,1,1.0776129740091673,NaN,1.9000197450309049,NaN,0.5671588291792407
B_scaleAxis_tasks40_fanout,B,f20off,LN,E34,Entry,1,1.1059754397516703,NaN,1.9500203643457366,NaN,0.5671609691741568
B_scaleAxis_tasks40_fanout,B,f20off,LN,E35,Entry,1,1.1343381196586453,NaN,2.0000209836787897,NaN,0.5671631092450697
B_scaleAxis_tasks40_fanout,B,f20off,LN,E36,Entry,1,1.1627010137254805,NaN,2.0500216030278673,NaN,0.567165249384777
B_scaleAxis_tasks40_fanout,B,f20off,LN,E37,Entry,1,1.19106412194966,NaN,2.1000222223912495,NaN,0.5671673895876308
B_scaleAxis_tasks40_fanout,B,f20off,LN,E38,Entry,1,1.2194274443284814,NaN,2.1500228417673375,NaN,0.5671695298483905
B_scaleAxis_tasks40_fanout,B,f20off,LN,E39,Entry,1,1.247790980860568,NaN,2.2000234611548395,NaN,0.5671716701628153
B_scaleAxis_tasks40_fanout,B,f20off,LN,AS1,Activity,1,0.17012902523469983,0.04253225485991357,0.3000000102187955,0.30000186995540623,0.5670967314655143
B_scaleAxis_tasks40_fanout,B,f20off,LN,AS2,Activity,1,0.198484254846789,0.04962106231252504,0.35000000986900015,0.35000217954819474,0.5670978550002862
B_scaleAxis_tasks40_fanout,B,f20off,LN,AS3,Activity,1,0.22683959677966758,0.05670989784533703,0.4000000095191839,0.40000248911470043,0.5670989784533703
B_scaleAxis_tasks40_fanout,B,f20off,LN,AS4,Activity,1,0.25519504891843137,0.06379876092962349,0.45000000916934674,0.45000279723051384,0.5671000971522088
B_scaleAxis_tasks40_fanout,B,f20off,LN,AS5,Activity,1,0.2835506150929514,0.07088765252285212,0.5000000088194889,0.5000031066654762,0.567101220182817
B_scaleAxis_tasks40_fanout,B,f20off,LN,AS6,Activity,1,0.3119064226632698,0.07797660446503367,0.5500000084696056,0.5500034876500826,0.5671025779275175
B_scaleAxis_tasks40_fanout,B,f20off,LN,AS7,Activity,1,0.340262529338928,0.08506563118355365,0.6000000081196954,0.6000039516160929,0.5671042078903575
B_scaleAxis_tasks40_fanout,B,f20off,LN,AS8,Activity,1,0.36861886680664446,0.0921547156000915,0.6500000077697624,0.6500044473743676,0.5671059421544092
B_scaleAxis_tasks40_fanout,B,f20off,LN,AS9,Activity,1,0.3969754895397779,0.09924387133298701,0.7000000074198055,0.700004991833305,0.5671078361884972
B_scaleAxis_tasks40_fanout,B,f20off,LN,AS10,Activity,1,0.4253323844795195,0.10633309511753794,0.7500000070698257,0.7500055699435024,0.567109840626869
B_scaleAxis_tasks40_fanout,B,f20off,LN,AS11,Activity,1,0.45368952770582555,0.11342238097373332,0.8000000067198242,0.8000061662794282,0.5671119048686666
B_scaleAxis_tasks40_fanout,B,f20off,LN,AS12,Activity,1,0.48204690328539146,0.12051172491824697,0.8500000063698017,0.8500067719095631,0.5671139996152798
B_scaleAxis_tasks40_fanout,B,f20off,LN,AS13,Activity,1,0.5104045029540404,0.12760112488503458,0.9000000060197586,0.9000073824848465,0.5671161106001537
B_scaleAxis_tasks40_fanout,B,f20off,LN,AS14,Activity,1,0.5387623225462496,0.13469057983271557,0.9500000056696949,0.9500079958870224,0.5671182308745918
B_scaleAxis_tasks40_fanout,B,f20off,LN,AS15,Activity,1,0.5671203598508605,0.14178008920850016,1.0000000053196114,1.0000086110172606,0.5671203568340006
B_scaleAxis_tasks40_fanout,B,f20off,LN,AS16,Activity,1,0.5954786136256807,0.1488696527018403,1.0500000049695077,1.0500092272673482,0.5671224864832011
B_scaleAxis_tasks40_fanout,B,f20off,LN,AS17,Activity,1,0.623837083126143,0.15595927012659427,1.1000000046193834,1.1000098442775632,0.5671246186421609
B_scaleAxis_tasks40_fanout,B,f20off,LN,AS18,Activity,1,0.6521957678772994,0.16304894136402498,1.1500000042692389,1.150010461822214,0.5671267525705216
B_scaleAxis_tasks40_fanout,B,f20off,LN,AS19,Activity,1,0.6805546675709578,0.17013866633708438,1.2000000039190744,1.200011079755587,0.5671288877902813
B_scaleAxis_tasks40_fanout,B,f20off,LN,AS20,Activity,1,0.7089137819950737,0.17722844499276133,1.2500000035688903,1.2500116979787304,0.5671310239768362
B_scaleAxis_tasks40_fanout,B,f20off,LN,AS21,Activity,1,0.7372731110016952,0.18431827729406777,1.3000000032186871,1.300012316422945,0.5671331609048239
B_scaleAxis_tasks40_fanout,B,f20off,LN,AS22,Activity,1,0.7656326544839426,0.191408163214284,1.3500000028684631,1.3500129350389827,0.5671352984126933
B_scaleAxis_tasks40_fanout,B,f20off,LN,AS23,Activity,1,0.7939924123620488,0.1984981027334681,1.4000000025182193,1.400013553790536,0.5671374363813374
B_scaleAxis_tasks40_fanout,B,f20off,LN,AS24,Activity,1,0.8223523845782956,0.2055880958371904,1.4500000021679569,1.4500141726509401,0.5671395747232838
B_scaleAxis_tasks40_fanout,B,f20off,LN,AS25,Activity,1,0.8507125710882194,0.2126781425143352,1.5000000018176742,1.500014791599779,0.5671417133715604
B_scaleAxis_tasks40_fanout,B,f20off,LN,AS26,Activity,1,0.8790729718572217,0.21976824275625284,1.550000001467371,1.5500154106212103,0.5671438522742008
B_scaleAxis_tasks40_fanout,B,f20off,LN,AS27,Activity,1,0.9074335868600366,0.22685839655662662,1.6000000011170497,1.6000160297031532,0.5671459913915665
B_scaleAxis_tasks40_fanout,B,f20off,LN,AS28,Activity,1,0.9357944160746788,0.23394860390996045,1.6500000007667086,1.650016648835594,0.567148130690813
B_scaleAxis_tasks40_fanout,B,f20off,LN,AS29,Activity,1,0.9641554594872539,0.2410388648127806,1.7000000004163474,1.7000172680111492,0.567150270147719
B_scaleAxis_tasks40_fanout,B,f20off,LN,AS30,Activity,1,0.9925167170822111,0.2481291792611994,1.7500000000659672,1.7500178872229908,0.5671524097398843
B_scaleAxis_tasks40_fanout,B,f20off,LN,AS31,Activity,1,1.0208781888512255,0.25521954725313567,1.7999999997155673,1.8000185064662722,0.5671545494514126
B_scaleAxis_tasks40_fanout,B,f20off,LN,AS32,Activity,1,1.0492398747869431,0.26230996878675084,1.8499999993651488,1.850019125736833,0.5671566892686504
B_scaleAxis_tasks40_fanout,B,f20off,LN,AS33,Activity,1,1.077601774881742,0.2694004438601393,1.8999999990147114,1.9000197450309049,0.5671588291792405
B_scaleAxis_tasks40_fanout,B,f20off,LN,AS34,Activity,1,1.1059638891320227,0.2764909724724014,1.9499999986642542,1.9500203643457366,0.5671609691741567
B_scaleAxis_tasks40_fanout,B,f20off,LN,AS35,Activity,1,1.1343262175337765,0.2835815546225348,1.9999999983137782,2.0000209836787897,0.5671631092450696
B_scaleAxis_tasks40_fanout,B,f20off,LN,AS36,Activity,1,1.1626887600836373,0.2906721903096981,2.049999997963283,2.0500216030278673,0.5671652493847769
B_scaleAxis_tasks40_fanout,B,f20off,LN,AS37,Activity,1,1.1910515167800648,0.2977628795335061,2.099999997612769,2.1000222223912495,0.5671673895876307
B_scaleAxis_tasks40_fanout,B,f20off,LN,AS38,Activity,1,1.219414487621263,0.3048536222935098,2.1499999972622357,2.1500228417673375,0.5671695298483904
B_scaleAxis_tasks40_fanout,B,f20off,LN,AS39,Activity,1,1.2477776726065881,0.3119444185895484,2.199999996911684,2.2000234611548395,0.5671716701628152
B_scaleAxis_tasks40_fanout,B,f20off,LN,A0,Activity,1,100.20480155872697,0.0,176.250928653197,0.0,0.568534885599931
B_scaleAxis_tasks60_fanout,B,f20off,LN,P0,Processor,1,NaN,0.0,NaN,NaN,NaN
B_scaleAxis_tasks60_fanout,B,f20off,LN,P1,Processor,1,NaN,0.020911690118555207,NaN,NaN,NaN
B_scaleAxis_tasks60_fanout,B,f20off,LN,P2,Processor,1,NaN,0.024396995569856143,NaN,NaN,NaN
B_scaleAxis_tasks60_fanout,B,f20off,LN,P3,Processor,1,NaN,0.027882307809092108,NaN,NaN,NaN
B_scaleAxis_tasks60_fanout,B,f20off,LN,P4,Processor,1,NaN,0.03136762670843131,NaN,NaN,NaN
B_scaleAxis_tasks60_fanout,B,f20off,LN,P5,Processor,1,NaN,0.03485295249930651,NaN,NaN,NaN
B_scaleAxis_tasks60_fanout,B,f20off,LN,P6,Processor,1,NaN,0.03833829287849221,NaN,NaN,NaN
B_scaleAxis_tasks60_fanout,B,f20off,LN,P7,Processor,1,NaN,0.04182365133348859,NaN,NaN,NaN
B_scaleAxis_tasks60_fanout,B,f20off,LN,P8,Processor,1,NaN,0.04530902373580484,NaN,NaN,NaN
B_scaleAxis_tasks60_fanout,B,f20off,LN,P9,Processor,1,NaN,0.04879441337733804,NaN,NaN,NaN
B_scaleAxis_tasks60_fanout,B,f20off,LN,P10,Processor,1,NaN,0.0522798194687943,NaN,NaN,NaN
B_scaleAxis_tasks60_fanout,B,f20off,LN,P11,Processor,1,NaN,0.05576524056451676,NaN,NaN,NaN
B_scaleAxis_tasks60_fanout,B,f20off,LN,P12,Processor,1,NaN,0.05925067570152386,NaN,NaN,NaN
B_scaleAxis_tasks60_fanout,B,f20off,LN,P13,Processor,1,NaN,0.06273612438030833,NaN,NaN,NaN
B_scaleAxis_tasks60_fanout,B,f20off,LN,P14,Processor,1,NaN,0.06622158634905938,NaN,NaN,NaN
B_scaleAxis_tasks60_fanout,B,f20off,LN,P15,Processor,1,NaN,0.06970706147407486,NaN,NaN,NaN
B_scaleAxis_tasks60_fanout,B,f20off,LN,P16,Processor,1,NaN,0.07319254968021043,NaN,NaN,NaN
B_scaleAxis_tasks60_fanout,B,f20off,LN,P17,Processor,1,NaN,0.07667805092239521,NaN,NaN,NaN
B_scaleAxis_tasks60_fanout,B,f20off,LN,P18,Processor,1,NaN,0.08016356517185196,NaN,NaN,NaN
B_scaleAxis_tasks60_fanout,B,f20off,LN,P19,Processor,1,NaN,0.0836490924098813,NaN,NaN,NaN
B_scaleAxis_tasks60_fanout,B,f20off,LN,P20,Processor,1,NaN,0.08713463262359432,NaN,NaN,NaN
B_scaleAxis_tasks60_fanout,B,f20off,LN,P21,Processor,1,NaN,0.09062018580397511,NaN,NaN,NaN
B_scaleAxis_tasks60_fanout,B,f20off,LN,P22,Processor,1,NaN,0.09410575194449035,NaN,NaN,NaN
B_scaleAxis_tasks60_fanout,B,f20off,LN,P23,Processor,1,NaN,0.09759133104024498,NaN,NaN,NaN
B_scaleAxis_tasks60_fanout,B,f20off,LN,P24,Processor,1,NaN,0.10107692308767639,NaN,NaN,NaN
B_scaleAxis_tasks60_fanout,B,f20off,LN,P25,Processor,1,NaN,0.10456252808402322,NaN,NaN,NaN
B_scaleAxis_tasks60_fanout,B,f20off,LN,P26,Processor,1,NaN,0.10804814602711962,NaN,NaN,NaN
B_scaleAxis_tasks60_fanout,B,f20off,LN,P27,Processor,1,NaN,0.11153377691536492,NaN,NaN,NaN
B_scaleAxis_tasks60_fanout,B,f20off,LN,P28,Processor,1,NaN,0.1150194207473553,NaN,NaN,NaN
B_scaleAxis_tasks60_fanout,B,f20off,LN,P29,Processor,1,NaN,0.11850507752217741,NaN,NaN,NaN
B_scaleAxis_tasks60_fanout,B,f20off,LN,P30,Processor,1,NaN,0.12199074723881626,NaN,NaN,NaN
B_scaleAxis_tasks60_fanout,B,f20off,LN,P31,Processor,1,NaN,0.1254764298966947,NaN,NaN,NaN
B_scaleAxis_tasks60_fanout,B,f20off,LN,P32,Processor,1,NaN,0.1289621254952933,NaN,NaN,NaN
B_scaleAxis_tasks60_fanout,B,f20off,LN,P33,Processor,1,NaN,0.13244783403407775,NaN,NaN,NaN
B_scaleAxis_tasks60_fanout,B,f20off,LN,P34,Processor,1,NaN,0.13593355551275557,NaN,NaN,NaN
B_scaleAxis_tasks60_fanout,B,f20off,LN,P35,Processor,1,NaN,0.13941928993101002,NaN,NaN,NaN
B_scaleAxis_tasks60_fanout,B,f20off,LN,P36,Processor,1,NaN,0.14290503728856324,NaN,NaN,NaN
B_scaleAxis_tasks60_fanout,B,f20off,LN,P37,Processor,1,NaN,0.14639079758524765,NaN,NaN,NaN
B_scaleAxis_tasks60_fanout,B,f20off,LN,P38,Processor,1,NaN,0.14987657082088018,NaN,NaN,NaN
B_scaleAxis_tasks60_fanout,B,f20off,LN,P39,Processor,1,NaN,0.15336235699534767,NaN,NaN,NaN
B_scaleAxis_tasks60_fanout,B,f20off,LN,P40,Processor,1,NaN,0.15684815610854033,NaN,NaN,NaN
B_scaleAxis_tasks60_fanout,B,f20off,LN,P41,Processor,1,NaN,0.1603339681603793,NaN,NaN,NaN
B_scaleAxis_tasks60_fanout,B,f20off,LN,P42,Processor,1,NaN,0.16381979315063575,NaN,NaN,NaN
B_scaleAxis_tasks60_fanout,B,f20off,LN,P43,Processor,1,NaN,0.16730563107961224,NaN,NaN,NaN
B_scaleAxis_tasks60_fanout,B,f20off,LN,P44,Processor,1,NaN,0.17079148194708865,NaN,NaN,NaN
B_scaleAxis_tasks60_fanout,B,f20off,LN,P45,Processor,1,NaN,0.17427734575299647,NaN,NaN,NaN
B_scaleAxis_tasks60_fanout,B,f20off,LN,P46,Processor,1,NaN,0.17776322249741955,NaN,NaN,NaN
B_scaleAxis_tasks60_fanout,B,f20off,LN,P47,Processor,1,NaN,0.1812491121803061,NaN,NaN,NaN
B_scaleAxis_tasks60_fanout,B,f20off,LN,P48,Processor,1,NaN,0.184735014801662,NaN,NaN,NaN
B_scaleAxis_tasks60_fanout,B,f20off,LN,P49,Processor,1,NaN,0.1882209303614976,NaN,NaN,NaN
B_scaleAxis_tasks60_fanout,B,f20off,LN,P50,Processor,1,NaN,0.19170685885983074,NaN,NaN,NaN
B_scaleAxis_tasks60_fanout,B,f20off,LN,P51,Processor,1,NaN,0.19519280029668415,NaN,NaN,NaN
B_scaleAxis_tasks60_fanout,B,f20off,LN,P52,Processor,1,NaN,0.19867875467203044,NaN,NaN,NaN
B_scaleAxis_tasks60_fanout,B,f20off,LN,P53,Processor,1,NaN,0.20216472198599844,NaN,NaN,NaN
B_scaleAxis_tasks60_fanout,B,f20off,LN,P54,Processor,1,NaN,0.20565070223858276,NaN,NaN,NaN
B_scaleAxis_tasks60_fanout,B,f20off,LN,P55,Processor,1,NaN,0.20913669542982127,NaN,NaN,NaN
B_scaleAxis_tasks60_fanout,B,f20off,LN,P56,Processor,1,NaN,0.21262270155975527,NaN,NaN,NaN
B_scaleAxis_tasks60_fanout,B,f20off,LN,P57,Processor,1,NaN,0.2161087206284763,NaN,NaN,NaN
B_scaleAxis_tasks60_fanout,B,f20off,LN,P58,Processor,1,NaN,0.21959475263580105,NaN,NaN,NaN
B_scaleAxis_tasks60_fanout,B,f20off,LN,P59,Processor,1,NaN,0.22308079758209132,NaN,NaN,NaN
B_scaleAxis_tasks60_fanout,B,f20off,LN,T0,RefTask,1,28.871117747435083,0.0,NaN,0.0,0.2796176531906067
B_scaleAxis_tasks60_fanout,B,f20off,LN,T1,Task,1,0.083647285439263,0.020911690118555207,NaN,0.30000188279273166,0.2788225349140695
B_scaleAxis_tasks60_fanout,B,f20off,LN,T2,Task,1,0.09758859356652752,0.024396995569856143,NaN,0.35000219238558916,0.2788228065126417
B_scaleAxis_tasks60_fanout,B,f20off,LN,T3,Task,1,0.11152992883837493,0.027882307809092108,NaN,0.40000250195217435,0.2788230780909211
B_scaleAxis_tasks60_fanout,B,f20off,LN,T4,Task,1,0.12547129034631632,0.03136762670843131,NaN,0.45000281006807785,0.2788233485193895
B_scaleAxis_tasks60_fanout,B,f20off,LN,T5,Task,1,0.13941267978838406,0.03485295249930651,NaN,0.5000031195031397,0.27882361999445215
B_scaleAxis_tasks60_fanout,B,f20off,LN,T6,Task,1,0.15335414753380222,0.03833829287849221,NaN,0.5500035004878154,0.2788239482072161
B_scaleAxis_tasks60_fanout,B,f20off,LN,T7,Task,1,0.1672957107202062,0.04182365133348859,NaN,0.6000039644539032,0.27882434222325725
B_scaleAxis_tasks60_fanout,B,f20off,LN,T8,Task,1,0.18123733856084334,0.04530902373580484,NaN,0.6500044602122763,0.27882476145110674
B_scaleAxis_tasks60_fanout,B,f20off,LN,T9,Task,1,0.19517904893793228,0.04879441337733804,NaN,0.7000050046713263,0.27882521929907456
B_scaleAxis_tasks60_fanout,B,f20off,LN,T10,Task,1,0.20912083449820212,0.0522798194687943,NaN,0.7500055827816571,0.27882570383356964
B_scaleAxis_tasks60_fanout,B,f20off,LN,T11,Task,1,0.22306268515800182,0.05576524056451676,NaN,0.8000061791177346,0.27882620282258386
B_scaleAxis_tasks60_fanout,B,f20off,LN,T12,Task,1,0.2370045945750629,0.05925067570152386,NaN,0.8500067847480357,0.2788267091836417
B_scaleAxis_tasks60_fanout,B,f20off,LN,T13,Task,1,0.25094655953872114,0.06273612438030833,NaN,0.9000073953234973,0.278827219468037
B_scaleAxis_tasks60_fanout,B,f20off,LN,T14,Task,1,0.264888578451106,0.06622158634905938,NaN,0.9500080087258629,0.2788277319960395
B_scaleAxis_tasks60_fanout,B,f20off,LN,T15,Task,1,0.2788306504710248,0.06970706147407486,NaN,1.000008623856301,0.2788282458962995
B_scaleAxis_tasks60_fanout,B,f20off,LN,T16,Task,1,0.2927727751283133,0.07319254968021043,NaN,1.0500092401065988,0.27882876068651596
B_scaleAxis_tasks60_fanout,B,f20off,LN,T17,Task,1,0.3067149521423879,0.07667805092239521,NaN,1.1000098571170347,0.27882927608143715
B_scaleAxis_tasks60_fanout,B,f20off,LN,T18,Task,1,0.32065718133521026,0.08016356517185196,NaN,1.1500104746619164,0.2788297919020938
B_scaleAxis_tasks60_fanout,B,f20off,LN,T19,Task,1,0.33459946259135376,0.0836490924098813,NaN,1.2000110925955298,0.27883030803293773
B_scaleAxis_tasks60_fanout,B,f20off,LN,T20,Task,1,0.3485417958316722,0.08713463262359432,NaN,1.2500117108189237,0.2788308243955019
B_scaleAxis_tasks60_fanout,B,f20off,LN,T21,Task,1,0.3624841810009464,0.09062018580397511,NaN,1.3000123292633976,0.2788313409353081
B_scaleAxis_tasks60_fanout,B,f20off,LN,T22,Task,1,0.3764266180593118,0.09410575194449035,NaN,1.3500129478797054,0.27883185761330476
B_scaleAxis_tasks60_fanout,B,f20off,LN,T23,Task,1,0.39036910697706434,0.09759133104024498,NaN,1.400013566631538,0.27883237440069997
B_scaleAxis_tasks60_fanout,B,f20off,LN,T24,Task,1,0.4043116477325185,0.10107692308767639,NaN,1.4500141854922308,0.2788328912763487
B_scaleAxis_tasks60_fanout,B,f20off,LN,T25,Task,1,0.41825424030893643,0.10456252808402322,NaN,1.5000148044413684,0.2788334082240619
B_scaleAxis_tasks60_fanout,B,f20off,LN,T26,Task,1,0.4321968846932377,0.10804814602711962,NaN,1.5500154234631083,0.2788339252312765
B_scaleAxis_tasks60_fanout,B,f20off,LN,T27,Task,1,0.4461395808756505,0.11153377691536492,NaN,1.6000160425453684,0.27883444228841237
B_scaleAxis_tasks60_fanout,B,f20off,LN,T28,Task,1,0.4600823288477676,0.1150194207473553,NaN,1.6500166616781362,0.278834959387528
B_scaleAxis_tasks60_fanout,B,f20off,LN,T29,Task,1,0.4740251286038773,0.11850507752217741,NaN,1.700017280854028,0.2788354765227704
B_scaleAxis_tasks60_fanout,B,f20off,LN,T30,Task,1,0.48796798013801523,0.12199074723881626,NaN,1.7500179000662148,0.2788359936887229
B_scaleAxis_tasks60_fanout,B,f20off,LN,T31,Task,1,0.5019108834465219,0.1254764298966947,NaN,1.800018519309852,0.2788365108815438
B_scaleAxis_tasks60_fanout,B,f20off,LN,T32,Task,1,0.515853838526159,0.1289621254952933,NaN,1.850019138580777,0.2788370280979314
B_scaleAxis_tasks60_fanout,B,f20off,LN,T33,Task,1,0.5297968453737391,0.13244783403407775,NaN,1.9000197578752223,0.27883754533490057
B_scaleAxis_tasks60_fanout,B,f20off,LN,T34,Task,1,0.5437399039873247,0.13593355551275557,NaN,1.9500203771904365,0.2788380625902679
B_scaleAxis_tasks60_fanout,B,f20off,LN,T35,Task,1,0.5576830143649413,0.13941928993101002,NaN,2.0000209965238813,0.2788385798620201
B_scaleAxis_tasks60_fanout,B,f20off,LN,T36,Task,1,0.571626176504865,0.14290503728856324,NaN,2.0500216158733604,0.27883909714841615
B_scaleAxis_tasks60_fanout,B,f20off,LN,T37,Task,1,0.5855693904059455,0.14639079758524765,NaN,2.1000222352371525,0.2788396144480908
B_scaleAxis_tasks60_fanout,B,f20off,LN,T38,Task,1,0.5995126560670049,0.14987657082088018,NaN,2.150022854613659,0.2788401317597772
B_scaleAxis_tasks60_fanout,B,f20off,LN,T39,Task,1,0.6134559734872306,0.15336235699534767,NaN,2.20002347400159,0.2788406490824503
B_scaleAxis_tasks60_fanout,B,f20off,LN,T40,Task,1,0.627399342665857,0.15684815610854033,NaN,2.2500240933997726,0.27884116641518286
B_scaleAxis_tasks60_fanout,B,f20off,LN,T41,Task,1,0.6413427636022899,0.1603339681603793,NaN,2.3000247128072093,0.27884168375718144
B_scaleAxis_tasks60_fanout,B,f20off,LN,T42,Task,1,0.6552862362952689,0.16381979315063575,NaN,2.3500253322226614,0.27884220110746516
B_scaleAxis_tasks60_fanout,B,f20off,LN,T43,Task,1,0.6692297607459997,0.16730563107961224,NaN,2.400025951646112,0.2788427184660205
B_scaleAxis_tasks60_fanout,B,f20off,LN,T44,Task,1,0.6831733369532974,0.17079148194708865,NaN,2.4500265710764704,0.27884323583198156
B_scaleAxis_tasks60_fanout,B,f20off,LN,T45,Task,1,0.6971169649166928,0.17427734575299647,NaN,2.5000271905130367,0.27884375320479443
B_scaleAxis_tasks60_fanout,B,f20off,LN,T46,Task,1,0.711060644636426,0.17776322249741955,NaN,2.550027809955469,0.2788442705841876
B_scaleAxis_tasks60_fanout,B,f20off,LN,T47,Task,1,0.7250043761121288,0.1812491121803061,NaN,2.6000284294031886,0.27884478796970175
B_scaleAxis_tasks60_fanout,B,f20off,LN,T48,Task,1,0.7389481593437054,0.184735014801662,NaN,2.650029048855769,0.2788453053609993
B_scaleAxis_tasks60_fanout,B,f20off,LN,T49,Task,1,0.7528919943310901,0.1882209303614976,NaN,2.7000296683128253,0.27884582275777425
B_scaleAxis_tasks60_fanout,B,f20off,LN,T50,Task,1,0.7668358810742579,0.19170685885983074,NaN,2.750030287774012,0.27884634015975385
B_scaleAxis_tasks60_fanout,B,f20off,LN,T51,Task,1,0.7807798195732135,0.19519280029668415,NaN,2.80003090723902,0.2788468575666917
B_scaleAxis_tasks60_fanout,B,f20off,LN,T52,Task,1,0.7947238098277422,0.19867875467203044,NaN,2.850031526707472,0.2788473749782884
B_scaleAxis_tasks60_fanout,B,f20off,LN,T53,Task,1,0.8086678518383363,0.20216472198599844,NaN,2.900032146179286,0.27884789239448066
B_scaleAxis_tasks60_fanout,B,f20off,LN,T54,Task,1,0.8226119456048901,0.20565070223858276,NaN,2.95003276565416,0.2788484098150275
B_scaleAxis_tasks60_fanout,B,f20off,LN,T55,Task,1,0.8365560911274963,0.20913669542982127,NaN,3.000033385131882,0.27884892723976173
B_scaleAxis_tasks60_fanout,B,f20off,LN,T56,Task,1,0.8505002884062667,0.21262270155975527,NaN,3.050034004612262,0.27884944466853157
B_scaleAxis_tasks60_fanout,B,f20off,LN,T57,Task,1,0.8644445374415403,0.2161087206284763,NaN,3.100034624095202,0.2788499621012598
B_scaleAxis_tasks60_fanout,B,f20off,LN,T58,Task,1,0.8783888382324355,0.21959475263580105,NaN,3.1500352435801706,0.2788504795375252
B_scaleAxis_tasks60_fanout,B,f20off,LN,T59,Task,1,0.8923331907805006,0.22308079758209132,NaN,3.200035863067529,0.2788509969776142
B_scaleAxis_tasks60_fanout,B,f20off,LN,E0,Entry,1,28.871117747435083,NaN,103.25212810420997,NaN,0.2796176531906067
B_scaleAxis_tasks60_fanout,B,f20off,LN,E1,Entry,1,0.083647285439263,NaN,0.30000188279273166,NaN,0.2788225349140695
B_scaleAxis_tasks60_fanout,B,f20off,LN,E2,Entry,1,0.09758859356652752,NaN,0.35000219238558916,NaN,0.2788228065126417
B_scaleAxis_tasks60_fanout,B,f20off,LN,E3,Entry,1,0.11152992883837493,NaN,0.40000250195217435,NaN,0.2788230780909211
B_scaleAxis_tasks60_fanout,B,f20off,LN,E4,Entry,1,0.12547129034631632,NaN,0.4500028100680779,NaN,0.2788233485193895
B_scaleAxis_tasks60_fanout,B,f20off,LN,E5,Entry,1,0.13941267978838406,NaN,0.5000031195031397,NaN,0.27882361999445215
B_scaleAxis_tasks60_fanout,B,f20off,LN,E6,Entry,1,0.15335414753380222,NaN,0.5500035004878154,NaN,0.2788239482072161
B_scaleAxis_tasks60_fanout,B,f20off,LN,E7,Entry,1,0.1672957107202062,NaN,0.6000039644539032,NaN,0.27882434222325725
B_scaleAxis_tasks60_fanout,B,f20off,LN,E8,Entry,1,0.18123733856084334,NaN,0.6500044602122763,NaN,0.27882476145110674
B_scaleAxis_tasks60_fanout,B,f20off,LN,E9,Entry,1,0.19517904893793228,NaN,0.7000050046713263,NaN,0.27882521929907456
B_scaleAxis_tasks60_fanout,B,f20off,LN,E10,Entry,1,0.20912083449820212,NaN,0.7500055827816571,NaN,0.27882570383356964
B_scaleAxis_tasks60_fanout,B,f20off,LN,E11,Entry,1,0.22306268515800182,NaN,0.8000061791177346,NaN,0.27882620282258386
B_scaleAxis_tasks60_fanout,B,f20off,LN,E12,Entry,1,0.2370045945750629,NaN,0.8500067847480357,NaN,0.2788267091836417
B_scaleAxis_tasks60_fanout,B,f20off,LN,E13,Entry,1,0.25094655953872114,NaN,0.9000073953234973,NaN,0.278827219468037
B_scaleAxis_tasks60_fanout,B,f20off,LN,E14,Entry,1,0.264888578451106,NaN,0.9500080087258628,NaN,0.2788277319960395
B_scaleAxis_tasks60_fanout,B,f20off,LN,E15,Entry,1,0.2788306504710248,NaN,1.000008623856301,NaN,0.2788282458962995
B_scaleAxis_tasks60_fanout,B,f20off,LN,E16,Entry,1,0.2927727751283133,NaN,1.0500092401065988,NaN,0.27882876068651596
B_scaleAxis_tasks60_fanout,B,f20off,LN,E17,Entry,1,0.3067149521423879,NaN,1.1000098571170347,NaN,0.27882927608143715
B_scaleAxis_tasks60_fanout,B,f20off,LN,E18,Entry,1,0.32065718133521026,NaN,1.1500104746619164,NaN,0.2788297919020938
B_scaleAxis_tasks60_fanout,B,f20off,LN,E19,Entry,1,0.33459946259135376,NaN,1.2000110925955298,NaN,0.27883030803293773
B_scaleAxis_tasks60_fanout,B,f20off,LN,E20,Entry,1,0.3485417958316722,NaN,1.2500117108189237,NaN,0.2788308243955019
B_scaleAxis_tasks60_fanout,B,f20off,LN,E21,Entry,1,0.3624841810009464,NaN,1.3000123292633976,NaN,0.2788313409353081
B_scaleAxis_tasks60_fanout,B,f20off,LN,E22,Entry,1,0.3764266180593118,NaN,1.3500129478797054,NaN,0.27883185761330476
B_scaleAxis_tasks60_fanout,B,f20off,LN,E23,Entry,1,0.39036910697706434,NaN,1.400013566631538,NaN,0.27883237440069997
B_scaleAxis_tasks60_fanout,B,f20off,LN,E24,Entry,1,0.4043116477325185,NaN,1.4500141854922308,NaN,0.2788328912763487
B_scaleAxis_tasks60_fanout,B,f20off,LN,E25,Entry,1,0.41825424030893643,NaN,1.5000148044413684,NaN,0.2788334082240619
B_scaleAxis_tasks60_fanout,B,f20off,LN,E26,Entry,1,0.4321968846932377,NaN,1.5500154234631083,NaN,0.2788339252312765
B_scaleAxis_tasks60_fanout,B,f20off,LN,E27,Entry,1,0.4461395808756505,NaN,1.6000160425453684,NaN,0.27883444228841237
B_scaleAxis_tasks60_fanout,B,f20off,LN,E28,Entry,1,0.4600823288477676,NaN,1.6500166616781362,NaN,0.278834959387528
B_scaleAxis_tasks60_fanout,B,f20off,LN,E29,Entry,1,0.4740251286038773,NaN,1.700017280854028,NaN,0.2788354765227704
B_scaleAxis_tasks60_fanout,B,f20off,LN,E30,Entry,1,0.48796798013801523,NaN,1.7500179000662148,NaN,0.2788359936887229
B_scaleAxis_tasks60_fanout,B,f20off,LN,E31,Entry,1,0.5019108834465219,NaN,1.800018519309852,NaN,0.2788365108815438
B_scaleAxis_tasks60_fanout,B,f20off,LN,E32,Entry,1,0.515853838526159,NaN,1.8500191385807767,NaN,0.2788370280979314
B_scaleAxis_tasks60_fanout,B,f20off,LN,E33,Entry,1,0.5297968453737391,NaN,1.900019757875222,NaN,0.27883754533490057
B_scaleAxis_tasks60_fanout,B,f20off,LN,E34,Entry,1,0.5437399039873247,NaN,1.9500203771904365,NaN,0.2788380625902679
B_scaleAxis_tasks60_fanout,B,f20off,LN,E35,Entry,1,0.5576830143649413,NaN,2.0000209965238813,NaN,0.2788385798620201
B_scaleAxis_tasks60_fanout,B,f20off,LN,E36,Entry,1,0.571626176504865,NaN,2.0500216158733604,NaN,0.27883909714841615
B_scaleAxis_tasks60_fanout,B,f20off,LN,E37,Entry,1,0.5855693904059455,NaN,2.1000222352371525,NaN,0.2788396144480908
B_scaleAxis_tasks60_fanout,B,f20off,LN,E38,Entry,1,0.5995126560670049,NaN,2.150022854613659,NaN,0.2788401317597772
B_scaleAxis_tasks60_fanout,B,f20off,LN,E39,Entry,1,0.6134559734872306,NaN,2.20002347400159,NaN,0.2788406490824503
B_scaleAxis_tasks60_fanout,B,f20off,LN,E40,Entry,1,0.627399342665857,NaN,2.2500240933997726,NaN,0.27884116641518286
B_scaleAxis_tasks60_fanout,B,f20off,LN,E41,Entry,1,0.6413427636022899,NaN,2.3000247128072093,NaN,0.27884168375718144
B_scaleAxis_tasks60_fanout,B,f20off,LN,E42,Entry,1,0.6552862362952689,NaN,2.3500253322226614,NaN,0.27884220110746516
B_scaleAxis_tasks60_fanout,B,f20off,LN,E43,Entry,1,0.6692297607459997,NaN,2.400025951646112,NaN,0.2788427184660205
B_scaleAxis_tasks60_fanout,B,f20off,LN,E44,Entry,1,0.6831733369532974,NaN,2.4500265710764704,NaN,0.27884323583198156
B_scaleAxis_tasks60_fanout,B,f20off,LN,E45,Entry,1,0.6971169649166928,NaN,2.5000271905130367,NaN,0.27884375320479443
B_scaleAxis_tasks60_fanout,B,f20off,LN,E46,Entry,1,0.711060644636426,NaN,2.550027809955469,NaN,0.2788442705841876
B_scaleAxis_tasks60_fanout,B,f20off,LN,E47,Entry,1,0.7250043761121288,NaN,2.6000284294031886,NaN,0.27884478796970175
B_scaleAxis_tasks60_fanout,B,f20off,LN,E48,Entry,1,0.7389481593437054,NaN,2.650029048855769,NaN,0.2788453053609993
B_scaleAxis_tasks60_fanout,B,f20off,LN,E49,Entry,1,0.7528919943310901,NaN,2.7000296683128253,NaN,0.27884582275777425
B_scaleAxis_tasks60_fanout,B,f20off,LN,E50,Entry,1,0.7668358810742579,NaN,2.750030287774012,NaN,0.27884634015975385
B_scaleAxis_tasks60_fanout,B,f20off,LN,E51,Entry,1,0.7807798195732135,NaN,2.80003090723902,NaN,0.2788468575666917
B_scaleAxis_tasks60_fanout,B,f20off,LN,E52,Entry,1,0.7947238098277422,NaN,2.850031526707472,NaN,0.2788473749782884
B_scaleAxis_tasks60_fanout,B,f20off,LN,E53,Entry,1,0.8086678518383363,NaN,2.900032146179286,NaN,0.27884789239448066
B_scaleAxis_tasks60_fanout,B,f20off,LN,E54,Entry,1,0.8226119456048901,NaN,2.95003276565416,NaN,0.2788484098150275
B_scaleAxis_tasks60_fanout,B,f20off,LN,E55,Entry,1,0.8365560911274963,NaN,3.000033385131882,NaN,0.27884892723976173
B_scaleAxis_tasks60_fanout,B,f20off,LN,E56,Entry,1,0.8505002884062667,NaN,3.050034004612262,NaN,0.27884944466853157
B_scaleAxis_tasks60_fanout,B,f20off,LN,E57,Entry,1,0.8644445374415403,NaN,3.100034624095202,NaN,0.2788499621012598
B_scaleAxis_tasks60_fanout,B,f20off,LN,E58,Entry,1,0.8783888382324355,NaN,3.1500352435801706,NaN,0.2788504795375252
B_scaleAxis_tasks60_fanout,B,f20off,LN,E59,Entry,1,0.8923331907805006,NaN,3.200035863067529,NaN,0.2788509969776142
B_scaleAxis_tasks60_fanout,B,f20off,LN,AS1,Activity,1,0.08364676687417272,0.020911690118555207,0.3000000229534958,0.30000188279273166,0.27882253491406944
B_scaleAxis_tasks60_fanout,B,f20off,LN,AS2,Activity,1,0.09758798858187111,0.024396995569856143,0.35000002260376983,0.35000219238558916,0.27882280651264163
B_scaleAxis_tasks60_fanout,B,f20off,LN,AS3,Activity,1,0.11152923744130652,0.027882307809092108,0.4000000222540334,0.40000250195217435,0.27882307809092105
B_scaleAxis_tasks60_fanout,B,f20off,LN,AS4,Activity,1,0.12547051294115177,0.03136762670843131,0.45000002190428656,0.45000281006807785,0.27882334851938945
B_scaleAxis_tasks60_fanout,B,f20off,LN,AS5,Activity,1,0.13941181600713798,0.03485295249930651,0.5000000215545295,0.5000031195031397,0.2788236199944521
B_scaleAxis_tasks60_fanout,B,f20off,LN,AS6,Activity,1,0.153353177426363,0.03833829287849221,0.5500000212047573,0.5500035004878154,0.27882394820721607
B_scaleAxis_tasks60_fanout,B,f20off,LN,AS7,Activity,1,0.16729461114882715,0.04182365133348859,0.6000000208549684,0.6000039644539032,0.2788243422232572
B_scaleAxis_tasks60_fanout,B,f20off,LN,AS8,Activity,1,0.1812361006605677,0.04530902373580484,0.6500000205051671,0.6500044602122763,0.2788247614511067
B_scaleAxis_tasks60_fanout,B,f20off,LN,AS9,Activity,1,0.19517765912917256,0.04879441337733804,0.7000000201553519,0.7000050046713263,0.2788252192990745
B_scaleAxis_tasks60_fanout,B,f20off,LN,AS10,Activity,1,0.20911928339746644,0.0522798194687943,0.7500000198055243,0.7500055827816571,0.2788257038335696
B_scaleAxis_tasks60_fanout,B,f20off,LN,AS11,Activity,1,0.22306096768282183,0.05576524056451676,0.800000019455685,0.8000061791177346,0.2788262028225838
B_scaleAxis_tasks60_fanout,B,f20off,LN,AS12,Activity,1,0.2370027081333126,0.05925067570152386,0.8500000191058352,0.8500067847480357,0.27882670918364166
B_scaleAxis_tasks60_fanout,B,f20off,LN,AS13,Activity,1,0.2509445027509094,0.06273612438030833,0.9000000187559742,0.9000073953234973,0.27882721946803696
B_scaleAxis_tasks60_fanout,B,f20off,LN,AS14,Activity,1,0.2648863505283694,0.06622158634905938,0.9500000184061029,0.9500080087258629,0.27882773199603944
B_scaleAxis_tasks60_fanout,B,f20off,LN,AS15,Activity,1,0.27882825093088404,0.06970706147407486,1.0000000180562216,1.000008623856301,0.27882824589629945
B_scaleAxis_tasks60_fanout,B,f20off,LN,AS16,Activity,1,0.2927702036578757,0.07319254968021043,1.0500000177063298,1.0500092401065988,0.2788287606865159
B_scaleAxis_tasks60_fanout,B,f20off,LN,AS17,Activity,1,0.3067122085290611,0.07667805092239521,1.1000000173564282,1.1000098571170347,0.2788292760814371
B_scaleAxis_tasks60_fanout,B,f20off,LN,AS18,Activity,1,0.3206542654293312,0.08016356517185196,1.1500000170065163,1.1500104746619164,0.2788297919020937
B_scaleAxis_tasks60_fanout,B,f20off,LN,AS19,Activity,1,0.33459637428388833,0.0836490924098813,1.2000000166565936,1.2000110925955298,0.2788303080329377
B_scaleAxis_tasks60_fanout,B,f20off,LN,AS20,Activity,1,0.34853853504117727,0.08713463262359432,1.2500000163066618,1.2500117108189237,0.27883082439550183
B_scaleAxis_tasks60_fanout,B,f20off,LN,AS21,Activity,1,0.36248074766513383,0.09062018580397511,1.300000015956719,1.3000123292633976,0.27883134093530804
B_scaleAxis_tasks60_fanout,B,f20off,LN,AS22,Activity,1,0.37642301212962503,0.09410575194449035,1.3500000156067664,1.3500129478797054,0.2788318576133047
B_scaleAxis_tasks60_fanout,B,f20off,LN,AS23,Activity,1,0.39036532841507077,0.09759133104024498,1.400000015256804,1.400013566631538,0.2788323744006999
B_scaleAxis_tasks60_fanout,B,f20off,LN,AS24,Activity,1,0.4043076965072204,0.10107692308767639,1.4500000149068315,1.4500141854922308,0.27883289127634864
B_scaleAxis_tasks60_fanout,B,f20off,LN,AS25,Activity,1,0.41825011639502857,0.10456252808402322,1.500000014556849,1.5000148044413684,0.27883340822406183
B_scaleAxis_tasks60_fanout,B,f20off,LN,AS26,Activity,1,0.4321925880698318,0.10804814602711962,1.5500000142068557,1.5500154234631083,0.2788339252312764
B_scaleAxis_tasks60_fanout,B,f20off,LN,AS27,Activity,1,0.4461351115252275,0.11153377691536492,1.6000000138568526,1.6000160425453684,0.2788344422884123
B_scaleAxis_tasks60_fanout,B,f20off,LN,AS28,Activity,1,0.46007768675560035,0.1150194207473553,1.6500000135068402,1.6500166616781362,0.27883495938752795
B_scaleAxis_tasks60_fanout,B,f20off,LN,AS29,Activity,1,0.47402031375729714,0.11850507752217741,1.7000000131568178,1.700017280854028,0.27883547652277035
B_scaleAxis_tasks60_fanout,B,f20off,LN,AS30,Activity,1,0.48796299252625736,0.12199074723881626,1.750000012806784,1.7500179000662148,0.27883599368872286
B_scaleAxis_tasks60_fanout,B,f20off,LN,AS31,Activity,1,0.5019057230601731,0.1254764298966947,1.8000000124567415,1.800018519309852,0.27883651088154376
B_scaleAxis_tasks60_fanout,B,f20off,LN,AS32,Activity,1,0.5158485053569662,0.1289621254952933,1.850000012106689,1.850019138580777,0.27883702809793137
B_scaleAxis_tasks60_fanout,B,f20off,LN,AS33,Activity,1,0.5297913394144997,0.13244783403407775,1.900000011756626,1.9000197578752223,0.2788375453349005
B_scaleAxis_tasks60_fanout,B,f20off,LN,AS34,Activity,1,0.5437342252316035,0.13593355551275557,1.9500000114065534,1.9500203771904365,0.27883806259026783
B_scaleAxis_tasks60_fanout,B,f20off,LN,AS35,Activity,1,0.5576771628070107,0.13941928993101002,2.000000011056471,2.0000209965238813,0.27883857986202004
B_scaleAxis_tasks60_fanout,B,f20off,LN,AS36,Activity,1,0.5716201521396098,0.14290503728856324,2.0500000107063783,2.0500216158733604,0.2788390971484161
B_scaleAxis_tasks60_fanout,B,f20off,LN,AS37,Activity,1,0.5855631932287305,0.14639079758524765,2.100000010356276,2.1000222352371525,0.27883961444809074
B_scaleAxis_tasks60_fanout,B,f20off,LN,AS38,Activity,1,0.5995062860736406,0.14987657082088018,2.150000010006163,2.150022854613659,0.2788401317597771
B_scaleAxis_tasks60_fanout,B,f20off,LN,AS39,Activity,1,0.6134494306738876,0.15336235699534767,2.200000009656042,2.20002347400159,0.27884064908245026
B_scaleAxis_tasks60_fanout,B,f20off,LN,AS40,Activity,1,0.627392627029032,0.15684815610854033,2.2500000093059094,2.2500240933997726,0.2788411664151828
B_scaleAxis_tasks60_fanout,B,f20off,LN,AS41,Activity,1,0.6413358751387586,0.1603339681603793,2.300000008955768,2.3000247128072093,0.2788416837571814
B_scaleAxis_tasks60_fanout,B,f20off,LN,AS42,Activity,1,0.6552791750021519,0.16381979315063575,2.3500000086056163,2.3500253322226614,0.2788422011074651
B_scaleAxis_tasks60_fanout,B,f20off,LN,AS43,Activity,1,0.6692225266204225,0.16730563107961224,2.400000008255455,2.400025951646112,0.27884271846602043
B_scaleAxis_tasks60_fanout,B,f20off,LN,AS44,Activity,1,0.6831659299926897,0.17079148194708865,2.450000007905284,2.4500265710764704,0.2788432358319815
B_scaleAxis_tasks60_fanout,B,f20off,LN,AS45,Activity,1,0.6971093851186791,0.17427734575299647,2.5000000075551028,2.5000271905130367,0.2788437532047944
B_scaleAxis_tasks60_fanout,B,f20off,LN,AS46,Activity,1,0.7110528919987267,0.17776322249741955,2.550000007204912,2.550027809955469,0.27884427058418754
B_scaleAxis_tasks60_fanout,B,f20off,LN,AS47,Activity,1,0.7249964506326252,0.1812491121803061,2.6000000068547124,2.6000284294031886,0.2788447879697017
B_scaleAxis_tasks60_fanout,B,f20off,LN,AS48,Activity,1,0.7389400610203977,0.184735014801662,2.6500000065045017,2.650029048855769,0.2788453053609992
B_scaleAxis_tasks60_fanout,B,f20off,LN,AS49,Activity,1,0.7528837231620863,0.1882209303614976,2.7000000061542826,2.7000296683128253,0.2788458227577742
B_scaleAxis_tasks60_fanout,B,f20off,LN,AS50,Activity,1,0.7668274370577616,0.19170685885983074,2.750000005804052,2.750030287774012,0.2788463401597538
B_scaleAxis_tasks60_fanout,B,f20off,LN,AS51,Activity,1,0.780771202707515,0.19519280029668415,2.8000000054538123,2.80003090723902,0.27884685756669164
B_scaleAxis_tasks60_fanout,B,f20off,LN,AS52,Activity,1,0.7947150201112372,0.19867875467203044,2.8500000051035643,2.850031526707472,0.2788473749782883
B_scaleAxis_tasks60_fanout,B,f20off,LN,AS53,Activity,1,0.8086588892694427,0.20216472198599844,2.9000000047533048,2.900032146179286,0.2788478923944806
B_scaleAxis_tasks60_fanout,B,f20off,LN,AS54,Activity,1,0.822602810182111,0.20565070223858276,2.9500000044030377,2.95003276565416,0.27884840981502745
B_scaleAxis_tasks60_fanout,B,f20off,LN,AS55,Activity,1,0.8365467828493923,0.20913669542982127,3.000000004052758,3.000033385131882,0.2788489272397617
B_scaleAxis_tasks60_fanout,B,f20off,LN,AS56,Activity,1,0.850490807271453,0.21262270155975527,3.0500000037024706,3.050034004612262,0.2788494446685315
B_scaleAxis_tasks60_fanout,B,f20off,LN,AS57,Activity,1,0.8644348834486587,0.2161087206284763,3.1000000033521737,3.100034624095202,0.27884996210125973
B_scaleAxis_tasks60_fanout,B,f20off,LN,AS58,Activity,1,0.8783790113802763,0.21959475263580105,3.1500000030018676,3.1500352435801706,0.2788504795375251
B_scaleAxis_tasks60_fanout,B,f20off,LN,AS59,Activity,1,0.8923231910677526,0.22308079758209132,3.2000000026515503,3.200035863067529,0.2788509969776141
B_scaleAxis_tasks60_fanout,B,f20off,LN,A0,Activity,1,150.56072182557995,0.0,538.4521331453543,0.0,0.2796176531906065
C1_fanOut2_caller_c1,C1,f20off,LN,PR,Processor,1,NaN,0.0,NaN,NaN,NaN
C1_fanOut2_caller_c1,C1,f20off,LN,PS1,Processor,1,NaN,0.5493160123976163,NaN,NaN,NaN
C1_fanOut2_caller_c1,C1,f20off,LN,PS2,Processor,1,NaN,0.6403284210996921,NaN,NaN,NaN
C1_fanOut2_caller_c1,C1,f20off,LN,R,RefTask,1,5.278392969542254,0.0,NaN,0.0,7.359140336731689
C1_fanOut2_caller_c1,C1,f20off,LN,TS1,Task,1,2.361226434740841,0.5493160123976163,NaN,0.32238634703657054,7.324213498634886
C1_fanOut2_caller_c1,C1,f20off,LN,TS2,Task,1,2.900647665319314,0.6403284210996921,NaN,0.396369522813864,7.318039098282197
C1_fanOut2_caller_c1,C1,f20off,LN,ER,Entry,1,5.278392969542254,NaN,0.7172567348928247,NaN,7.359140336731689
C1_fanOut2_caller_c1,C1,f20off,LN,ES1,Entry,1,2.361226434740841,NaN,0.32238634703657054,NaN,7.324213498634886
C1_fanOut2_caller_c1,C1,f20off,LN,ES2,Entry,1,2.900647665319314,NaN,0.396369522813864,NaN,7.318039098282197
C1_fanOut2_caller_c1,C1,f20off,LN,AS1,Activity,1,2.3647721790666676,0.5493160123976163,0.32287045967562567,0.32238634703657054,7.324213498634885
C1_fanOut2_caller_c1,C1,f20off,LN,AS2,Activity,1,2.908075638332127,0.6403284210996921,0.39738454513241883,0.396369522813864,7.318039098282196
C1_fanOut2_caller_c1,C1,f20off,LN,A0,Activity,1,7.486135070561757,0.0,1.0172567348928245,0.0,7.359140336731687
C1_fanOut2_caller_c2,C1,f20off,LN,PR,Processor,1,NaN,0.0,NaN,NaN,NaN
C1_fanOut2_caller_c2,C1,f20off,LN,PS1,Processor,1,NaN,0.5493160123976163,NaN,NaN,NaN
C1_fanOut2_caller_c2,C1,f20off,LN,PS2,Processor,1,NaN,0.6403284210996921,NaN,NaN,NaN
C1_fanOut2_caller_c2,C1,f20off,LN,R,RefTask,1,5.278392969542256,0.0,NaN,0.0,7.359140336731691
C1_fanOut2_caller_c2,C1,f20off,LN,TS1,Task,1,2.361226434740841,0.5493160123976163,NaN,0.32238634703657054,7.324213498634886
C1_fanOut2_caller_c2,C1,f20off,LN,TS2,Task,1,2.900647665319314,0.6403284210996921,NaN,0.396369522813864,7.318039098282197
C1_fanOut2_caller_c2,C1,f20off,LN,ER,Entry,1,5.278392969542256,NaN,0.7172567348928247,NaN,7.359140336731691
C1_fanOut2_caller_c2,C1,f20off,LN,ES1,Entry,1,2.361226434740841,NaN,0.32238634703657054,NaN,7.324213498634886
C1_fanOut2_caller_c2,C1,f20off,LN,ES2,Entry,1,2.900647665319314,NaN,0.396369522813864,NaN,7.318039098282197
C1_fanOut2_caller_c2,C1,f20off,LN,AS1,Activity,1,2.3647721790666676,0.5493160123976163,0.32287045967562567,0.32238634703657054,7.324213498634885
C1_fanOut2_caller_c2,C1,f20off,LN,AS2,Activity,1,2.908075638332127,0.6403284210996921,0.39738454513241883,0.396369522813864,7.318039098282196
C1_fanOut2_caller_c2,C1,f20off,LN,A0,Activity,1,7.48613507056176,0.0,1.0172567348928245,0.0,7.35914033673169
C1_fanOut3_caller_c1,C1,f20off,LN,PR,Processor,1,NaN,0.0,NaN,NaN,NaN
C1_fanOut3_caller_c1,C1,f20off,LN,PS1,Processor,1,NaN,0.47673654961136375,NaN,NaN,NaN
C1_fanOut3_caller_c1,C1,f20off,LN,PS2,Processor,1,NaN,0.5557473549028696,NaN,NaN,NaN
C1_fanOut3_caller_c1,C1,f20off,LN,PS3,Processor,1,NaN,0.6340630594526092,NaN,NaN,NaN
C1_fanOut3_caller_c1,C1,f20off,LN,R,RefTask,1,7.266270134278224,0.0,NaN,0.0,6.381935582636967
C1_fanOut3_caller_c1,C1,f20off,LN,TS1,Task,1,1.99128341432606,0.47673654961136375,NaN,0.31326789648538955,6.356487328151518
C1_fanOut3_caller_c1,C1,f20off,LN,TS2,Task,1,2.395137197867413,0.5557473549028696,NaN,0.37710391775058805,6.351398341747083
C1_fanOut3_caller_c1,C1,f20off,LN,TS3,Task,1,2.8579005256262087,0.6340630594526092,NaN,0.4507281228610689,6.340630594526092
C1_fanOut3_caller_c1,C1,f20off,LN,ER,Entry,1,7.266270134278224,NaN,1.138568392016871,NaN,6.381935582636967
C1_fanOut3_caller_c1,C1,f20off,LN,ES1,Entry,1,1.99128341432606,NaN,0.31326789648538955,NaN,6.356487328151518
C1_fanOut3_caller_c1,C1,f20off,LN,ES2,Entry,1,2.395137197867413,NaN,0.37710391775058805,NaN,6.351398341747083
C1_fanOut3_caller_c1,C1,f20off,LN,ES3,Entry,1,2.8579005256262087,NaN,0.4507281228610689,NaN,6.340630594526092
C1_fanOut3_caller_c1,C1,f20off,LN,AS1,Activity,1,1.993528834382867,0.47673654961136375,0.31362114505506145,0.31326789648538955,6.356487328151517
C1_fanOut3_caller_c1,C1,f20off,LN,AS2,Activity,1,2.399895271218423,0.5557473549028696,0.3778530556718763,0.37710391775058805,6.351398341747082
C1_fanOut3_caller_c1,C1,f20off,LN,AS3,Activity,1,2.866962292301418,0.6340630594526092,0.45215728145028444,0.4507281228610689,6.3406305945260915
C1_fanOut3_caller_c1,C1,f20off,LN,A0,Activity,1,11.41452826299225,0.0,1.788568392016871,0.0,6.381935582636967
C1_fanOut3_caller_c2,C1,f20off,LN,PR,Processor,1,NaN,0.0,NaN,NaN,NaN
C1_fanOut3_caller_c2,C1,f20off,LN,PS1,Processor,1,NaN,0.47673654961136375,NaN,NaN,NaN
C1_fanOut3_caller_c2,C1,f20off,LN,PS2,Processor,1,NaN,0.5557473549028696,NaN,NaN,NaN
C1_fanOut3_caller_c2,C1,f20off,LN,PS3,Processor,1,NaN,0.6340630594526092,NaN,NaN,NaN
C1_fanOut3_caller_c2,C1,f20off,LN,R,RefTask,1,7.266270134278224,0.0,NaN,0.0,6.381935582636967
C1_fanOut3_caller_c2,C1,f20off,LN,TS1,Task,1,1.99128341432606,0.47673654961136375,NaN,0.31326789648538955,6.356487328151518
C1_fanOut3_caller_c2,C1,f20off,LN,TS2,Task,1,2.395137197867413,0.5557473549028696,NaN,0.37710391775058805,6.351398341747083
C1_fanOut3_caller_c2,C1,f20off,LN,TS3,Task,1,2.8579005256262087,0.6340630594526092,NaN,0.4507281228610689,6.340630594526092
C1_fanOut3_caller_c2,C1,f20off,LN,ER,Entry,1,7.266270134278224,NaN,1.138568392016871,NaN,6.381935582636967
C1_fanOut3_caller_c2,C1,f20off,LN,ES1,Entry,1,1.99128341432606,NaN,0.31326789648538955,NaN,6.356487328151518
C1_fanOut3_caller_c2,C1,f20off,LN,ES2,Entry,1,2.395137197867413,NaN,0.37710391775058805,NaN,6.351398341747083
C1_fanOut3_caller_c2,C1,f20off,LN,ES3,Entry,1,2.8579005256262087,NaN,0.4507281228610689,NaN,6.340630594526092
C1_fanOut3_caller_c2,C1,f20off,LN,AS1,Activity,1,1.993528834382867,0.47673654961136375,0.31362114505506145,0.31326789648538955,6.356487328151517
C1_fanOut3_caller_c2,C1,f20off,LN,AS2,Activity,1,2.399895271218423,0.5557473549028696,0.3778530556718763,0.37710391775058805,6.351398341747082
C1_fanOut3_caller_c2,C1,f20off,LN,AS3,Activity,1,2.866962292301418,0.6340630594526092,0.45215728145028444,0.4507281228610689,6.3406305945260915
C1_fanOut3_caller_c2,C1,f20off,LN,A0,Activity,1,11.41452826299225,0.0,1.788568392016871,0.0,6.381935582636967
C1_fanOut4_caller_c1,C1,f20off,LN,PR,Processor,1,NaN,0.0,NaN,NaN,NaN
C1_fanOut4_caller_c1,C1,f20off,LN,PS1,Processor,1,NaN,0.4160787821593452,NaN,NaN,NaN
C1_fanOut4_caller_c1,C1,f20off,LN,PS2,Processor,1,NaN,0.48520705540617604,NaN,NaN,NaN
C1_fanOut4_caller_c1,C1,f20off,LN,PS3,Processor,1,NaN,0.5540055168999118,NaN,NaN,NaN
C1_fanOut4_caller_c1,C1,f20off,LN,PS4,Processor,1,NaN,0.6222366100500514,NaN,NaN,NaN
C1_fanOut4_caller_c1,C1,f20off,LN,R,RefTask,1,8.926755981350372,0.0,NaN,0.0,5.558276365027073
C1_fanOut4_caller_c1,C1,f20off,LN,TS1,Task,1,1.7094159616030593,0.4160787821593452,NaN,0.3081296202004611,5.547717095457937
C1_fanOut4_caller_c1,C1,f20off,LN,TS2,Task,1,2.0326070985739406,0.48520705540617604,NaN,0.3665509788936097,5.545223490356299
C1_fanOut4_caller_c1,C1,f20off,LN,TS3,Task,1,2.386206121696218,0.5540055168999118,NaN,0.4307188374312374,5.540055168999119
C1_fanOut4_caller_c1,C1,f20off,LN,TS4,Task,1,2.783680196258608,0.6222366100500514,NaN,0.5032876835291049,5.530992089333791
C1_fanOut4_caller_c1,C1,f20off,LN,ER,Entry,1,8.926755981350372,NaN,1.6060295305785668,NaN,5.558276365027073
C1_fanOut4_caller_c1,C1,f20off,LN,ES1,Entry,1,1.7094159616030593,NaN,0.3081296202004611,NaN,5.547717095457937
C1_fanOut4_caller_c1,C1,f20off,LN,ES2,Entry,1,2.0326070985739406,NaN,0.36655097889360977,NaN,5.545223490356299
C1_fanOut4_caller_c1,C1,f20off,LN,ES3,Entry,1,2.386206121696218,NaN,0.4307188374312374,NaN,5.540055168999119
C1_fanOut4_caller_c1,C1,f20off,LN,ES4,Entry,1,2.783680196258608,NaN,0.5032876835291049,NaN,5.530992089333791
C1_fanOut4_caller_c1,C1,f20off,LN,AS1,Activity,1,1.710432552545952,0.4160787821593452,0.3083128651146124,0.3081296202004611,5.547717095457936
C1_fanOut4_caller_c1,C1,f20off,LN,AS2,Activity,1,2.0347801609110507,0.48520705540617604,0.3669428589216897,0.3665509788936097,5.545223490356298
C1_fanOut4_caller_c1,C1,f20off,LN,AS3,Activity,1,2.3903413819866928,0.5540055168999118,0.4314652668736038,0.4307188374312374,5.540055168999118
C1_fanOut4_caller_c1,C1,f20off,LN,AS4,Activity,1,2.7910697957793786,0.6222366100500514,0.504623718620354,0.5032876835291049,5.5309920893337905
C1_fanOut4_caller_c1,C1,f20off,LN,A0,Activity,1,12.817549492452091,0.0,2.3060295405785673,0.0,5.558276365027074
C1_fanOut4_caller_c2,C1,f20off,LN,PR,Processor,1,NaN,0.0,NaN,NaN,NaN
C1_fanOut4_caller_c2,C1,f20off,LN,PS1,Processor,1,NaN,0.4160787821593452,NaN,NaN,NaN
C1_fanOut4_caller_c2,C1,f20off,LN,PS2,Processor,1,NaN,0.48520705540617604,NaN,NaN,NaN
C1_fanOut4_caller_c2,C1,f20off,LN,PS3,Processor,1,NaN,0.5540055168999118,NaN,NaN,NaN
C1_fanOut4_caller_c2,C1,f20off,LN,PS4,Processor,1,NaN,0.6222366100500514,NaN,NaN,NaN
C1_fanOut4_caller_c2,C1,f20off,LN,R,RefTask,1,8.926755981350373,0.0,NaN,0.0,5.558276365027074
C1_fanOut4_caller_c2,C1,f20off,LN,TS1,Task,1,1.7094159616030593,0.4160787821593452,NaN,0.3081296202004611,5.547717095457937
C1_fanOut4_caller_c2,C1,f20off,LN,TS2,Task,1,2.0326070985739406,0.48520705540617604,NaN,0.3665509788936097,5.545223490356299
C1_fanOut4_caller_c2,C1,f20off,LN,TS3,Task,1,2.386206121696218,0.5540055168999118,NaN,0.4307188374312374,5.540055168999119
C1_fanOut4_caller_c2,C1,f20off,LN,TS4,Task,1,2.783680196258608,0.6222366100500514,NaN,0.5032876835291049,5.530992089333791
C1_fanOut4_caller_c2,C1,f20off,LN,ER,Entry,1,8.926755981350373,NaN,1.6060295305785668,NaN,5.558276365027074
C1_fanOut4_caller_c2,C1,f20off,LN,ES1,Entry,1,1.7094159616030593,NaN,0.3081296202004611,NaN,5.547717095457937
C1_fanOut4_caller_c2,C1,f20off,LN,ES2,Entry,1,2.0326070985739406,NaN,0.36655097889360977,NaN,5.545223490356299
C1_fanOut4_caller_c2,C1,f20off,LN,ES3,Entry,1,2.386206121696218,NaN,0.4307188374312374,NaN,5.540055168999119
C1_fanOut4_caller_c2,C1,f20off,LN,ES4,Entry,1,2.783680196258608,NaN,0.5032876835291049,NaN,5.530992089333791
C1_fanOut4_caller_c2,C1,f20off,LN,AS1,Activity,1,1.710432552545952,0.4160787821593452,0.3083128651146124,0.3081296202004611,5.547717095457936
C1_fanOut4_caller_c2,C1,f20off,LN,AS2,Activity,1,2.0347801609110507,0.48520705540617604,0.3669428589216897,0.3665509788936097,5.545223490356298
C1_fanOut4_caller_c2,C1,f20off,LN,AS3,Activity,1,2.3903413819866928,0.5540055168999118,0.4314652668736038,0.4307188374312374,5.540055168999118
C1_fanOut4_caller_c2,C1,f20off,LN,AS4,Activity,1,2.7910697957793786,0.6222366100500514,0.504623718620354,0.5032876835291049,5.5309920893337905
C1_fanOut4_caller_c2,C1,f20off,LN,A0,Activity,1,12.817549492452091,0.0,2.306029540578567,0.0,5.558276365027075
C2_infTaskSimple,C2,f20off,LN,P1,Processor,1,NaN,0.0,NaN,NaN,NaN
C2_infTaskSimple,C2,f20off,LN,P2,Processor,1,NaN,5.185185108067559,NaN,NaN,NaN
C2_infTaskSimple,C2,f20off,LN,T1,RefTask,1,5.206275382242327,0.0,NaN,0.0,7.437536260346183
C2_infTaskSimple,C2,f20off,LN,T2,Task,1,5.185185108067559,5.185185108067559,NaN,0.6999999999999998,7.407407297239372
C2_infTaskSimple,C2,f20off,LN,E1,Entry,1,5.206275382242327,NaN,0.6999999999999998,NaN,7.437536260346183
C2_infTaskSimple,C2,f20off,LN,E2,Entry,1,5.185185108067559,NaN,0.6999999999999998,NaN,7.407407297239372
C2_infTaskSimple,C2,f20off,LN,A1,Activity,1,5.206275456617692,0.0,0.7000000099999999,0.0,7.437536260346186
C2_infTaskSimple,C2,f20off,LN,A2,Activity,1,5.185185108067559,5.185185108067559,0.7,0.6999999999999998,7.407407297239371
C2_infTaskShared,C2,f20off,LN,PR,Processor,1,NaN,0.0,NaN,NaN,NaN
C2_infTaskShared,C2,f20off,LN,PS,Processor,1,NaN,8.847159711492402,NaN,NaN,NaN
C2_infTaskShared,C2,f20off,LN,R1,RefTask,1,4.025047763355765,0.0,NaN,0.0,8.08058765762625
C2_infTaskShared,C2,f20off,LN,R2,RefTask,1,4.8807101962088515,0.0,NaN,0.0,6.070278868544408
C2_infTaskShared,C2,f20off,LN,TS,Task,1,8.848179734751405,8.847159711492402,NaN,0.6289842532963124,14.0674105724918
C2_infTaskShared,C2,f20off,LN,ER1,Entry,1,4.025047763355765,NaN,0.4981132479340199,NaN,8.08058765762625
C2_infTaskShared,C2,f20off,LN,ER2,Entry,1,4.8807101962088515,NaN,0.8040339335150177,NaN,6.070278868544408
C2_infTaskShared,C2,f20off,LN,ES1,Entry,1,4.009581093090201,NaN,0.4997880787989297,NaN,8.022562488336781
C2_infTaskShared,C2,f20off,LN,ES2,Entry,1,4.8385986416612035,NaN,0.8004499987922477,NaN,6.044848084155016
C2_infTaskShared,C2,f20off,LN,A1,Activity,1,4.0250478534748675,0.0,0.4981132590865629,0.0,8.080587657626252
C2_infTaskShared,C2,f20off,LN,A2,Activity,1,4.880710266224868,0.0,0.8040339450492512,0.0,6.070278868544411
C2_infTaskShared,C2,f20off,LN,AS1,Activity,1,4.011281219993036,4.01128124416839,0.4999999969865795,0.2850262365222182,8.02256248833678
C2_infTaskShared,C2,f20off,LN,AS2,Activity,1,4.83587843817894,4.8358784673240125,0.799999995178527,0.3439580167740941,6.0448480841550145
C2_infTaskDeep,C2,f20off,LN,P1,Processor,1,NaN,0.0,NaN,NaN,NaN
C2_infTaskDeep,C2,f20off,LN,P2,Processor,1,NaN,0.0,NaN,NaN,NaN
C2_infTaskDeep,C2,f20off,LN,P3,Processor,1,NaN,0.0,NaN,NaN,NaN
C2_infTaskDeep,C2,f20off,LN,P4,Processor,1,NaN,6.980760204017538,NaN,NaN,NaN
C2_infTaskDeep,C2,f20off,LN,T1,RefTask,1,6.929323122058029,0.0,NaN,0.0,11.54887215486398
C2_infTaskDeep,C2,f20off,LN,T2,Task,1,6.926198470898148,0.0,NaN,0.0,11.543664330495346
C2_infTaskDeep,C2,f20off,LN,T3,Task,1,6.929844061094757,0.0,NaN,0.0,11.549740242935972
C2_infTaskDeep,C2,f20off,LN,T4,Task,1,6.980760161519857,6.980760204017538,NaN,0.599999996347302,11.634600340029232
C2_infTaskDeep,C2,f20off,LN,E1,Entry,1,6.929323122058029,NaN,0.5999999852054506,NaN,11.54887215486398
C2_infTaskDeep,C2,f20off,LN,E2,Entry,1,6.926198470898148,NaN,0.5999999889637245,NaN,11.543664330495346
C2_infTaskDeep,C2,f20off,LN,E3,Entry,1,6.929844061094757,NaN,0.599999992669374,NaN,11.549740242935972
C2_infTaskDeep,C2,f20off,LN,E4,Entry,1,6.980760161519857,NaN,0.599999996347302,NaN,11.634600340029232
C2_infTaskDeep,C2,f20off,LN,A1,Activity,1,6.9293232445316715,0.0,0.5999999958102645,0.0,11.548872154863984
C2_infTaskDeep,C2,f20off,LN,A2,Activity,1,6.926198593319713,0.0,0.5999999995688113,0.0,11.54366433049535
C2_infTaskDeep,C2,f20off,LN,A3,Activity,1,6.92984418357708,0.0,0.6000000032741424,0.0,11.549740242935977
C2_infTaskDeep,C2,f20off,LN,A4,Activity,1,6.98076016189165,6.980760204017538,0.5999999963792578,0.599999996347302,11.63460034002923
C3_multiclassMultiEntry_2refs,C3,f20off,LN,PR,Processor,1,NaN,0.0,NaN,NaN,NaN
C3_multiclassMultiEntry_2refs,C3,f20off,LN,PS,Processor,1,NaN,0.9999999999818825,NaN,NaN,NaN
C3_multiclassMultiEntry_2refs,C3,f20off,LN,R1,RefTask,1,8.63106322493047,0.0,NaN,0.0,0.823493707940105
C3_multiclassMultiEntry_2refs,C3,f20off,LN,R2,RefTask,1,8.4684958810107,0.0,NaN,0.0,0.5562158888782476
C3_multiclassMultiEntry_2refs,C3,f20off,LN,TS,Task,1,17.21181683531968,0.9999999999818825,NaN,12.431252575511762,1.3845601423323277
C3_multiclassMultiEntry_2refs,C3,f20off,LN,ER1,Entry,1,8.63106322493047,NaN,10.481031174506837,NaN,0.823493707940105
C3_multiclassMultiEntry_2refs,C3,f20off,LN,ER2,Entry,1,8.4684958810107,NaN,15.225195918242466,NaN,0.5562158888782476
C3_multiclassMultiEntry_2refs,C3,f20off,LN,ES1,Entry,1,8.534753951217112,NaN,10.403832739228488,NaN,0.8203470937240404
C3_multiclassMultiEntry_2refs,C3,f20off,LN,ES2,Entry,1,8.677062884102568,NaN,15.379053897292517,NaN,0.564213048608287
C3_multiclassMultiEntry_2refs,C3,f20off,LN,A1,Activity,1,8.631063224930474,0.0,10.481031174506837,0.0,0.8234937079401053
C3_multiclassMultiEntry_2refs,C3,f20off,LN,A2,Activity,1,8.468495886572862,0.0,15.225195928242467,0.0,0.5562158888782478
C3_multiclassMultiEntry_2refs,C3,f20off,LN,AS1,Activity,1,8.481181230911064,0.4922082562344244,10.33852779609417,6.1642349005078945,0.8203470937240407
C3_multiclassMultiEntry_2refs,C3,f20off,LN,AS2,Activity,1,8.749698428933705,0.5077917437474581,15.507791694141252,6.267017675003867,0.5642130486082868
C3_multiclassMultiEntry_3refs,C3,f20off,LN,PR,Processor,1,NaN,0.0,NaN,NaN,NaN
C3_multiclassMultiEntry_3refs,C3,f20off,LN,PS,Processor,1,NaN,1.0003967449106983,NaN,NaN,NaN
C3_multiclassMultiEntry_3refs,C3,f20off,LN,R1,RefTask,1,6.5744441821093185,0.0,NaN,0.0,0.6914766599699935
C3_multiclassMultiEntry_3refs,C3,f20off,LN,R2,RefTask,1,6.750365455663252,0.0,NaN,0.0,0.5084627688849848
C3_multiclassMultiEntry_3refs,C3,f20off,LN,R3,RefTask,1,5.773865621340709,0.0,NaN,0.0,0.7492240478812797
C3_multiclassMultiEntry_3refs,C3,f20off,LN,TS,Task,1,19.11027832984785,1.0003967449106983,NaN,9.810441870094767,1.9479528631734557
C3_multiclassMultiEntry_3refs,C3,f20off,LN,ER1,Entry,1,6.5744441821093185,NaN,9.507832386409998,NaN,0.6914766599699935
C3_multiclassMultiEntry_3refs,C3,f20off,LN,ER2,Entry,1,6.750365455663252,NaN,13.27602701465483,NaN,0.5084627688849848
C3_multiclassMultiEntry_3refs,C3,f20off,LN,ER3,Entry,1,5.773865621340709,NaN,7.70646062104993,NaN,0.7492240478812797
C3_multiclassMultiEntry_3refs,C3,f20off,LN,ES1,Entry,1,6.597493916661488,NaN,9.553372471683149,NaN,0.6905931843667681
C3_multiclassMultiEntry_3refs,C3,f20off,LN,ES2,Entry,1,6.794052883990607,NaN,13.395542064122383,NaN,0.5071876040154649
C3_multiclassMultiEntry_3refs,C3,f20off,LN,ES3,Entry,1,5.718731529195758,NaN,7.623226352150358,NaN,0.7501720747912227
C3_multiclassMultiEntry_3refs,C3,f20off,LN,A1,Activity,1,6.574444196474667,0.0,9.507832407184882,0.0,0.6914766599699937
C3_multiclassMultiEntry_3refs,C3,f20off,LN,A2,Activity,1,6.750365468198464,0.0,13.276027039307978,0.0,0.508462768884985
C3_multiclassMultiEntry_3refs,C3,f20off,LN,A3,Activity,1,5.773865636283531,0.0,7.706460640994325,0.0,0.7492240478812799
C3_multiclassMultiEntry_3refs,C3,f20off,LN,AS1,Activity,1,6.592995668995147,0.3452965921833838,9.546858871827018,3.3868858129931105,0.6905931843667676
C3_multiclassMultiEntry_3refs,C3,f20off,LN,AS2,Activity,1,6.778867867906021,0.35503132281082544,13.365602420557824,3.4877912152978157,0.5071876040154649
C3_multiclassMultiEntry_3refs,C3,f20off,LN,AS3,Activity,1,5.729429542093973,0.3000688299164891,7.637487097461615,2.9357648418038407,0.7501720747912227
C3_multiclassMultiEntry_asymmetric,C3,f20off,LN,PR,Processor,1,NaN,0.0,NaN,NaN,NaN
C3_multiclassMultiEntry_asymmetric,C3,f20off,LN,PS,Processor,1,NaN,1.0002454844767803,NaN,NaN,NaN
C3_multiclassMultiEntry_asymmetric,C3,f20off,LN,R1,RefTask,1,5.001026412229012,0.0,NaN,0.0,0.12855422006001738
C3_multiclassMultiEntry_asymmetric,C3,f20off,LN,R2,RefTask,1,20.775478430497905,0.0,NaN,0.0,2.719415564782768
C3_multiclassMultiEntry_asymmetric,C3,f20off,LN,TS,Task,1,25.50691555065358,1.0002454844767803,NaN,9.108532732982372,2.800331985226555
C3_multiclassMultiEntry_asymmetric,C3,f20off,LN,ER1,Entry,1,5.001026412229012,NaN,38.90207890409363,NaN,0.12855422006001738
C3_multiclassMultiEntry_asymmetric,C3,f20off,LN,ER2,Entry,1,20.775478430497905,NaN,7.639685048341441,NaN,2.719415564782768
C3_multiclassMultiEntry_asymmetric,C3,f20off,LN,ES1,Entry,1,5.134055891587776,NaN,38.47034171082123,NaN,0.13345490742401256
C3_multiclassMultiEntry_asymmetric,C3,f20off,LN,ES2,Entry,1,20.372859659065806,NaN,7.639219605821756,NaN,2.6668770778025412
C3_multiclassMultiEntry_asymmetric,C3,f20off,LN,A1,Activity,1,5.001026414678709,0.0,38.90207892314937,0.0,0.1285542200600174
C3_multiclassMultiEntry_asymmetric,C3,f20off,LN,A2,Activity,1,20.775478463512837,0.0,7.639685060481889,0.0,2.7194155647827687
C3_multiclassMultiEntry_asymmetric,C3,f20off,LN,AS1,Activity,1,5.096176264475463,0.20018236113601778,38.18650331294249,1.8333740137501648,0.13345490742401186
C3_multiclassMultiEntry_asymmetric,C3,f20off,LN,AS2,Activity,1,20.36774207334343,0.8000631233407626,7.637300662588497,7.2751587192322065,2.666877077802542
C4_nearSaturation,C4,f20off,LN,P1,Processor,1,NaN,0.0,NaN,NaN,NaN
C4_nearSaturation,C4,f20off,LN,P2,Processor,1,NaN,0.8861840790430553,NaN,NaN,NaN
C4_nearSaturation,C4,f20off,LN,T1,RefTask,1,4.54910311494823,0.0,NaN,0.0,0.8825718129440896
C4_nearSaturation,C4,f20off,LN,T2,Task,1,4.560179442193694,0.8861840790430553,NaN,5.145860267674857,0.8861840790430554
C4_nearSaturation,C4,f20off,LN,E1,Entry,1,4.54910311494823,NaN,5.15437163098751,NaN,0.8825718129440896
C4_nearSaturation,C4,f20off,LN,E2,Entry,1,4.560179442193694,NaN,5.145860267674857,NaN,0.8861840790430554
C4_nearSaturation,C4,f20off,LN,A1,Activity,1,4.549103128430563,0.0,5.154371646263695,0.0,0.8825718129440899
C4_nearSaturation,C4,f20off,LN,A2,Activity,1,4.552636784457486,0.8861840790430553,5.137348878320681,5.145860267674857,0.8861840790430553
C4_predicateThreshold,C4,f20off,LN,P1,Processor,1,NaN,0.0,NaN,NaN,NaN
C4_predicateThreshold,C4,f20off,LN,P2,Processor,1,NaN,0.3333333288715278,NaN,NaN,NaN
C4_predicateThreshold,C4,f20off,LN,T1,RefTask,1,1.340314127073271,0.0,NaN,0.0,1.3403141270732712
C4_predicateThreshold,C4,f20off,LN,T2,Task,1,1.3333333154861111,0.3333333288715278,NaN,0.9999999999999998,1.3333333154861113
C4_predicateThreshold,C4,f20off,LN,E1,Entry,1,1.340314127073271,NaN,0.9999999999999998,NaN,1.3403141270732712
C4_predicateThreshold,C4,f20off,LN,E2,Entry,1,1.3333333154861111,NaN,0.9999999999999998,NaN,1.3333333154861113
C4_predicateThreshold,C4,f20off,LN,A1,Activity,1,1.3403141404764125,0.0,1.0000000099999997,0.0,1.3403141270732717
C4_predicateThreshold,C4,f20off,LN,A2,Activity,1,1.3333333154861111,0.3333333288715278,1.0,0.9999999999999998,1.3333333154861111
C4_lowDemand,C4,f20off,LN,P1,Processor,1,NaN,0.0,NaN,NaN,NaN
C4_lowDemand,C4,f20off,LN,P2,Processor,1,NaN,0.04986914373416368,NaN,NaN,NaN
C4_lowDemand,C4,f20off,LN,T1,RefTask,1,0.06681547037108743,0.0,NaN,0.0,0.9930245067348373
C4_lowDemand,C4,f20off,LN,T2,Task,1,0.05972559431810357,0.04986914373416368,NaN,0.0598823138376723,0.9973828746832736
C4_lowDemand,C4,f20off,LN,E1,Entry,1,0.06681547037108743,NaN,0.06728481514598597,NaN,0.9930245067348373
C4_lowDemand,C4,f20off,LN,E2,Entry,1,0.05972559431810357,NaN,0.0598823138376723,NaN,0.9973828746832736
C4_lowDemand,C4,f20off,LN,A1,Activity,1,0.06681548030133251,0.0,0.06728482514598597,0.0,0.9930245067348377
C4_lowDemand,C4,f20off,LN,A2,Activity,1,0.052342466283370984,0.04986914373416368,0.05247981252935863,0.0598823138376723,0.9973828746832735
C5_satFanout_tasks5,?,f20off,LN,P0,Processor,1,NaN,0.0,NaN,NaN,NaN
C5_satFanout_tasks5,?,f20off,LN,P1,Processor,1,NaN,0.801327448733659,NaN,NaN,NaN
C5_satFanout_tasks5,?,f20off,LN,P2,Processor,1,NaN,0.8690692844878701,NaN,NaN,NaN
C5_satFanout_tasks5,?,f20off,LN,P3,Processor,1,NaN,0.9370305213330989,NaN,NaN,NaN
C5_satFanout_tasks5,?,f20off,LN,P4,Processor,1,NaN,0.9973100557464698,NaN,NaN,NaN
C5_satFanout_tasks5,?,f20off,LN,T0,RefTask,1,27.32992086209625,0.0,NaN,0.0,5.348436377274765
C5_satFanout_tasks5,?,f20off,LN,T1,Task,1,3.550967416354379,0.801327448733659,NaN,0.66470344089036,5.342182991557728
C5_satFanout_tasks5,?,f20off,LN,T2,Task,1,3.7443052660916556,0.8690692844878701,NaN,0.7001163389388965,5.348118673771509
C5_satFanout_tasks5,?,f20off,LN,T3,Task,1,5.39279545188457,0.9370305213330989,NaN,1.0071595135846336,5.354460121903424
C5_satFanout_tasks5,?,f20off,LN,T4,Task,1,14.592604151333314,0.9973100557464698,NaN,2.7434931219329393,5.318986963981173
C5_satFanout_tasks5,?,f20off,LN,E0,Entry,1,27.32992086209625,NaN,5.109889869536394,NaN,5.348436377274765
C5_satFanout_tasks5,?,f20off,LN,E1,Entry,1,3.550967416354379,NaN,0.66470344089036,NaN,5.342182991557728
C5_satFanout_tasks5,?,f20off,LN,E2,Entry,1,3.7443052660916556,NaN,0.7001163389388965,NaN,5.348118673771509
C5_satFanout_tasks5,?,f20off,LN,E3,Entry,1,5.39279545188457,NaN,1.0071595135846336,NaN,5.354460121903424
C5_satFanout_tasks5,?,f20off,LN,E4,Entry,1,14.592604151333314,NaN,2.7434931219329393,NaN,5.318986963981173
C5_satFanout_tasks5,?,f20off,LN,AS1,Activity,1,3.5534432204891706,0.801327448733659,0.6651668851674851,0.66470344089036,5.342182991557727
C5_satFanout_tasks5,?,f20off,LN,AS2,Activity,1,3.7449627042356832,0.8690692844878701,0.7002392678011995,0.7001163389388965,5.348118673771508
C5_satFanout_tasks5,?,f20off,LN,AS3,Activity,1,5.389244566494349,0.9370305213330989,1.0064963495476666,1.0071595135846336,5.354460121903423
C5_satFanout_tasks5,?,f20off,LN,AS4,Activity,1,14.622705832885998,0.9973100557464698,2.749152410394544,2.7434931219329393,5.318986963981172
C5_satFanout_tasks5,?,f20off,LN,A0,Activity,1,34.2828881748223,0.0,6.409889873700012,0.0,5.348436377274766
C5_satFanout_tasks10,?,f20off,LN,P0,Processor,1,NaN,0.0,NaN,NaN,NaN
C5_satFanout_tasks10,?,f20off,LN,P1,Processor,1,NaN,0.5523609408743831,NaN,NaN,NaN
C5_satFanout_tasks10,?,f20off,LN,P2,Processor,1,NaN,0.5983910179741627,NaN,NaN,NaN
C5_satFanout_tasks10,?,f20off,LN,P3,Processor,1,NaN,0.64442105564435,NaN,NaN,NaN
C5_satFanout_tasks10,?,f20off,LN,P4,Processor,1,NaN,0.6904501218291831,NaN,NaN,NaN
C5_satFanout_tasks10,?,f20off,LN,P5,Processor,1,NaN,0.7364682210798006,NaN,NaN,NaN
C5_satFanout_tasks10,?,f20off,LN,P6,Processor,1,NaN,0.7824554099592496,NaN,NaN,NaN
C5_satFanout_tasks10,?,f20off,LN,P7,Processor,1,NaN,0.8285388219689438,NaN,NaN,NaN
C5_satFanout_tasks10,?,f20off,LN,P8,Processor,1,NaN,0.8748903695148197,NaN,NaN,NaN
C5_satFanout_tasks10,?,f20off,LN,P9,Processor,1,NaN,0.921183485442295,NaN,NaN,NaN
C5_satFanout_tasks10,?,f20off,LN,T0,RefTask,1,28.144572307134887,0.0,NaN,0.0,3.677821509775524
C5_satFanout_tasks10,?,f20off,LN,T1,Task,1,2.209443739811852,0.5523609408743831,NaN,0.5999999935678795,3.6824062724958884
C5_satFanout_tasks10,?,f20off,LN,T2,Task,1,2.3935636256849353,0.5983910179741627,NaN,0.6499998788260491,3.682406264456386
C5_satFanout_tasks10,?,f20off,LN,T3,Task,1,2.5776691508116443,0.64442105564435,NaN,0.699995907087479,3.6824060322534296
C5_satFanout_tasks10,?,f20off,LN,T4,Task,1,2.761449654378571,0.6904501218291831,NaN,0.7499047271137689,3.6824006497556434
C5_satFanout_tasks10,?,f20off,LN,T5,Task,1,2.9405162754663516,0.7364682210798006,NaN,0.7985453251886423,3.6823411053990034
C5_satFanout_tasks10,?,f20off,LN,T6,Task,1,3.1390425012802883,0.7824554099592496,NaN,0.852504210504214,3.682143105690587
C5_satFanout_tasks10,?,f20off,LN,T7,Task,1,3.3025642019052452,0.8285388219689438,NaN,0.8968522967491472,3.6823947643064177
C5_satFanout_tasks10,?,f20off,LN,T8,Task,1,3.9248625996841313,0.8748903695148197,NaN,1.065453341247679,3.6837489242729253
C5_satFanout_tasks10,?,f20off,LN,T9,Task,1,4.910827479001339,0.921183485442295,NaN,1.3327495435514307,3.6847339417691805
C5_satFanout_tasks10,?,f20off,LN,E0,Entry,1,28.144572307134887,NaN,7.652511747056668,NaN,3.677821509775524
C5_satFanout_tasks10,?,f20off,LN,E1,Entry,1,2.209443739811852,NaN,0.5999999935678795,NaN,3.6824062724958884
C5_satFanout_tasks10,?,f20off,LN,E2,Entry,1,2.3935636256849353,NaN,0.6499998788260491,NaN,3.682406264456386
C5_satFanout_tasks10,?,f20off,LN,E3,Entry,1,2.5776691508116443,NaN,0.6999959070874792,NaN,3.6824060322534296
C5_satFanout_tasks10,?,f20off,LN,E4,Entry,1,2.761449654378571,NaN,0.7499047271137689,NaN,3.6824006497556434
C5_satFanout_tasks10,?,f20off,LN,E5,Entry,1,2.9405162754663516,NaN,0.7985453251886423,NaN,3.6823411053990034
C5_satFanout_tasks10,?,f20off,LN,E6,Entry,1,3.1390425012802883,NaN,0.852504210504214,NaN,3.682143105690587
C5_satFanout_tasks10,?,f20off,LN,E7,Entry,1,3.3025642019052452,NaN,0.8968522967491472,NaN,3.6823947643064177
C5_satFanout_tasks10,?,f20off,LN,E8,Entry,1,3.9248625996841313,NaN,1.065453341247679,NaN,3.6837489242729253
C5_satFanout_tasks10,?,f20off,LN,E9,Entry,1,4.910827479001339,NaN,1.3327495435514307,NaN,3.6847339417691805
C5_satFanout_tasks10,?,f20off,LN,AS1,Activity,1,2.2094437404182568,0.5523609408743831,0.5999999937325557,0.5999999935678795,3.682406272495888
C5_satFanout_tasks10,?,f20off,LN,AS2,Activity,1,2.393563644080786,0.5983910179741627,0.6499998838216552,0.6499998788260491,3.6824062644563855
C5_satFanout_tasks10,?,f20off,LN,AS3,Activity,1,2.577669815628804,0.64442105564435,0.6999960876262774,0.699995907087479,3.682406032253429
C5_satFanout_tasks10,?,f20off,LN,AS4,Activity,1,2.7614651962590897,0.6904501218291831,0.7499089476975666,0.7499047271137689,3.682400649755643
C5_satFanout_tasks10,?,f20off,LN,AS5,Activity,1,2.940697756137454,0.7364682210798006,0.7985946092353692,0.7985453251886423,3.682341105399003
C5_satFanout_tasks10,?,f20off,LN,AS6,Activity,1,3.1366142858165245,0.7824554099592496,0.8518447533907708,0.852504210504214,3.6821431056905864
C5_satFanout_tasks10,?,f20off,LN,AS7,Activity,1,3.302598391227431,0.8285388219689438,0.8968615812839064,0.8968522967491472,3.682394764306417
C5_satFanout_tasks10,?,f20off,LN,AS8,Activity,1,3.912981001382287,0.8748903695148197,1.062227931876385,1.065453341247679,3.683748924272925
C5_satFanout_tasks10,?,f20off,LN,AS9,Activity,1,4.900935188192923,0.921183485442295,1.3300648745998196,1.3327495435514307,3.68473394176918
C5_satFanout_tasks10,?,f20off,LN,A0,Activity,1,53.33764957588222,0.0,14.502511727149486,0.0,3.677821509775528
C5_satFanout_tasks20,?,f20off,LN,P0,Processor,1,NaN,0.0,NaN,NaN,NaN
C5_satFanout_tasks20,?,f20off,LN,P1,Processor,1,NaN,0.21924867916974441,NaN,NaN,NaN
C5_satFanout_tasks20,?,f20off,LN,P2,Processor,1,NaN,0.23752171283830809,NaN,NaN,NaN
C5_satFanout_tasks20,?,f20off,LN,P3,Processor,1,NaN,0.2557951020121324,NaN,NaN,NaN
C5_satFanout_tasks20,?,f20off,LN,P4,Processor,1,NaN,0.2740688467011341,NaN,NaN,NaN
C5_satFanout_tasks20,?,f20off,LN,P5,Processor,1,NaN,0.29234294691531343,NaN,NaN,NaN
C5_satFanout_tasks20,?,f20off,LN,P6,Processor,1,NaN,0.31061740266506177,NaN,NaN,NaN
C5_satFanout_tasks20,?,f20off,LN,P7,Processor,1,NaN,0.3288922139610386,NaN,NaN,NaN
C5_satFanout_tasks20,?,f20off,LN,P8,Processor,1,NaN,0.3471673808124543,NaN,NaN,NaN
C5_satFanout_tasks20,?,f20off,LN,P9,Processor,1,NaN,0.36544290323011225,NaN,NaN,NaN
C5_satFanout_tasks20,?,f20off,LN,P10,Processor,1,NaN,0.3837187812243195,NaN,NaN,NaN
C5_satFanout_tasks20,?,f20off,LN,P11,Processor,1,NaN,0.40199501480539784,NaN,NaN,NaN
C5_satFanout_tasks20,?,f20off,LN,P12,Processor,1,NaN,0.42027160397654495,NaN,NaN,NaN
C5_satFanout_tasks20,?,f20off,LN,P13,Processor,1,NaN,0.43854854876059274,NaN,NaN,NaN
C5_satFanout_tasks20,?,f20off,LN,P14,Processor,1,NaN,0.4568258491624989,NaN,NaN,NaN
C5_satFanout_tasks20,?,f20off,LN,P15,Processor,1,NaN,0.4751035052057598,NaN,NaN,NaN
C5_satFanout_tasks20,?,f20off,LN,P16,Processor,1,NaN,0.4933815168781663,NaN,NaN,NaN
C5_satFanout_tasks20,?,f20off,LN,P17,Processor,1,NaN,0.5116598842051922,NaN,NaN,NaN
C5_satFanout_tasks20,?,f20off,LN,P18,Processor,1,NaN,0.5299386072142622,NaN,NaN,NaN
C5_satFanout_tasks20,?,f20off,LN,P19,Processor,1,NaN,0.5482176859834982,NaN,NaN,NaN
C5_satFanout_tasks20,?,f20off,LN,T0,RefTask,1,29.254632171732872,0.0,NaN,0.0,1.4663625828320543
C5_satFanout_tasks20,?,f20off,LN,T1,Task,1,0.877004893591409,0.21924867916974441,NaN,0.6000069625818064,1.4616578611316298
C5_satFanout_tasks20,?,f20off,LN,T2,Task,1,0.95009793390137,0.23752171283830809,NaN,0.6500075821029194,1.461672079004973
C5_satFanout_tasks20,?,f20off,LN,T3,Task,1,1.0231923962537606,0.2557951020121324,NaN,0.7000082016266099,1.4616862972121856
C5_satFanout_tasks20,?,f20off,LN,T4,Task,1,1.0962882806873169,0.2740688467011341,NaN,0.7500088211522413,1.4617005157393819
C5_satFanout_tasks20,?,f20off,LN,T5,Task,1,1.1693855872413705,0.29234294691531343,NaN,0.8000094406793543,1.4617147345765673
C5_satFanout_tasks20,?,f20off,LN,T6,Task,1,1.2424843159570975,0.31061740266506177,NaN,0.8500100602076828,1.4617289537179379
C5_satFanout_tasks20,?,f20off,LN,T7,Task,1,1.3155844668769134,0.3288922139610386,NaN,0.9000106797370737,1.461743173160172
C5_satFanout_tasks20,?,f20off,LN,T8,Task,1,1.3886860400370737,0.3471673808124543,NaN,0.9500112992671266,1.4617573928945444
C5_satFanout_tasks20,?,f20off,LN,T9,Task,1,1.4617890354807475,0.36544290323011225,NaN,1.0000119187978096,1.4617716129204492
C5_satFanout_tasks20,?,f20off,LN,T10,Task,1,1.5348934532489853,0.3837187812243195,NaN,1.0500125383290015,1.4617858332355032
C5_satFanout_tasks20,?,f20off,LN,T11,Task,1,1.607999293382875,0.40199501480539784,NaN,1.1000131578605659,1.4618000538378104
C5_satFanout_tasks20,?,f20off,LN,T12,Task,1,1.681106555893158,0.42027160397654495,NaN,1.1500137773910997,1.4618142747010263
C5_satFanout_tasks20,?,f20off,LN,T13,Task,1,1.75421524087296,0.43854854876059274,NaN,1.2000143969218335,1.4618284958686425
C5_satFanout_tasks20,?,f20off,LN,T14,Task,1,1.8273253483363423,0.4568258491624989,NaN,1.250015016448819,1.4618427173199968
C5_satFanout_tasks20,?,f20off,LN,T15,Task,1,1.900436878362834,0.4751035052057598,NaN,1.300015635962168,1.4618569390946456
C5_satFanout_tasks20,?,f20off,LN,T16,Task,1,1.9735498308323027,0.4933815168781663,NaN,1.3500162554131099,1.4618711611204929
C5_satFanout_tasks20,?,f20off,LN,T17,Task,1,2.0466642055929385,0.5116598842051922,NaN,1.4000168746280994,1.4618853834434065
C5_satFanout_tasks20,?,f20off,LN,T18,Task,1,2.119780001771283,0.5299386072142622,NaN,1.4500174929346226,1.4618996061083096
C5_satFanout_tasks20,?,f20off,LN,T19,Task,1,2.1928972159299036,0.5482176859834982,NaN,1.5000181077676262,1.4619138292893288
C5_satFanout_tasks20,?,f20off,LN,E0,Entry,1,29.254632171732872,NaN,19.950476447122675,NaN,1.4663625828320543
C5_satFanout_tasks20,?,f20off,LN,E1,Entry,1,0.877004893591409,NaN,0.6000069625818064,NaN,1.4616578611316298
C5_satFanout_tasks20,?,f20off,LN,E2,Entry,1,0.95009793390137,NaN,0.6500075821029194,NaN,1.461672079004973
C5_satFanout_tasks20,?,f20off,LN,E3,Entry,1,1.0231923962537606,NaN,0.70000820162661,NaN,1.4616862972121856
C5_satFanout_tasks20,?,f20off,LN,E4,Entry,1,1.0962882806873169,NaN,0.7500088211522412,NaN,1.4617005157393819
C5_satFanout_tasks20,?,f20off,LN,E5,Entry,1,1.1693855872413705,NaN,0.8000094406793544,NaN,1.4617147345765673
C5_satFanout_tasks20,?,f20off,LN,E6,Entry,1,1.2424843159570975,NaN,0.8500100602076828,NaN,1.4617289537179379
C5_satFanout_tasks20,?,f20off,LN,E7,Entry,1,1.3155844668769134,NaN,0.9000106797370737,NaN,1.461743173160172
C5_satFanout_tasks20,?,f20off,LN,E8,Entry,1,1.3886860400370737,NaN,0.9500112992671266,NaN,1.4617573928945444
C5_satFanout_tasks20,?,f20off,LN,E9,Entry,1,1.4617890354807475,NaN,1.0000119187978096,NaN,1.4617716129204492
C5_satFanout_tasks20,?,f20off,LN,E10,Entry,1,1.5348934532489853,NaN,1.0500125383290015,NaN,1.4617858332355032
C5_satFanout_tasks20,?,f20off,LN,E11,Entry,1,1.607999293382875,NaN,1.1000131578605659,NaN,1.4618000538378104
C5_satFanout_tasks20,?,f20off,LN,E12,Entry,1,1.681106555893158,NaN,1.1500137773910997,NaN,1.4618142747010263
C5_satFanout_tasks20,?,f20off,LN,E13,Entry,1,1.75421524087296,NaN,1.2000143969218335,NaN,1.4618284958686425
C5_satFanout_tasks20,?,f20off,LN,E14,Entry,1,1.8273253483363423,NaN,1.250015016448819,NaN,1.4618427173199968
C5_satFanout_tasks20,?,f20off,LN,E15,Entry,1,1.900436878362834,NaN,1.300015635962168,NaN,1.4618569390946456
C5_satFanout_tasks20,?,f20off,LN,E16,Entry,1,1.9735498308323027,NaN,1.3500162554131099,NaN,1.4618711611204929
C5_satFanout_tasks20,?,f20off,LN,E17,Entry,1,2.0466642055929385,NaN,1.4000168746280994,NaN,1.4618853834434065
C5_satFanout_tasks20,?,f20off,LN,E18,Entry,1,2.119780001771283,NaN,1.4500174929346223,NaN,1.4618996061083096
C5_satFanout_tasks20,?,f20off,LN,E19,Entry,1,2.1928972159299036,NaN,1.5000181077676262,NaN,1.4619138292893288
C5_satFanout_tasks20,?,f20off,LN,AS1,Activity,1,0.8769947175257469,0.21924867916974441,0.600000000579321,0.6000069625818064,1.4616578611316295
C5_satFanout_tasks20,?,f20off,LN,AS2,Activity,1,0.950086851687934,0.23752171283830809,0.6500000002289855,0.6500075821029194,1.4616720790049729
C5_satFanout_tasks20,?,f20off,LN,AS3,Activity,1,1.0231804078710804,0.2557951020121324,0.6999999998785996,0.7000082016266099,1.4616862972121853
C5_satFanout_tasks20,?,f20off,LN,AS4,Activity,1,1.096275386114854,0.2740688467011341,0.7499999995281644,0.7500088211522413,1.4617005157393816
C5_satFanout_tasks20,?,f20off,LN,AS5,Activity,1,1.1693717864592559,0.29234294691531343,0.7999999991776796,0.8000094406793543,1.461714734576567
C5_satFanout_tasks20,?,f20off,LN,AS6,Activity,1,1.2424696089458525,0.31061740266506177,0.849999998827146,0.8500100602076828,1.4617289537179377
C5_satFanout_tasks20,?,f20off,LN,AS7,Activity,1,1.3155688536172816,0.3288922139610386,0.8999999984765634,0.9000106797370737,1.4617431731601718
C5_satFanout_tasks20,?,f20off,LN,AS8,Activity,1,1.3886695205103838,0.3471673808124543,0.9499999981259317,0.9500112992671266,1.4617573928945442
C5_satFanout_tasks20,?,f20off,LN,AS9,Activity,1,1.4617716096683686,0.36544290323011225,0.9999999977752473,1.0000119187978096,1.461771612920449
C5_satFanout_tasks20,?,f20off,LN,AS10,Activity,1,1.534875121132444,0.3837187812243195,1.049999997424497,1.0500125383290015,1.461785833235503
C5_satFanout_tasks20,?,f20off,LN,AS11,Activity,1,1.6079800549438157,0.40199501480539784,1.0999999970736247,1.1000131578605659,1.4618000538378102
C5_satFanout_tasks20,?,f20off,LN,AS12,Activity,1,1.681086411114955,0.42027160397654495,1.149999996722412,1.1500137773910997,1.461814274701026
C5_satFanout_tasks20,?,f20off,LN,AS13,Activity,1,1.7541941897359168,0.43854854876059274,1.1999999963699888,1.2000143969218335,1.4618284958686423
C5_satFanout_tasks20,?,f20off,LN,AS14,Activity,1,1.8273033908215344,0.4568258491624989,1.2499999960129353,1.250015016448819,1.4618427173199966
C5_satFanout_tasks20,?,f20off,LN,AS15,Activity,1,1.900414014446222,0.4751035052057598,1.2999999956378652,1.300015635962168,1.4618569390946454
C5_satFanout_tasks20,?,f20off,LN,AS16,Activity,1,1.9735260604848928,0.4933815168781663,1.3499999951926185,1.3500162554131099,1.4618711611204926
C5_satFanout_tasks20,?,f20off,LN,AS17,Activity,1,2.0466395287439827,0.5116598842051922,1.3999999944750894,1.4000168746280994,1.4618853834434062
C5_satFanout_tasks20,?,f20off,LN,AS18,Activity,1,2.1197544181953343,0.5299386072142622,1.449999992706945,1.4500174929346226,1.4618996061083094
C5_satFanout_tasks20,?,f20off,LN,AS19,Activity,1,2.1928707247999073,0.5482176859834982,1.4999999869116187,1.5000181077676262,1.4619138292893286
C5_satFanout_tasks20,?,f20off,LN,A0,Activity,1,74.19864526133632,0.0,50.600476396521984,0.0,1.4663625828320532
C5_satFanoutCaller_w2,?,f20off,LN,PR,Processor,1,NaN,0.0,NaN,NaN,NaN
C5_satFanoutCaller_w2,?,f20off,LN,PS1,Processor,1,NaN,0.8677685475345084,NaN,NaN,NaN
C5_satFanoutCaller_w2,?,f20off,LN,PS2,Processor,1,NaN,0.99946180766488,NaN,NaN,NaN
C5_satFanoutCaller_w2,?,f20off,LN,R,RefTask,1,28.563483594197738,0.0,NaN,0.0,5.749610181446035
C5_satFanoutCaller_w2,?,f20off,LN,TS1,Task,1,4.064209487724789,0.8677685475345084,NaN,0.7025276784815425,5.785123650230057
C5_satFanoutCaller_w2,?,f20off,LN,TS2,Task,1,24.380791468245565,0.99946180766488,NaN,4.268936015585679,5.711210329513602
C5_satFanoutCaller_w2,?,f20off,LN,ER,Entry,1,28.563483594197738,NaN,4.967899160602569,NaN,5.749610181446035
C5_satFanoutCaller_w2,?,f20off,LN,ES1,Entry,1,4.064209487724789,NaN,0.7025276784815426,NaN,5.785123650230057
C5_satFanoutCaller_w2,?,f20off,LN,ES2,Entry,1,24.380791468245565,NaN,4.268936015585679,NaN,5.711210329513602
C5_satFanoutCaller_w2,?,f20off,LN,AS1,Activity,1,4.041009331976493,0.8677685475345084,0.6985173656255032,0.7025276784815425,5.785123650230056
C5_satFanoutCaller_w2,?,f20off,LN,AS2,Activity,1,24.424052824203546,0.99946180766488,4.276510829585161,4.268936015585679,5.711210329513601
C5_satFanoutCaller_w2,?,f20off,LN,A0,Activity,1,32.01324968647814,0.0,5.5678991577176395,0.0,5.749610181446034
C5_satFanoutCaller_w3,?,f20off,LN,PR,Processor,1,NaN,0.0,NaN,NaN,NaN
C5_satFanoutCaller_w3,?,f20off,LN,PS1,Processor,1,NaN,0.7543680026232586,NaN,NaN,NaN
C5_satFanoutCaller_w3,?,f20off,LN,PS2,Processor,1,NaN,0.8828517358908191,NaN,NaN,NaN
C5_satFanoutCaller_w3,?,f20off,LN,PS3,Processor,1,NaN,0.9992098388620191,NaN,NaN,NaN
C5_satFanoutCaller_w3,?,f20off,LN,R,RefTask,1,30.003057677822422,0.0,NaN,0.0,5.0226274307306005
C5_satFanoutCaller_w3,?,f20off,LN,TS1,Task,1,3.0068570019717153,0.7543680026232586,NaN,0.5978892910719158,5.029120017488392
C5_satFanoutCaller_w3,?,f20off,LN,TS2,Task,1,4.372392461587853,0.8828517358908191,NaN,0.8667012247597837,5.044867062233253
C5_satFanoutCaller_w3,?,f20off,LN,TS3,Task,1,22.546134757853093,0.9992098388620191,NaN,4.5127927850531275,4.996049194310096
C5_satFanoutCaller_w3,?,f20off,LN,ER,Entry,1,30.003057677822422,NaN,5.97357819022187,NaN,5.0226274307306005
C5_satFanoutCaller_w3,?,f20off,LN,ES1,Entry,1,3.0068570019717153,NaN,0.5978892910719158,NaN,5.029120017488392
C5_satFanoutCaller_w3,?,f20off,LN,ES2,Entry,1,4.372392461587853,NaN,0.8667012247597837,NaN,5.044867062233253
C5_satFanoutCaller_w3,?,f20off,LN,ES3,Entry,1,22.546134757853093,NaN,4.5127927850531275,NaN,4.996049194310096
C5_satFanoutCaller_w3,?,f20off,LN,AS1,Activity,1,3.0068348242620195,0.7543680026232586,0.5978848812130104,0.5978892910719158,5.029120017488391
C5_satFanoutCaller_w3,?,f20off,LN,AS2,Activity,1,4.356126854149377,0.8828517358908191,0.8634770352543273,0.8667012247597837,5.044867062233252
C5_satFanoutCaller_w3,?,f20off,LN,AS3,Activity,1,22.58127533339749,0.9992098388620191,4.519826457896946,4.5127927850531275,4.996049194310095
C5_satFanoutCaller_w3,?,f20off,LN,A0,Activity,1,36.53247330823058,0.0,7.273578184340163,0.0,5.0226274307306005
C5_satFanoutCaller_w4,?,f20off,LN,PR,Processor,1,NaN,0.0,NaN,NaN,NaN
C5_satFanoutCaller_w4,?,f20off,LN,PS1,Processor,1,NaN,0.669882049379065,NaN,NaN,NaN
C5_satFanoutCaller_w4,?,f20off,LN,PS2,Processor,1,NaN,0.7797232453150381,NaN,NaN,NaN
C5_satFanoutCaller_w4,?,f20off,LN,PS3,Processor,1,NaN,0.8936767383405736,NaN,NaN,NaN
C5_satFanoutCaller_w4,?,f20off,LN,PS4,Processor,1,NaN,0.9988484743978469,NaN,NaN,NaN
C5_satFanoutCaller_w4,?,f20off,LN,R,RefTask,1,31.209665703247843,0.0,NaN,0.0,4.457064056106957
C5_satFanoutCaller_w4,?,f20off,LN,TS1,Task,1,2.6794038132950635,0.669882049379065,NaN,0.5999721478830536,4.465880329193768
C5_satFanoutCaller_w4,?,f20off,LN,TS2,Task,1,3.2066439216344915,0.7797232453150381,NaN,0.7196946989303936,4.455561401800219
C5_satFanoutCaller_w4,?,f20off,LN,TS3,Task,1,4.603069298416888,0.8936767383405736,NaN,1.0301419072323872,4.4683836917028685
C5_satFanoutCaller_w4,?,f20off,LN,TS4,Task,1,20.70682446467442,0.9988484743978469,NaN,4.664406688272143,4.43932655287932
C5_satFanoutCaller_w4,?,f20off,LN,ER,Entry,1,31.209665703247843,NaN,7.002292385833034,NaN,4.457064056106957
C5_satFanoutCaller_w4,?,f20off,LN,ES1,Entry,1,2.6794038132950635,NaN,0.5999721478830536,NaN,4.465880329193768
C5_satFanoutCaller_w4,?,f20off,LN,ES2,Entry,1,3.2066439216344915,NaN,0.7196946989303936,NaN,4.455561401800219
C5_satFanoutCaller_w4,?,f20off,LN,ES3,Entry,1,4.603069298416888,NaN,1.0301419072323872,NaN,4.4683836917028685
C5_satFanoutCaller_w4,?,f20off,LN,ES4,Entry,1,20.70682446467442,NaN,4.664406688272143,NaN,4.43932655287932
C5_satFanoutCaller_w4,?,f20off,LN,AS1,Activity,1,2.679404514332056,0.669882049379065,0.5999723048592691,0.5999721478830536,4.465880329193767
C5_satFanoutCaller_w4,?,f20off,LN,AS2,Activity,1,3.2315164840645494,0.7797232453150381,0.7252770622258493,0.7196946989303936,4.455561401800218
C5_satFanoutCaller_w4,?,f20off,LN,AS3,Activity,1,4.598746788188126,0.8936767383405736,1.0291745529210758,1.0301419072323872,4.468383691702868
C5_satFanoutCaller_w4,?,f20off,LN,AS4,Activity,1,20.739266262374663,0.9988484743978469,4.671714507896092,4.664406688272143,4.4393265528793195
C5_satFanoutCaller_w4,?,f20off,LN,A0,Activity,1,37.449555403204016,0.0,8.402292390635843,0.0,4.457064056106958
C6_andForkPsHost,?,f20off,LN,PR,Processor,1,NaN,0.0,NaN,NaN,NaN
C6_andForkPsHost,?,f20off,LN,PS,Processor,1,NaN,0.9614988013287018,NaN,NaN,NaN
C6_andForkPsHost,?,f20off,LN,T1,RefTask,1,13.707602710325553,0.0,NaN,0.0,0.7407436983818113
C6_andForkPsHost,?,f20off,LN,T2,Task,1,17.754287920766238,0.9614988013287018,NaN,18.465125705313064,0.9615037668364048
C6_andForkPsHost,?,f20off,LN,E1,Entry,1,13.707602710325553,NaN,18.50518977113196,NaN,0.7407436983818113
C6_andForkPsHost,?,f20off,LN,E2,Entry,1,17.754287920766238,NaN,18.465125705313064,NaN,0.9615037668364048
C6_andForkPsHost,?,f20off,LN,A1,Activity,1,13.707602717732994,0.0,18.50518978113196,0.0,0.7407436983818115
C6_andForkPsHost,?,f20off,LN,A_fork,Activity,1,0.0,0.0,0.0,0.0,0.9615037668364049
C6_andForkPsHost,?,f20off,LN,A_p1,Activity,1,8.857883085283294,0.4807494006643509,9.212578396397921,9.232562852656532,0.9614988013287018
C6_andForkPsHost,?,f20off,LN,A_p2,Activity,1,8.857883085283294,0.4807494006643509,9.212578396397921,9.232562852656534,0.9614988013287018
C6_andForkPsHost,?,f20off,LN,A_join,Activity,1,0.0,0.0,0.0,0.0,0.9615037668364049
C7_deepChainMultiCall,?,f20off,LN,P1,Processor,1,NaN,0.0,NaN,NaN,NaN
C7_deepChainMultiCall,?,f20off,LN,P2,Processor,1,NaN,0.34699236431188596,NaN,NaN,NaN
C7_deepChainMultiCall,?,f20off,LN,P3,Processor,1,NaN,1.0000049000841456,NaN,NaN,NaN
C7_deepChainMultiCall,?,f20off,LN,T1,RefTask,1,101.26597566246726,0.0,NaN,0.0,1.7576031108405878
C7_deepChainMultiCall,?,f20off,LN,T2,Task,1,100.84241096960538,0.34699236431188596,NaN,0.3167555075280042,1.73496182155943
C7_deepChainMultiCall,?,f20off,LN,T3,Task,1,96.91229086685088,1.0000049000841456,NaN,29.07354479723934,3.3333496669471527
C7_deepChainMultiCall,?,f20off,LN,E1,Entry,1,101.26597566246726,NaN,57.61595154098014,NaN,1.7576031108405878
C7_deepChainMultiCall,?,f20off,LN,E2,Entry,1,100.84241096960538,NaN,58.1237060761173,NaN,1.73496182155943
C7_deepChainMultiCall,?,f20off,LN,E3,Entry,1,96.91229086685088,NaN,29.07354479723934,NaN,3.3333496669471527
C7_deepChainMultiCall,?,f20off,LN,A1,Activity,1,101.26597568586409,0.0,57.615951554291904,0.0,1.7576031108405885
C7_deepChainMultiCall,?,f20off,LN,A2,Activity,1,100.81997032951998,0.34699236431188596,58.11077170499367,0.3167555075280042,1.7349618215594296
C7_deepChainMultiCall,?,f20off,LN,A3,Activity,1,97.47919184244297,1.0000049000841456,29.24361425656231,29.07354479723934,3.3333496669471523
C7_deepChainAllExp,?,f20off,LN,P1,Processor,1,NaN,0.0,NaN,NaN,NaN
C7_deepChainAllExp,?,f20off,LN,P2,Processor,1,NaN,0.9962969036038597,NaN,NaN,NaN
C7_deepChainAllExp,?,f20off,LN,P3,Processor,1,NaN,0.9963824427137016,NaN,NaN,NaN
C7_deepChainAllExp,?,f20off,LN,P4,Processor,1,NaN,0.9990744510122505,NaN,NaN,NaN
C7_deepChainAllExp,?,f20off,LN,T1,RefTask,1,75.21951674241734,0.0,NaN,0.0,5.01669808330373
C7_deepChainAllExp,?,f20off,LN,T2,Task,1,75.21634896887358,0.9962969036038597,NaN,4.350845910805882,4.981484518019296
C7_deepChainAllExp,?,f20off,LN,T3,Task,1,53.82321670232835,0.9963824427137016,NaN,4.388815661309973,4.981912213568505
C7_deepChainAllExp,?,f20off,LN,T4,Task,1,32.13395148869049,0.9990744510122505,NaN,6.432744117544543,4.995372255061253
C7_deepChainAllExp,?,f20off,LN,E1,Entry,1,75.21951674241734,NaN,14.993829704992288,NaN,5.01669808330373
C7_deepChainAllExp,?,f20off,LN,E2,Entry,1,75.21634896887358,NaN,15.099183525874048,NaN,4.981484518019296
C7_deepChainAllExp,?,f20off,LN,E3,Entry,1,53.82321670232835,NaN,10.80372643976703,NaN,4.981912213568505
C7_deepChainAllExp,?,f20off,LN,E4,Entry,1,32.13395148869049,NaN,6.4327441175445434,NaN,4.995372255061253
C7_deepChainAllExp,?,f20off,LN,A1,Activity,1,75.21951679724096,0.0,14.99382971592051,0.0,5.016698083303732
C7_deepChainAllExp,?,f20off,LN,A2,Activity,1,75.36120920032819,0.9962969036038597,15.12826325721329,4.350845910805882,4.981484518019298
C7_deepChainAllExp,?,f20off,LN,A3,Activity,1,53.93893360428466,0.9963824427137016,10.826953846633238,4.388815661309973,4.981912213568507
C7_deepChainAllExp,?,f20off,LN,A4,Activity,1,32.22303554657072,0.9990744510122505,6.450577434729259,6.432744117544543,4.995372255061252
